event_id,pcode,year,type,adm1_raw,lat,lon,fatalities,attribution_method
15960,NG-BO,2009,1,Borno state,11.84644,13.160274,0.0,adm1_name
15970,NG-BO,2009,1,Borno state,11.84644,13.160274,203.0,adm1_name
17161,NG-YO,2009,1,Yobe state,12.0,11.5,12.0,adm1_name
17167,NG-YO,2009,1,Yobe state,11.7091,11.0694,1.0,adm1_name
15720,NG-BA,2009,1,Bauchi state,10.5,10.0,11.0,adm1_name
15733,NG-BA,2009,1,Bauchi state,10.313441,9.843273,42.0,adm1_name
13989,NG-YO,2009,1,Yobe state,12.0,11.5,0.0,adm1_name
13891,NG-BO,2009,1,Borno state,11.5,13.0,0.0,adm1_name
13900,NG-AD,2009,1,Adamawa state,9.333333,12.5,0.0,adm1_name
15964,NG-BO,2009,1,Borno state,11.84644,13.160274,0.0,adm1_name
16389,NG-KN,2009,1,Kano state,11.5,8.5,0.0,adm1_name
16411,NG-KN,2009,1,Kano state,11.810671,8.84505,3.0,adm1_name
17168,NG-YO,2009,1,Yobe state,11.7091,11.0694,43.0,adm1_name
15954,NG-BO,2009,1,Borno state,11.84644,13.160274,0.0,adm1_name
15958,NG-BO,2009,1,Borno state,11.84644,13.160274,90.0,adm1_name
17162,NG-YO,2010,1,Yobe state,12.0,11.5,0.0,adm1_name
15629,NG-KN,2010,1,,11.5,8.5,0.0,point_in_polygon
15972,NG-BO,2010,1,Borno state,11.84644,13.160274,3.0,adm1_name
15967,NG-BO,2010,1,Borno state,11.84644,13.160274,2.0,adm1_name
17165,NG-YO,2010,1,Yobe state,11.747,11.9608,0.0,adm1_name
15760,NG-BA,2010,1,Bauchi state,10.313441,9.843273,4.0,adm1_name
15742,NG-BA,2010,1,Bauchi state,10.313441,9.843273,2.0,adm1_name
15980,NG-BO,2010,1,Borno state,11.84644,13.160274,0.0,adm1_name
17166,NG-YO,2010,1,Yobe state,10.936778,11.684809,1.0,adm1_name
15957,NG-BO,2010,1,Borno state,11.84644,13.160274,0.0,adm1_name
15974,NG-BO,2010,1,Borno state,11.84644,13.160274,0.0,adm1_name
15965,NG-BO,2010,1,Borno state,11.84644,13.160274,0.0,adm1_name
15969,NG-BO,2010,1,Borno state,11.84644,13.160274,3.0,adm1_name
15961,NG-BO,2010,1,Borno state,11.84644,13.160274,0.0,adm1_name
15975,NG-BO,2010,1,Borno state,11.84644,13.160274,0.0,adm1_name
15981,NG-BO,2010,1,Borno state,11.84644,13.160274,3.0,adm1_name
42045,NG-BO,2011,1,Borno state,11.84644,13.160274,1.0,adm1_name
42046,NG-BO,2011,1,Borno state,11.84644,13.160274,1.0,adm1_name
42047,NG-BO,2011,1,Borno state,11.84644,13.160274,2.0,adm1_name
42048,NG-BO,2011,1,Borno state,11.84644,13.160274,1.0,adm1_name
42049,NG-BO,2011,1,Borno state,10.61285,12.19458,1.0,adm1_name
42050,NG-BO,2011,1,Borno state,11.84644,13.160274,1.0,adm1_name
42051,NG-BA,2011,1,Bauchi state,9.82542,9.5824,1.0,adm1_name
42053,NG-BO,2011,1,Borno state,11.84644,13.160274,1.0,adm1_name
42054,NG-BO,2011,1,Borno state,11.84644,13.160274,3.0,adm1_name
42055,NG-BO,2011,1,Borno state,11.84644,13.160274,1.0,adm1_name
42056,NG-BO,2011,1,Borno state,10.61285,12.19458,1.0,adm1_name
42057,NG-BA,2011,1,Bauchi state,10.99375,10.41179,0.0,adm1_name
42058,NG-BO,2011,1,Borno state,12.015044,13.832144,0.0,adm1_name
42059,NG-YO,2011,1,Yobe state,11.747,11.9608,5.0,adm1_name
42060,NG-BO,2011,1,Borno state,11.5,13.0,0.0,adm1_name
42061,NG-BO,2011,1,Borno state,11.5,13.0,0.0,adm1_name
42062,NG-BO,2011,1,Borno state,11.84644,13.160274,1.0,adm1_name
42052,NG-KD,2011,1,Kaduna state,10.52224,7.43828,2.0,adm1_name
42063,NG-BO,2011,1,Borno state,11.84644,13.160274,3.0,adm1_name
42064,NG-BO,2011,1,Borno state,11.84644,13.160274,1.0,adm1_name
42065,NG-BO,2011,1,Borno state,11.84644,13.160274,0.0,adm1_name
42066,NG-BO,2011,1,Borno state,11.84644,13.160274,0.0,adm1_name
42067,NG-BO,2011,1,Borno state,11.84644,13.160274,2.0,adm1_name
42068,NG-BO,2011,1,Borno state,11.84644,13.160274,4.0,adm1_name
42070,NG-BO,2011,1,Borno state,11.84644,13.160274,3.0,adm1_name
42069,NG-FC,2011,1,Federal Capital territory,9.218,7.408,3.0,adm1_name
42072,NG-BO,2011,1,Borno state,11.84644,13.160274,1.0,adm1_name
42074,NG-BO,2011,1,Borno state,11.15604,12.75758,4.0,adm1_name
42075,NG-BA,2011,1,Bauchi state,10.313441,9.843273,14.0,adm1_name
42076,NG-BO,2011,1,Borno state,11.84644,13.160274,3.0,adm1_name
42073,NG-FC,2011,1,Federal Capital territory,9.083333,7.533333,4.0,adm1_name
42077,NG-KT,2011,1,Katsina state,11.93114,7.41115,7.0,adm1_name
42079,NG-BO,2011,1,Borno state,11.84644,13.160274,1.0,adm1_name
42080,NG-BO,2011,1,Borno state,11.84644,13.160274,3.0,adm1_name
42081,NG-BO,2011,1,Borno state,11.84644,13.160274,0.0,adm1_name
42082,NG-BO,2011,1,Borno state,11.84644,13.160274,6.0,adm1_name
42084,NG-BA,2011,1,Bauchi state,10.313441,9.843273,0.0,adm1_name
42078,NG-BO,2011,1,Borno state,11.84644,13.160274,0.0,adm1_name
42085,NG-BA,2011,1,Bauchi state,10.26606,10.33529,2.0,adm1_name
42086,NG-BO,2011,1,Borno state,11.84644,13.160274,18.0,adm1_name
42087,NG-BO,2011,1,Borno state,11.84644,13.160274,3.0,adm1_name
42089,NG-BO,2011,1,Borno state,11.84644,13.160274,1.0,adm1_name
42090,NG-BO,2011,1,Borno state,11.84644,13.160274,1.0,adm1_name
42091,NG-BA,2011,1,Bauchi state,12.13379,10.53785,1.0,adm1_name
42088,NG-BO,2011,1,Borno state,11.84644,13.160274,0.0,adm1_name
42092,NG-SO,2011,1,Sokoto state,12.40592,4.64605,0.0,adm1_name
42093,NG-BO,2011,1,Borno state,11.84644,13.160274,4.0,adm1_name
42094,NG-AD,2011,1,Adamawa state,10.16138,12.7399,20.0,adm1_name
42095,NG-AD,2011,1,Adamawa state,9.580717,12.566246,1.0,adm1_name
42096,NG-BA,2011,1,Bauchi state,11.3137,10.46664,5.0,adm1_name
42097,NG-BO,2011,1,Borno state,11.84644,13.160274,0.0,adm1_name
42098,NG-BO,2011,1,Borno state,11.92543,13.60269,2.0,adm1_name
42099,NG-BO,2011,1,Borno state,11.84644,13.160274,0.0,adm1_name
42100,NG-BO,2011,1,Borno state,11.84644,13.160274,1.0,adm1_name
42102,NG-GO,2011,1,Gombe state,10.28969,11.16729,4.0,adm1_name
42103,NG-KD,2011,1,Kaduna state,10.41403,8.68279,1.0,adm1_name
42104,NG-YO,2011,1,Yobe state,11.747,11.9608,0.0,adm1_name
42105,NG-BO,2011,1,Borno state,11.84644,13.160274,0.0,adm1_name
42101,NG-YO,2011,1,Yobe state,11.747,11.9608,101.0,adm1_name
42083,NG-BO,2011,1,Borno state,11.84644,13.160274,1.0,adm1_name
42106,NG-BO,2011,1,Borno state,11.83022,12.63067,0.0,adm1_name
42107,NG-BO,2011,1,Borno state,11.84644,13.160274,3.0,adm1_name
42108,NG-YO,2011,1,Yobe state,12.897,11.9304,6.0,adm1_name
42110,NG-BO,2011,1,Borno state,11.84644,13.160274,0.0,adm1_name
42111,NG-BA,2011,1,Bauchi state,11.6765,10.1948,6.0,adm1_name
42112,NG-KN,2011,1,Kano state,11.994354,8.513807,7.0,adm1_name
42113,NG-SO,2011,1,Sokoto state,13.060925,5.239018,1.0,adm1_name
42114,NG-YO,2011,1,Yobe state,11.747,11.9608,19.0,adm1_name
42115,NG-YO,2011,1,Yobe state,11.7091,11.0694,7.0,adm1_name
42116,NG-BO,2011,1,Borno state,11.84644,13.160274,20.0,adm1_name
42117,NG-YO,2011,1,Yobe state,11.747,11.9608,4.0,adm1_name
42118,NG-PL,2011,1,Plateau state,9.916667,8.9,1.0,adm1_name
42120,NG-YO,2011,1,Yobe state,11.747,11.9608,4.0,adm1_name
41383,NG-JI,2012,1,Jigawa state,12.7907,10.23614,1.0,adm1_name
41315,NG-BO,2012,1,Borno state,11.84644,13.160274,4.0,adm1_name
41310,NG-YO,2012,1,Yobe state,11.7091,11.0694,2.0,adm1_name
41321,NG-BO,2012,1,Borno state,11.84644,13.160274,1.0,adm1_name
41309,NG-YO,2012,1,Yobe state,11.747,11.9608,1.0,adm1_name
41357,NG-BO,2012,1,Borno state,10.61285,12.19458,2.0,adm1_name
41384,NG-YO,2012,1,Yobe state,11.7091,11.0694,8.0,adm1_name
41385,NG-BO,2012,1,Borno state,11.84644,13.160274,0.0,adm1_name
41387,NG-AD,2012,1,Adamawa state,10.26761,13.26436,0.0,adm1_name
41358,NG-BO,2012,1,Borno state,11.84644,13.160274,2.0,adm1_name
41388,NG-KN,2012,1,Kano state,11.994354,8.513807,185.0,adm1_name
41389,NG-BO,2012,1,Borno state,11.84644,13.160274,4.0,adm1_name
41391,NG-BA,2012,1,Bauchi state,10.313441,9.843273,0.0,adm1_name
41392,NG-KN,2012,1,Kano state,11.994354,8.513807,1.0,adm1_name
41390,NG-KN,2012,1,Kano state,11.994354,8.513807,3.0,adm1_name
41398,NG-KN,2012,1,Kano state,11.994354,8.513807,1.0,adm1_name
41401,NG-BO,2012,1,Borno state,11.5,13.0,0.0,adm1_name
41400,NG-BO,2012,1,Borno state,11.84644,13.160274,11.0,adm1_name
41403,NG-KD,2012,1,Kaduna state,10.52224,7.43828,0.0,adm1_name
41402,NG-BO,2012,1,Borno state,11.84644,13.160274,0.0,adm1_name
41405,NG-KN,2012,1,Kano state,11.994354,8.513807,8.0,adm1_name
41406,NG-KD,2012,1,Kaduna state,10.52224,7.43828,3.0,adm1_name
41261,NG-KN,2012,1,Kano state,11.994354,8.513807,3.0,adm1_name
41410,NG-BO,2012,1,Borno state,11.84644,13.160274,4.0,adm1_name
41413,NG-BO,2012,1,Borno state,11.84644,13.160274,12.0,adm1_name
41408,NG-KD,2012,1,Kaduna state,10.333333,7.75,1.0,adm1_name
41415,NG-NI,2012,1,Niger state,9.61389,6.55694,2.0,adm1_name
41416,NG-KO,2012,1,Kogi state,8.0912,6.79782,1.0,adm1_name
41409,NG-YO,2012,1,Yobe state,12.0,11.5,1.0,adm1_name
41262,NG-KD,2012,1,Kaduna state,10.333333,7.75,1.0,adm1_name
41418,NG-BO,2012,1,Borno state,11.84644,13.160274,20.0,adm1_name
41419,NG-NI,2012,1,Niger state,9.05,6.56667,2.0,adm1_name
41422,NG-KN,2012,1,Kano state,11.994354,8.513807,4.0,adm1_name
41425,NG-GO,2012,1,Gombe state,10.28969,11.16729,12.0,adm1_name
41420,NG-KD,2012,1,Kaduna state,10.52224,7.43828,0.0,adm1_name
41423,NG-AD,2012,1,Adamawa state,10.85219,13.54889,3.0,adm1_name
41427,NG-BA,2012,1,Bauchi state,11.6698,9.928,3.0,adm1_name
41421,NG-AD,2012,1,Adamawa state,9.416667,12.133333,0.0,adm1_name
41432,NG-BO,2012,1,Borno state,11.84644,13.160274,4.0,adm1_name
41297,NG-BO,2012,1,Borno state,11.84644,13.160274,1.0,adm1_name
41433,NG-BO,2012,1,Borno state,11.84644,13.160274,0.0,adm1_name
41431,NG-BO,2012,1,Borno state,11.84644,13.160274,3.0,adm1_name
41314,NG-GO,2012,1,Gombe state,10.83342,11.51179,0.0,adm1_name
41330,NG-BO,2012,1,Borno state,11.84644,13.160274,0.0,adm1_name
41347,NG-AD,2012,1,Adamawa state,9.333333,12.5,1.0,adm1_name
41435,NG-KN,2012,1,Kano state,11.994354,8.513807,2.0,adm1_name
41436,NG-BO,2012,1,Borno state,11.5221,13.68558,0.0,adm1_name
41438,NG-AD,2012,1,Adamawa state,10.26761,13.26436,0.0,adm1_name
41437,NG-KN,2012,1,Kano state,11.994354,8.513807,3.0,adm1_name
41440,NG-KD,2012,1,Kaduna state,10.52224,7.43828,0.0,adm1_name
41442,NG-KN,2012,1,Kano state,11.994354,8.513807,0.0,adm1_name
41444,NG-KD,2012,1,Kaduna state,11.24338,8.40385,9.0,adm1_name
41443,NG-BO,2012,1,Borno state,11.84644,13.160274,1.0,adm1_name
41446,NG-BO,2012,1,Borno state,11.84644,13.160274,6.0,adm1_name
41447,NG-KN,2012,1,Kano state,11.994354,8.513807,2.0,adm1_name
41450,NG-KN,2012,1,Kano state,11.994354,8.513807,3.0,adm1_name
41451,NG-BO,2012,1,Borno state,11.84644,13.160274,2.0,adm1_name
41448,NG-YO,2012,1,Yobe state,11.6775,11.334444,4.0,adm1_name
41349,NG-BO,2012,1,Borno state,11.84644,13.160274,0.0,adm1_name
41454,NG-BO,2012,1,Borno state,10.64697,12.91104,0.0,adm1_name
41452,NG-KO,2012,1,Kogi state,7.55,6.233333,11.0,adm1_name
41453,NG-YO,2012,1,Yobe state,12.0,11.5,0.0,adm1_name
41455,NG-KD,2012,1,Kaduna state,10.52224,7.43828,1.0,adm1_name
41369,NG-BO,2012,1,Borno state,11.84644,13.160274,2.0,adm1_name
41456,NG-BO,2012,1,Borno state,11.84644,13.160274,1.0,adm1_name
41457,NG-KN,2012,1,Kano state,11.994354,8.513807,0.0,adm1_name
41458,NG-BO,2012,1,Borno state,11.84644,13.160274,3.0,adm1_name
41460,NG-YO,2012,1,Yobe state,11.7091,11.0694,1.0,adm1_name
41461,NG-BO,2012,1,Borno state,12.03609,13.91815,5.0,adm1_name
41462,NG-BO,2012,1,Borno state,11.255863,14.152438,0.0,adm1_name
41459,NG-BO,2012,1,Borno state,11.84644,13.160274,6.0,adm1_name
41465,NG-BO,2012,1,Borno state,11.84644,13.160274,1.0,adm1_name
41466,NG-YO,2012,1,Yobe state,11.747,11.9608,0.0,adm1_name
41467,NG-BO,2012,1,Borno state,11.84644,13.160274,0.0,adm1_name
41468,NG-BO,2012,1,Borno state,11.84644,13.160274,0.0,adm1_name
41469,NG-BO,2012,1,Borno state,10.61285,12.19458,5.0,adm1_name
41464,NG-BO,2012,1,Borno state,11.84644,13.160274,2.0,adm1_name
41472,NG-BO,2012,1,Borno state,11.84644,13.160274,0.0,adm1_name
41473,NG-BO,2012,1,Borno state,11.84644,13.160274,0.0,adm1_name
41474,NG-YO,2012,1,Yobe state,11.747,11.9608,0.0,adm1_name
41470,NG-KN,2012,1,Kano state,11.994354,8.513807,0.0,adm1_name
41476,NG-TA,2012,1,Taraba state,8.88333,11.36667,0.0,adm1_name
41477,NG-KN,2012,1,Kano state,11.994354,8.513807,1.0,adm1_name
41471,NG-BO,2012,1,Borno state,11.3548,14.21296,2.0,adm1_name
41481,NG-BO,2012,1,Borno state,11.84644,13.160274,3.0,adm1_name
41482,NG-KN,2012,1,Kano state,11.994354,8.513807,0.0,adm1_name
41483,NG-BO,2012,1,Borno state,11.84644,13.160274,1.0,adm1_name
41484,NG-BO,2012,1,Borno state,11.84644,13.160274,1.0,adm1_name
41486,NG-BO,2012,1,Borno state,11.92543,13.60269,0.0,adm1_name
41487,NG-KD,2012,1,Kaduna state,10.52224,7.43828,0.0,adm1_name
41488,NG-BO,2012,1,Borno state,11.84644,13.160274,2.0,adm1_name
41489,NG-BO,2012,1,Borno state,11.84644,13.160274,0.0,adm1_name
41490,NG-BO,2012,1,Borno state,11.84644,13.160274,1.0,adm1_name
41496,NG-BO,2012,1,Borno state,11.84644,13.160274,1.0,adm1_name
41497,NG-BO,2012,1,Borno state,11.84644,13.160274,0.0,adm1_name
41500,NG-YO,2012,1,Yobe state,11.7091,11.0694,0.0,adm1_name
41501,NG-KN,2012,1,Kano state,11.994354,8.513807,0.0,adm1_name
41498,NG-YO,2012,1,Yobe state,11.747,11.9608,40.0,adm1_name
41502,NG-KN,2012,1,Kano state,11.994354,8.513807,0.0,adm1_name
41504,NG-YO,2012,1,Yobe state,11.747,11.9608,1.0,adm1_name
41505,NG-YO,2012,1,Yobe state,11.747,11.9608,0.0,adm1_name
41506,NG-TA,2012,1,Taraba state,7.85,9.783333,5.0,adm1_name
41507,NG-KN,2012,1,Kano state,11.994354,8.513807,0.0,adm1_name
41508,NG-YO,2012,1,Yobe state,11.747,11.9608,4.0,adm1_name
41509,NG-YO,2012,1,Yobe state,11.747,11.9608,7.0,adm1_name
41514,NG-AD,2012,1,Adamawa state,10.79942,13.4622,3.0,adm1_name
41515,NG-YO,2012,1,Yobe state,11.747,11.9608,0.0,adm1_name
41516,NG-PL,2012,1,Plateau state,9.54969,8.9344,0.0,adm1_name
41517,NG-BO,2012,1,Borno state,11.84644,13.160274,5.0,adm1_name
41520,NG-BO,2012,1,Borno state,11.84644,13.160274,2.0,adm1_name
41521,NG-BO,2012,1,Borno state,12.499,12.7848,4.0,adm1_name
41499,NG-BA,2012,1,Bauchi state,10.25562,10.075269,3.0,adm1_name
41522,NG-BO,2012,1,Borno state,11.84644,13.160274,2.0,adm1_name
41523,NG-BO,2012,1,Borno state,11.84644,13.160274,2.0,adm1_name
41524,NG-KN,2012,1,Kano state,11.994354,8.513807,2.0,adm1_name
41526,NG-BO,2012,1,Borno state,11.84644,13.160274,0.0,adm1_name
41525,NG-YO,2012,1,Yobe state,11.747,11.9608,1.0,adm1_name
41518,NG-KN,2012,1,Kano state,11.994354,8.513807,0.0,adm1_name
41519,NG-KN,2012,1,Kano state,11.994354,8.513807,0.0,adm1_name
41527,NG-SO,2012,1,Sokoto state,13.060925,5.239018,4.0,adm1_name
41528,NG-BO,2012,1,Borno state,12.803918,13.840996,2.0,adm1_name
41529,NG-KD,2012,1,Kaduna state,11.082083,7.716097,1.0,adm1_name
41532,NG-GO,2012,1,Gombe state,10.25,11.166667,6.0,adm1_name
41533,NG-BO,2012,1,Borno state,11.84644,13.160274,1.0,adm1_name
41534,NG-YO,2012,1,Yobe state,11.747,11.9608,9.0,adm1_name
41493,NG-SO,2012,1,Sokoto state,13.060925,5.239018,7.0,adm1_name
41535,NG-KO,2012,1,Kogi state,7.55,6.233333,4.0,adm1_name
41536,NG-BO,2012,1,Borno state,11.84644,13.160274,20.0,adm1_name
41537,NG-BO,2012,1,Borno state,11.84644,13.160274,4.0,adm1_name
41538,NG-YO,2012,1,Yobe state,11.747,11.9608,2.0,adm1_name
41540,NG-YO,2012,1,Yobe state,11.747,11.9608,1.0,adm1_name
41541,NG-BO,2012,1,Borno state,11.84644,13.160274,0.0,adm1_name
41542,NG-YO,2012,1,Yobe state,12.871,11.0482,1.0,adm1_name
41548,NG-BO,2012,1,Borno state,11.84644,13.160274,1.0,adm1_name
41539,NG-YO,2012,1,Yobe state,11.747,11.9608,1.0,adm1_name
41263,NG-BO,2012,1,Borno state,11.84644,13.160274,7.0,adm1_name
41549,NG-BO,2012,1,Borno state,12.24421,13.8605,0.0,adm1_name
41550,NG-BO,2012,1,Borno state,11.84644,13.160274,7.0,adm1_name
41552,NG-YO,2012,1,Yobe state,11.747,11.9608,16.0,adm1_name
41551,NG-BO,2012,1,Borno state,11.84644,13.160274,7.0,adm1_name
41553,NG-BO,2012,1,Borno state,11.84644,13.160274,10.0,adm1_name
41554,NG-KN,2012,1,Kano state,11.994354,8.513807,0.0,adm1_name
41555,NG-KN,2012,1,Kano state,11.994354,8.513807,2.0,adm1_name
41556,NG-BO,2012,1,Borno state,11.5221,13.68558,1.0,adm1_name
41557,NG-BO,2012,1,Borno state,11.84644,13.160274,2.0,adm1_name
41559,NG-BO,2012,1,Borno state,11.84644,13.160274,4.0,adm1_name
41560,NG-YO,2012,1,Yobe state,11.747,11.9608,37.0,adm1_name
41561,NG-AD,2012,1,Adamawa state,10.26761,13.26436,1.0,adm1_name
41562,NG-KD,2012,1,Kaduna state,11.082083,7.716097,2.0,adm1_name
41567,NG-KD,2012,1,Kaduna state,10.98854,7.69622,1.0,adm1_name
41568,NG-YO,2012,1,Yobe state,11.747,11.9608,30.0,adm1_name
41564,NG-BO,2012,1,Borno state,11.84644,13.160274,3.0,adm1_name
41569,NG-BO,2012,1,Borno state,11.84644,13.160274,3.0,adm1_name
41570,NG-KN,2012,1,Kano state,11.994354,8.513807,0.0,adm1_name
41571,NG-BO,2012,1,Borno state,11.84644,13.160274,0.0,adm1_name
41573,NG-YO,2012,1,Yobe state,11.7091,11.0694,0.0,adm1_name
41574,NG-BO,2012,1,Borno state,11.84644,13.160274,4.0,adm1_name
41578,NG-BO,2012,1,Borno state,11.09826,12.76417,0.0,adm1_name
41577,NG-YO,2012,1,Yobe state,11.28674,11.30772,0.0,adm1_name
41579,NG-BA,2012,1,Bauchi state,11.6327,10.400012,0.0,adm1_name
41268,NG-YO,2012,1,Yobe state,12.871,11.0482,4.0,adm1_name
41581,NG-YO,2012,1,Yobe state,11.26889,11.99694,0.0,adm1_name
41584,NG-BO,2012,1,Borno state,11.84644,13.160274,11.0,adm1_name
41582,NG-YO,2012,1,Yobe state,11.747,11.9608,35.0,adm1_name
41586,NG-BO,2012,1,Borno state,11.84644,13.160274,0.0,adm1_name
41587,NG-BO,2012,1,Borno state,12.04639,14.48093,5.0,adm1_name
41589,NG-BO,2012,1,Borno state,11.84644,13.160274,9.0,adm1_name
41590,NG-KD,2012,1,Kaduna state,10.8237,7.56889,30.0,adm1_name
41591,NG-BO,2012,1,Borno state,11.84644,13.160274,4.0,adm1_name
41592,NG-BO,2012,1,Borno state,12.28295,14.47243,5.0,adm1_name
41585,NG-BO,2012,1,Borno state,11.84644,13.160274,3.0,adm1_name
41593,NG-BO,2012,1,Borno state,12.37066,14.21731,0.0,adm1_name
41594,NG-BO,2012,1,Borno state,13.09771,12.4952,0.0,adm1_name
41595,NG-BO,2012,1,Borno state,11.84644,13.160274,0.0,adm1_name
41596,NG-BO,2012,1,Borno state,11.84644,13.160274,4.0,adm1_name
41597,NG-YO,2012,1,Yobe state,11.7091,11.0694,0.0,adm1_name
41588,NG-BO,2012,1,Borno state,11.84644,13.160274,0.0,adm1_name
41598,NG-YO,2012,1,Yobe state,11.7091,11.0694,15.0,adm1_name
41599,NG-KD,2012,1,Kaduna state,10.52224,7.43828,0.0,adm1_name
41600,NG-YO,2012,1,Yobe state,11.5032,11.9367,1.0,adm1_name
41601,NG-BO,2012,1,Borno state,11.84644,13.160274,0.0,adm1_name
41602,NG-YO,2012,1,Yobe state,11.7091,11.0694,5.0,adm1_name
41603,NG-AD,2012,1,Adamawa state,9.86975,13.2048,1.0,adm1_name
45681,NG-BO,2013,1,Borno state,11.84644,13.160274,14.0,adm1_name
45876,NG-BO,2013,1,Borno state,12.36532,13.8293,0.0,adm1_name
64622,NG-YO,2013,1,Yobe state,11.7268,11.0954,5.0,adm1_name
45881,NG-BO,2013,1,Borno state,11.84644,13.160274,0.0,adm1_name
45885,NG-KN,2013,1,Kano state,11.994354,8.513807,0.0,adm1_name
45890,NG-KN,2013,1,Kano state,11.994354,8.513807,0.0,adm1_name
45893,NG-GO,2013,1,Gombe state,10.28969,11.16729,0.0,adm1_name
45894,NG-BO,2013,1,Borno state,11.15604,12.75758,0.0,adm1_name
45897,NG-BO,2013,1,Borno state,11.84644,13.160274,0.0,adm1_name
64619,NG-BO,2013,1,Borno state,11.84644,13.160274,2.0,adm1_name
45909,NG-BO,2013,1,Borno state,11.25,13.416667,9.0,adm1_name
45910,NG-BO,2013,1,Borno state,11.09826,12.76417,9.0,adm1_name
45906,NG-KN,2013,1,Kano state,11.6967,8.53993,0.0,adm1_name
45947,NG-BO,2013,1,Borno state,11.5221,13.68558,0.0,adm1_name
45950,NG-BO,2013,1,Borno state,11.84644,13.160274,2.0,adm1_name
64320,NG-KN,2013,1,Kano state,11.994354,8.513807,2.0,adm1_name
45953,NG-BO,2013,1,Borno state,11.84644,13.160274,3.0,adm1_name
64321,NG-BO,2013,1,Borno state,11.84644,13.160274,0.0,adm1_name
64615,NG-BO,2013,1,Borno state,11.84644,13.160274,15.0,adm1_name
45965,NG-BO,2013,1,Borno state,11.84644,13.160274,4.0,adm1_name
45990,NG-BO,2013,1,Borno state,11.84644,13.160274,32.0,adm1_name
45975,NG-BO,2013,1,Borno state,12.67863,13.60792,20.0,adm1_name
45977,NG-BO,2013,1,Borno state,11.103593,13.712982,10.0,adm1_name
45984,NG-BO,2013,1,Borno state,11.103593,13.712983,0.0,adm1_name
45988,NG-BO,2013,1,Borno state,11.84644,13.160274,22.0,adm1_name
64576,NG-BO,2013,1,Borno state,12.21532,14.18319,4.0,adm1_name
64575,NG-SO,2013,1,Sokoto state,13.03992,5.11946,3.0,adm1_name
46004,NG-BO,2013,1,Borno state,11.103593,13.712982,1.0,adm1_name
46014,NG-KN,2013,1,Kano state,11.994354,8.513807,0.0,adm1_name
46026,NG-BO,2013,1,Borno state,11.84644,13.160274,3.0,adm1_name
46040,NG-AD,2013,1,Adamawa state,8.433333,12.066667,0.0,adm1_name
46038,NG-KN,2013,1,Kano state,11.994354,8.513807,0.0,adm1_name
64569,NG-YO,2013,1,Yobe state,11.0,11.71667,1.0,adm1_name
47844,NG-YO,2013,1,Yobe state,12.897,11.9304,4.0,adm1_name
48358,NG-KN,2013,1,Kano state,11.994354,8.513807,15.0,adm1_name
48374,NG-KN,2013,1,Kano state,11.947017,8.555642,14.0,adm1_name
64568,NG-BO,2013,1,Borno state,11.84644,13.160274,3.0,adm1_name
48430,NG-YO,2013,1,Yobe state,12.1076,11.7539,9.0,adm1_name
48456,NG-KN,2013,1,Kano state,11.994354,8.513807,7.0,adm1_name
48465,NG-BO,2013,1,Borno state,13.09466,13.82343,183.0,adm1_name
48468,NG-YO,2013,1,Yobe state,12.871,11.0482,25.0,adm1_name
64560,NG-BO,2013,1,Borno state,11.5221,13.68558,17.0,adm1_name
64558,NG-BO,2013,1,Borno state,11.84644,13.160274,1.0,adm1_name
64555,NG-BO,2013,1,Borno state,11.226071,13.783778,1.0,adm1_name
48481,NG-BO,2013,1,Borno state,11.5221,13.68558,55.0,adm1_name
48515,NG-BO,2013,1,Borno state,11.5,13.0,3.0,adm1_name
163976,NG-AD,2013,1,Adamawa state,9.333333,12.5,3.0,adm1_name
163977,NG-YO,2013,1,Yobe state,12.0,11.5,3.0,adm1_name
48516,NG-KT,2013,1,Katsina state,13.03594,8.31631,0.0,adm1_name
48520,NG-BO,2013,1,Borno state,11.25,13.416667,21.0,adm1_name
48517,NG-BO,2013,1,Borno state,11.84644,13.160274,10.0,adm1_name
48518,NG-BO,2013,1,Borno state,11.25,13.416667,20.0,adm1_name
64545,NG-BO,2013,1,Borno state,11.84644,13.160274,1.0,adm1_name
51426,NG-BO,2013,1,Borno state,11.84644,13.160274,5.0,adm1_name
64535,NG-BO,2013,1,Borno state,11.84644,13.160274,2.0,adm1_name
64530,NG-BO,2013,1,Borno state,11.84644,13.160274,8.0,adm1_name
51435,NG-BO,2013,1,Borno state,11.84644,13.160274,5.0,adm1_name
64532,NG-BO,2013,1,Borno state,11.84644,13.160274,8.0,adm1_name
64527,NG-BO,2013,1,Borno state,11.103593,13.712983,1.0,adm1_name
64524,NG-YO,2013,1,Yobe state,11.567505,11.003941,1.0,adm1_name
51460,NG-BO,2013,1,Borno state,11.89912,13.29155,0.0,adm1_name
51461,NG-BO,2013,1,Borno state,11.89912,13.29155,0.0,adm1_name
51476,NG-TA,2013,1,Taraba state,9.3,11.2,0.0,adm1_name
51484,NG-BO,2013,1,Borno state,11.84644,13.160274,3.0,adm1_name
51471,NG-YO,2013,1,Yobe state,11.6708,11.4286,22.0,adm1_name
51482,NG-SO,2013,1,Sokoto state,13.060925,5.239018,1.0,adm1_name
51486,NG-JI,2013,1,Jigawa state,12.5594,10.5744,3.0,adm1_name
64504,NG-BO,2013,1,Borno state,11.89912,13.29155,0.0,adm1_name
65473,NG-BO,2013,1,Borno state,11.5221,13.68558,7.0,adm1_name
51593,NG-BO,2013,1,Borno state,11.5221,13.68558,24.0,adm1_name
51594,NG-BO,2013,1,Borno state,13.6734,13.3388,27.0,adm1_name
65483,NG-BO,2013,1,Borno state,12.37066,14.21731,20.0,adm1_name
64491,NG-YO,2013,1,Yobe state,11.48451,12.31264,0.0,adm1_name
60708,NG-AD,2013,1,Adamawa state,10.3498,13.40646,5.0,adm1_name
60707,NG-BO,2013,1,Borno state,11.65583,13.42133,4.0,adm1_name
60716,NG-GO,2013,1,Gombe state,10.28969,11.16729,7.0,adm1_name
60722,NG-BO,2013,1,Borno state,11.25,13.416667,6.0,adm1_name
60726,NG-BO,2013,1,Borno state,11.84644,13.160274,0.0,adm1_name
60724,NG-BO,2013,1,Borno state,11.103593,13.712982,9.0,adm1_name
61401,NG-AD,2013,1,Adamawa state,10.18948,12.52765,3.0,adm1_name
60737,NG-BO,2013,1,Borno state,11.58605,13.00278,50.0,adm1_name
60741,NG-BO,2013,1,Borno state,11.439891,12.945559,10.0,adm1_name
64323,NG-AD,2013,1,Adamawa state,10.14783,12.43245,0.0,adm1_name
60790,NG-BO,2013,1,Borno state,12.50884,13.10414,166.0,adm1_name
60793,NG-BO,2013,1,Borno state,12.459779,13.193997,0.0,adm1_name
60767,NG-BO,2013,1,Borno state,11.383731,13.864889,3.0,adm1_name
68258,NG-BO,2013,1,Borno state,12.499,12.7848,24.0,adm1_name
61398,NG-BO,2013,1,Borno state,11.8072,12.4909,2.0,adm1_name
61395,NG-YO,2013,1,Yobe state,11.26889,11.99694,11.0,adm1_name
64474,NG-KN,2013,1,Kano state,11.994354,8.513807,3.0,adm1_name
61437,NG-YO,2013,1,Yobe state,11.38333,11.96667,40.0,adm1_name
61439,NG-BO,2013,1,Borno state,11.5,13.0,0.0,adm1_name
61444,NG-BO,2013,1,Borno state,11.15604,12.75758,30.0,adm1_name
61446,NG-KN,2013,1,Kano state,12.022664,8.635522,1.0,adm1_name
45652,NG-BO,2013,1,Borno state,11.5221,13.68558,40.0,adm1_name
64436,NG-BO,2013,1,Borno state,11.5221,13.68558,2.0,adm1_name
61465,NG-BO,2013,1,Borno state,11.5,13.0,37.0,adm1_name
61470,NG-BO,2013,1,Borno state,11.51667,12.53333,40.0,adm1_name
61471,NG-BO,2013,1,Borno state,11.61294,12.520037,41.0,adm1_name
61472,NG-YO,2013,1,Yobe state,11.747,11.9608,35.0,adm1_name
61483,NG-BO,2013,1,Borno state,11.448477,13.759141,4.0,adm1_name
61486,NG-BA,2013,1,Bauchi state,11.06228,9.20491,1.0,adm1_name
61485,NG-BO,2013,1,Borno state,11.64518,12.45165,40.0,adm1_name
64425,NG-YO,2013,1,Yobe state,11.747,11.9608,1.0,adm1_name
62212,NG-BO,2013,1,Borno state,11.52059,14.09661,7.0,adm1_name
62216,NG-KN,2013,1,Kano state,11.994354,8.513807,7.0,adm1_name
62227,NG-BO,2013,1,Borno state,11.09826,12.76417,9.0,adm1_name
62232,NG-BO,2013,1,Borno state,11.16667,13.41667,21.0,adm1_name
62237,NG-GO,2013,1,Gombe state,10.54301,11.02546,4.0,adm1_name
62238,NG-KN,2013,1,Kano state,12.090556,8.496667,2.0,adm1_name
64339,NG-BA,2013,1,Bauchi state,10.313441,9.843273,0.0,adm1_name
62253,NG-BO,2013,1,Borno state,11.16667,13.41667,40.0,adm1_name
62261,NG-BO,2013,1,Borno state,11.84644,13.160274,44.0,adm1_name
64349,NG-BO,2013,1,Borno state,11.42987,14.32478,25.0,adm1_name
64391,NG-BO,2013,1,Borno state,11.103593,13.712982,8.0,adm1_name
64392,NG-BO,2013,1,Borno state,11.83022,12.63067,1.0,adm1_name
64393,NG-BO,2013,1,Borno state,11.58605,13.00278,1.0,adm1_name
64366,NG-AD,2013,1,Adamawa state,10.31389,13.26453,14.0,adm1_name
64314,NG-BO,2013,1,Borno state,11.5221,13.68558,75.0,adm1_name
64385,NG-BO,2013,1,Borno state,11.5221,13.68558,56.0,adm1_name
64388,NG-BO,2013,1,Borno state,13.151034,13.964249,7.0,adm1_name
128832,NG-BO,2014,1,Borno state,11.691757,13.222078,2.0,adm1_name
128839,NG-BO,2014,1,Borno state,11.15604,12.75758,39.0,adm1_name
128846,NG-BO,2014,1,Borno state,11.84644,13.160274,19.0,adm1_name
128856,NG-BO,2014,1,Borno state,11.255863,14.152438,9.0,adm1_name
129124,NG-BO,2014,1,Borno state,11.5,13.0,4.0,adm1_name
128922,NG-AD,2014,1,Adamawa state,10.85219,13.54889,9.0,adm1_name
128926,NG-BO,2014,1,Borno state,10.90484,12.08863,1.0,adm1_name
128931,NG-BO,2014,1,Borno state,11.5221,13.68558,76.0,adm1_name
147331,NG-KD,2014,1,Kaduna state,10.781,7.504,1.0,adm1_name
129099,NG-AD,2014,1,,10.398982,12.62753,0.0,point_in_polygon
129104,NG-BO,2014,1,Borno state,10.85601,13.28069,4.0,adm1_name
129105,NG-BO,2014,1,Borno state,10.88333,13.31667,3.0,adm1_name
129106,NG-BO,2014,1,Borno state,11.83022,12.63067,2.0,adm1_name
129107,NG-BO,2014,1,Borno state,11.5,13.0,2.0,adm1_name
129108,NG-AD,2014,1,Adamawa state,9.333333,12.5,20.0,adm1_name
129118,NG-BO,2014,1,Borno state,11.925833,13.605556,20.0,adm1_name
147345,NG-AD,2014,1,Adamawa state,10.18948,12.52765,0.0,adm1_name
147348,NG-BO,2014,1,Borno state,11.103593,13.712983,5.0,adm1_name
129185,NG-BO,2014,1,Borno state,11.84644,13.160274,649.0,adm1_name
129187,NG-BO,2014,1,Borno state,11.84644,13.160274,40.0,adm1_name
129189,NG-YO,2014,1,Yobe state,11.48451,12.31264,9.0,adm1_name
147349,NG-BO,2014,1,Borno state,11.724167,13.284722,12.0,adm1_name
147355,NG-BO,2014,1,Borno state,11.16667,13.41667,30.0,adm1_name
129192,NG-BO,2014,1,Borno state,11.691757,13.222078,10.0,adm1_name
129199,NG-BO,2014,1,Borno state,11.25,13.416667,3.0,adm1_name
129200,NG-AD,2014,1,Adamawa state,10.170877,13.385249,3.0,adm1_name
129201,NG-BO,2014,1,Borno state,11.5,13.0,3.0,adm1_name
129202,NG-BO,2014,1,Borno state,11.5,13.0,3.0,adm1_name
129203,NG-BO,2014,1,Borno state,11.5,13.0,3.0,adm1_name
129204,NG-BO,2014,1,Borno state,11.5,13.0,2.0,adm1_name
129205,NG-BO,2014,1,Borno state,11.47342,13.37837,2.0,adm1_name
129197,NG-BO,2014,1,Borno state,11.84644,13.160274,8.0,adm1_name
147749,NG-AD,2014,1,Adamawa state,9.2,12.48333,4.0,adm1_name
140576,NG-BO,2014,1,Borno state,11.25,13.416667,102.0,adm1_name
140578,NG-BO,2014,1,Borno state,11.5,13.0,2.0,adm1_name
140579,NG-BO,2014,1,Borno state,11.25,13.416667,1.0,adm1_name
140577,NG-BO,2014,1,Borno state,11.84644,13.160274,21.0,adm1_name
140597,NG-BO,2014,1,Borno state,11.226071,13.783778,15.0,adm1_name
140598,NG-BO,2014,1,Borno state,11.103593,13.712983,15.0,adm1_name
140599,NG-BO,2014,1,Borno state,11.17255,13.76114,15.0,adm1_name
140600,NG-JI,2014,1,Jigawa state,11.27727,9.88385,8.0,adm1_name
140651,NG-BO,2014,1,Borno state,10.86583,12.84702,2.0,adm1_name
147979,NG-YO,2014,1,Yobe state,11.6775,11.334444,1.0,adm1_name
140676,NG-BO,2014,1,Borno state,11.3885,12.9074,45.0,adm1_name
140727,NG-BO,2014,1,Borno state,11.103593,13.712983,19.0,adm1_name
201583,NG-BO,2014,1,Borno state,12.37066,14.21731,17.0,adm1_name
203005,NG-JI,2014,1,Jigawa state,11.1858,9.9686,3.0,adm1_name
142173,NG-BO,2014,1,Borno state,10.86583,12.84702,15.0,adm1_name
142174,NG-JI,2014,1,Jigawa state,11.1858,9.9686,60.0,adm1_name
142180,NG-AD,2014,1,Adamawa state,10.85219,13.54889,97.0,adm1_name
142331,NG-KT,2014,1,Katsina state,12.99082,7.60177,2.0,adm1_name
148063,NG-BO,2014,1,Borno state,11.643296,13.675719,15.0,adm1_name
142337,NG-PL,2014,1,Plateau state,8.423006,9.73469,0.0,adm1_name
142340,NG-YO,2014,1,Yobe state,11.26889,11.99694,45.0,adm1_name
142361,NG-BO,2014,1,Borno state,10.90484,12.08863,4.0,adm1_name
142362,NG-BO,2014,1,Borno state,11.572354,13.536488,5.0,adm1_name
149260,NG-AD,2014,1,Adamawa state,10.85219,13.54889,1.0,adm1_name
149261,NG-BO,2014,1,Borno state,11.83022,12.63067,0.0,adm1_name
142947,NG-BO,2014,1,Borno state,11.16667,13.41667,50.0,adm1_name
142945,NG-GO,2014,1,Gombe state,10.28969,11.16729,2.0,adm1_name
142968,NG-BO,2014,1,Borno state,11.5,13.0,10.0,adm1_name
143000,NG-BA,2014,1,,10.224514,9.490773,1.0,point_in_polygon
142996,NG-BO,2014,1,Borno state,11.103593,13.712982,4.0,adm1_name
143363,NG-BO,2014,1,Borno state,10.83642,12.7705,46.0,adm1_name
190783,NG-BO,2014,1,Borno state,10.868515,12.708618,24.0,adm1_name
143380,NG-BO,2014,1,Borno state,11.3885,12.9074,16.0,adm1_name
143388,NG-BO,2014,1,Borno state,11.52059,14.09661,55.0,adm1_name
143404,NG-YO,2014,1,Yobe state,11.48451,12.31264,9.0,adm1_name
143413,NG-BO,2014,1,Borno state,10.21617,12.06198,1.0,adm1_name
143434,NG-BO,2014,1,Borno state,11.15604,12.75758,72.0,adm1_name
163689,NG-BO,2014,1,Borno state,12.42499,13.9373,22.0,adm1_name
143681,NG-BO,2014,1,Borno state,11.5,13.0,5.0,adm1_name
143697,NG-BO,2014,1,Borno state,12.42499,13.9373,22.0,adm1_name
143699,NG-BO,2014,1,Borno state,11.52059,14.09661,1.0,adm1_name
143701,NG-KD,2014,1,Kaduna state,10.52224,7.43828,1.0,adm1_name
143683,NG-BO,2014,1,Borno state,12.42499,13.9373,5.0,adm1_name
143890,NG-BO,2014,1,Borno state,11.65822,13.03365,43.0,adm1_name
143894,NG-BO,2014,1,Borno state,10.74025,13.21742,6.0,adm1_name
149295,NG-BO,2014,1,Borno state,11.46991,13.75786,11.0,adm1_name
144049,NG-AD,2014,1,Adamawa state,10.41452,12.56634,7.0,adm1_name
144539,NG-BO,2014,1,Borno state,11.5,13.0,14.0,adm1_name
201656,NG-BO,2014,1,Borno state,11.103593,13.712982,2.0,adm1_name
149297,NG-BO,2014,1,Borno state,10.98267,13.66066,5.0,adm1_name
144088,NG-BO,2014,1,Borno state,11.103593,13.712982,30.0,adm1_name
144092,NG-BO,2014,1,Borno state,11.15604,12.75758,29.0,adm1_name
144170,NG-BO,2014,1,Borno state,11.226071,13.783778,15.0,adm1_name
144171,NG-BO,2014,1,Borno state,11.483371,13.72786,65.0,adm1_name
144172,NG-BO,2014,1,Borno state,11.448477,13.759141,4.0,adm1_name
149298,NG-BO,2014,1,Borno state,12.96309,13.60899,32.0,adm1_name
149299,NG-BO,2014,1,Borno state,10.98267,13.66066,40.0,adm1_name
144183,NG-BO,2014,1,Borno state,12.37066,14.21731,15.0,adm1_name
144193,NG-BO,2014,1,Borno state,12.37066,14.21731,3.0,adm1_name
144212,NG-BA,2014,1,Bauchi state,10.08023,9.16124,0.0,adm1_name
144197,NG-BO,2014,1,Borno state,11.5221,13.68558,3.0,adm1_name
144214,NG-BO,2014,1,Borno state,11.255863,14.152438,5.0,adm1_name
144223,NG-BO,2014,1,Borno state,11.572354,13.536488,50.0,adm1_name
144252,NG-BO,2014,1,Borno state,10.90484,12.08863,23.0,adm1_name
144245,NG-AD,2014,1,Adamawa state,10.56617,13.31976,27.0,adm1_name
149324,NG-AD,2014,1,Adamawa state,10.26761,13.26436,40.0,adm1_name
144260,NG-AD,2014,1,Adamawa state,10.56617,13.31976,3.0,adm1_name
144262,NG-AD,2014,1,Adamawa state,10.343242,13.321153,40.0,adm1_name
144542,NG-BO,2014,1,Borno state,11.8826,13.3434,3.0,adm1_name
144391,NG-BO,2014,1,Borno state,11.65583,13.42133,100.0,adm1_name
144544,NG-AD,2014,1,Adamawa state,10.56617,13.31976,19.0,adm1_name
144547,NG-BO,2014,1,Borno state,11.65583,13.42133,63.0,adm1_name
144567,NG-BO,2014,1,Borno state,11.8072,12.4909,1.0,adm1_name
144557,NG-BO,2014,1,Borno state,11.7593,12.2561,15.0,adm1_name
144600,NG-BO,2014,1,Borno state,11.83022,12.63067,48.0,adm1_name
144690,NG-BO,2014,1,Borno state,11.65583,13.42133,2.0,adm1_name
144691,NG-BO,2014,1,Borno state,11.65583,13.42133,3.0,adm1_name
144686,NG-BO,2014,1,Borno state,11.8072,12.4909,5.0,adm1_name
156250,NG-BO,2014,1,Borno state,11.3885,12.9074,3.0,adm1_name
155186,NG-YO,2014,1,Yobe state,11.26889,11.99694,3.0,adm1_name
155201,NG-AD,2014,1,Adamawa state,10.343242,13.321153,185.0,adm1_name
155202,NG-AD,2014,1,Adamawa state,10.56617,13.31976,185.0,adm1_name
155203,NG-AD,2014,1,Adamawa state,10.88942,13.62832,50.0,adm1_name
155204,NG-AD,2014,1,Adamawa state,10.61592,13.3849,50.0,adm1_name
155572,NG-FC,2014,1,Federal Capital territory,9.083333,7.533333,2.0,adm1_name
155599,NG-BO,2014,1,Borno state,11.15604,12.75758,25.0,adm1_name
155613,NG-BO,2014,1,Borno state,11.15604,12.75758,1.0,adm1_name
156253,NG-BO,2014,1,Borno state,13.6169,13.26438,24.0,adm1_name
155677,NG-BO,2014,1,Borno state,12.92475,13.56617,2.0,adm1_name
155755,NG-BO,2014,1,Borno state,10.77813,12.23147,42.0,adm1_name
156290,NG-KO,2014,1,Kogi state,7.75,6.75,0.0,adm1_name
155769,NG-GO,2014,1,Gombe state,11.09596,11.33261,5.0,adm1_name
155772,NG-YO,2014,1,Yobe state,11.7091,11.0694,16.0,adm1_name
155774,NG-BO,2014,1,Borno state,13.6734,13.3388,24.0,adm1_name
155926,NG-AD,2014,1,Adamawa state,10.26761,13.26436,3.0,adm1_name
155985,NG-AD,2014,1,Adamawa state,10.1525,12.93849,12.0,adm1_name
155990,NG-AD,2014,1,Adamawa state,10.2317,12.93042,11.0,adm1_name
155991,NG-AD,2014,1,Adamawa state,10.16138,12.7399,11.0,adm1_name
155994,NG-BO,2014,1,Borno state,11.954357,13.34035,4.0,adm1_name
156298,NG-BO,2014,1,Borno state,13.09771,12.4952,5.0,adm1_name
156299,NG-AD,2014,1,Adamawa state,10.41452,12.56634,2.0,adm1_name
156011,NG-AD,2014,1,Adamawa state,10.312088,13.162663,35.0,adm1_name
156302,NG-EK,2014,1,Ekiti state,7.69704,5.31233,0.0,adm1_name
156169,NG-YO,2014,1,Yobe state,11.747,11.9608,150.0,adm1_name
156170,NG-BO,2014,1,Borno state,11.65583,13.42133,71.0,adm1_name
156203,NG-GO,2014,1,Gombe state,10.8509,11.43135,77.0,adm1_name
156204,NG-YO,2014,1,Yobe state,12.0,11.5,2.0,adm1_name
156205,NG-AD,2014,1,Adamawa state,10.40416,13.16873,7.0,adm1_name
156206,NG-BA,2014,1,Bauchi state,10.571603,9.279305,10.0,adm1_name
156207,NG-BA,2014,1,Bauchi state,11.16762,10.65399,10.0,adm1_name
156303,NG-AD,2014,1,Adamawa state,10.18948,12.52765,7.0,adm1_name
156218,NG-BO,2014,1,Borno state,11.3885,12.9074,75.0,adm1_name
156220,NG-BO,2014,1,Borno state,11.439891,12.945559,82.0,adm1_name
156223,NG-BO,2014,1,Borno state,11.65583,13.42133,3.0,adm1_name
156305,NG-YO,2014,1,Yobe state,11.6775,11.334444,0.0,adm1_name
156246,NG-GO,2014,1,Gombe state,11.0139,11.11622,1.0,adm1_name
188418,NG-BO,2015,1,Borno state,13.12111,13.86032,17.0,adm1_name
198390,NG-YO,2015,1,Yobe state,12.1076,11.7539,40.0,adm1_name
198393,NG-BO,2015,1,Borno state,11.603451,13.488365,3.0,adm1_name
190606,NG-YO,2015,1,Yobe state,11.747,11.9608,5.0,adm1_name
190607,NG-YO,2015,1,Yobe state,11.7091,11.0694,2.0,adm1_name
190608,NG-BO,2015,1,Borno state,10.45509,13.22233,10.0,adm1_name
190632,NG-BO,2015,1,Borno state,11.65583,13.42133,26.0,adm1_name
190643,NG-GO,2015,1,Gombe state,10.28969,11.16729,3.0,adm1_name
190650,NG-BO,2015,1,Borno state,10.61285,12.19458,41.0,adm1_name
190723,NG-BO,2015,1,Borno state,11.84644,13.160274,26.0,adm1_name
190720,NG-BO,2015,1,Borno state,11.65583,13.42133,27.0,adm1_name
190703,NG-BO,2015,1,Borno state,11.84644,13.160274,100.0,adm1_name
190704,NG-BO,2015,1,Borno state,11.65583,13.42133,3.0,adm1_name
198518,NG-BO,2015,1,Borno state,12.67863,13.60792,3.0,adm1_name
190721,NG-BO,2015,1,Borno state,12.67863,13.60792,3.0,adm1_name
212321,NG-BO,2015,1,Borno state,13.6169,13.26438,2.0,adm1_name
190745,NG-YO,2015,1,Yobe state,11.7091,11.0694,8.0,adm1_name
190753,NG-BO,2015,1,Borno state,11.84644,13.160274,354.0,adm1_name
190746,NG-BO,2015,1,Borno state,11.84644,13.160274,12.0,adm1_name
190748,NG-AD,2015,1,Adamawa state,10.61592,13.3849,3.0,adm1_name
190749,NG-BO,2015,1,Borno state,11.755521,13.106469,51.0,adm1_name
190750,NG-BO,2015,1,Borno state,11.8826,13.3434,30.0,adm1_name
190754,NG-BO,2015,1,Borno state,11.84644,13.160274,3.0,adm1_name
193241,NG-BO,2015,1,Borno state,11.65822,13.03365,50.0,adm1_name
190756,NG-BO,2015,1,Borno state,11.84644,13.160274,24.0,adm1_name
193242,NG-BO,2015,1,Borno state,12.37066,14.21731,209.0,adm1_name
193249,NG-BO,2015,1,Borno state,13.6734,13.3388,1.0,adm1_name
193282,NG-BO,2015,1,Borno state,11.15604,12.75758,82.0,adm1_name
193290,NG-YO,2015,1,Yobe state,13.09969,12.1079,8.0,adm1_name
193284,NG-BO,2015,1,Borno state,12.37066,14.21731,14.0,adm1_name
193302,NG-KN,2015,1,Kano state,11.528,8.66108,1.0,adm1_name
193312,NG-BO,2015,1,Borno state,12.00302,12.95289,28.0,adm1_name
193313,NG-BO,2015,1,Borno state,12.21285,13.10789,27.0,adm1_name
193314,NG-BO,2015,1,Borno state,12.25795,13.10964,27.0,adm1_name
193315,NG-BO,2015,1,Borno state,12.252155,13.105596,27.0,adm1_name
193316,NG-BO,2015,1,Borno state,12.49303,13.20914,27.0,adm1_name
193317,NG-BO,2015,1,Borno state,12.59118,13.20762,27.0,adm1_name
193318,NG-BO,2015,1,Borno state,12.576,13.41361,27.0,adm1_name
193319,NG-BO,2015,1,Borno state,11.5,13.0,84.0,adm1_name
193309,NG-BO,2015,1,Borno state,12.67863,13.60792,28.0,adm1_name
193308,NG-BO,2015,1,Borno state,12.03609,13.91815,119.0,adm1_name
198544,NG-YO,2015,1,Yobe state,13.09969,12.1079,2.0,adm1_name
198595,NG-BO,2015,1,Borno state,10.86583,12.84702,12.0,adm1_name
193320,NG-BO,2015,1,Borno state,11.103593,13.712982,3.0,adm1_name
193321,NG-BO,2015,1,Borno state,11.25,13.416667,117.0,adm1_name
193323,NG-BO,2015,1,Borno state,13.09466,13.82343,3.0,adm1_name
193378,NG-BO,2015,1,Borno state,12.37066,14.21731,208.0,adm1_name
193393,NG-BO,2015,1,Borno state,12.37066,14.21731,40.0,adm1_name
193383,NG-BO,2015,1,Borno state,10.61285,12.19458,1.0,adm1_name
193412,NG-YO,2015,1,Yobe state,11.0,11.71667,3.0,adm1_name
193413,NG-AD,2015,1,Adamawa state,10.79942,13.4622,2.0,adm1_name
198609,NG-BO,2015,1,Borno state,11.83022,12.63067,5.0,adm1_name
193420,NG-BO,2015,1,Borno state,11.65583,13.42133,74.0,adm1_name
193415,NG-BO,2015,1,Borno state,12.03609,13.91815,101.0,adm1_name
193585,NG-YO,2015,1,Yobe state,11.26889,11.99694,4.0,adm1_name
193441,NG-BO,2015,1,Borno state,13.09771,12.4952,158.0,adm1_name
193442,NG-BO,2015,1,Borno state,13.6734,13.3388,157.0,adm1_name
193444,NG-BO,2015,1,Borno state,11.8072,12.4909,5.0,adm1_name
193496,NG-BO,2015,1,Borno state,11.5221,13.68558,6.0,adm1_name
193491,NG-AD,2015,1,Adamawa state,10.16138,12.7399,20.0,adm1_name
227158,NG-BO,2016,1,Borno state,11.52059,14.09661,1.0,adm1_name
231176,NG-BO,2016,1,Borno state,11.25,13.416667,3.0,adm1_name
231207,NG-BO,2016,1,Borno state,11.32643,13.96658,2.0,adm1_name
235037,NG-BO,2016,1,Borno state,11.25,13.416667,12.0,adm1_name
235038,NG-BO,2016,1,Borno state,11.52059,14.09661,4.0,adm1_name
231717,NG-BO,2016,1,Borno state,12.03609,13.91815,1.0,adm1_name
231156,NG-BO,2016,1,Borno state,11.58605,13.00278,0.0,adm1_name
234786,NG-BO,2016,1,Borno state,11.383731,13.864889,5.0,adm1_name
231765,NG-BO,2016,1,Borno state,11.21673,13.45574,9.0,adm1_name
231885,NG-BO,2016,1,Borno state,11.25,13.416667,2.0,adm1_name
231769,NG-BO,2016,1,Borno state,11.103593,13.712982,2.0,adm1_name
235046,NG-BO,2016,1,Borno state,11.226071,13.783778,2.0,adm1_name
236957,NG-BO,2016,1,Borno state,13.36901,12.78577,16.0,adm1_name
231963,NG-BO,2016,1,Borno state,11.84644,13.160274,1.0,adm1_name
232107,NG-BO,2016,1,Borno state,11.10682,13.50868,6.0,adm1_name
234783,NG-BO,2016,1,Borno state,11.103593,13.712983,9.0,adm1_name
234415,NG-BO,2016,1,Borno state,10.8856,12.70429,2.0,adm1_name
232114,NG-BO,2016,1,Borno state,11.309954,14.187145,2.0,adm1_name
234834,NG-BO,2016,1,Borno state,11.439891,12.945559,3.0,adm1_name
232125,NG-BO,2016,1,Borno state,11.134345,13.387603,2.0,adm1_name
234849,NG-BO,2016,1,Borno state,11.45179,13.75936,2.0,adm1_name
232131,NG-BO,2016,1,Borno state,11.84644,13.160274,2.0,adm1_name
232133,NG-BO,2016,1,Borno state,11.5221,13.68558,11.0,adm1_name
232147,NG-BO,2016,1,Borno state,10.76891,13.14579,2.0,adm1_name
232148,NG-BO,2016,1,Borno state,11.46991,13.75786,20.0,adm1_name
234630,NG-BO,2016,1,Borno state,11.25,13.416667,19.0,adm1_name
234628,NG-BO,2016,1,Borno state,11.25,13.416667,1.0,adm1_name
234632,NG-BO,2016,1,Borno state,11.52059,14.09661,2.0,adm1_name
234639,NG-BO,2016,1,Borno state,10.98267,13.66066,2.0,adm1_name
234641,NG-BO,2016,1,Borno state,11.448477,13.759141,2.0,adm1_name
234651,NG-BO,2016,1,Borno state,11.646278,14.103572,16.0,adm1_name
234653,NG-BO,2016,1,Borno state,11.52059,14.09661,1.0,adm1_name
237272,NG-BO,2017,1,Borno state,11.646278,14.103572,4.0,adm1_name
236952,NG-BO,2017,1,Borno state,11.14164,13.77493,1.0,adm1_name
236666,NG-AD,2017,1,Adamawa state,10.79942,13.4622,3.0,adm1_name
236953,NG-BO,2017,1,Borno state,11.14164,13.77493,2.0,adm1_name
236963,NG-BO,2017,1,Borno state,11.925833,13.605556,55.0,adm1_name
237016,NG-BO,2017,1,Borno state,11.25,13.416667,1.0,adm1_name
237014,NG-BO,2017,1,Borno state,11.95701,13.90569,5.0,adm1_name
237015,NG-BO,2017,1,Borno state,11.771917,13.787394,8.0,adm1_name
240756,NG-BO,2017,1,Borno state,11.25,13.416667,10.0,adm1_name
237432,NG-BO,2017,1,Borno state,11.84644,13.160274,1.0,adm1_name
237231,NG-BO,2017,1,Borno state,12.28295,14.47243,14.0,adm1_name
237246,NG-BO,2017,1,Borno state,11.925833,13.605556,1.0,adm1_name
237270,NG-BO,2017,1,Borno state,11.305929,14.018955,2.0,adm1_name
237497,NG-BO,2017,1,Borno state,11.16667,13.41667,1.0,adm1_name
237499,NG-BO,2017,1,Borno state,10.992537,12.576223,1.0,adm1_name
237500,NG-BO,2017,1,Borno state,11.755521,13.106469,1.0,adm1_name
237253,NG-BO,2017,1,Borno state,11.255863,14.152438,1.0,adm1_name
237494,NG-BO,2017,1,Borno state,11.175034,13.793771,1.0,adm1_name
237495,NG-BO,2017,1,Borno state,11.37629,13.85394,13.0,adm1_name
237277,NG-BO,2017,1,Borno state,11.755521,13.106469,1.0,adm1_name
237280,NG-BO,2017,1,Borno state,11.97351,13.71187,38.0,adm1_name
237491,NG-BO,2017,1,Borno state,11.3548,14.21296,1.0,adm1_name
237286,NG-BO,2017,1,Borno state,11.103593,13.712983,40.0,adm1_name
237287,NG-BO,2017,1,Borno state,11.869642,13.253906,6.0,adm1_name
240777,NG-BO,2017,1,Borno state,11.03344,13.73641,24.0,adm1_name
237515,NG-BO,2017,1,Borno state,11.103593,13.712983,3.0,adm1_name
237516,NG-BO,2017,1,Borno state,11.226071,13.783778,3.0,adm1_name
237525,NG-BO,2017,1,Borno state,11.435861,13.792824,1.0,adm1_name
240778,NG-BO,2017,1,Borno state,11.52059,14.09661,30.0,adm1_name
240779,NG-BO,2017,1,Borno state,11.103593,13.712983,30.0,adm1_name
244915,NG-BO,2017,1,Borno state,11.466898,14.145625,1.0,adm1_name
237551,NG-BO,2017,1,Borno state,11.103593,13.712983,3.0,adm1_name
237560,NG-BO,2017,1,Borno state,11.896304,14.094273,2.0,adm1_name
237562,NG-BO,2017,1,Borno state,11.90069,14.02693,1.0,adm1_name
237374,NG-BO,2017,1,Borno state,11.84644,13.160274,2.0,adm1_name
237567,NG-BO,2017,1,Borno state,11.3548,14.21296,1.0,adm1_name
237379,NG-BO,2017,1,Borno state,12.2,14.48333,3.0,adm1_name
237381,NG-BO,2017,1,Borno state,12.2,14.5,3.0,adm1_name
237382,NG-BO,2017,1,Borno state,12.07872,14.45192,3.0,adm1_name
237383,NG-BO,2017,1,Borno state,12.044386,14.452477,3.0,adm1_name
237384,NG-BO,2017,1,Borno state,11.99572,14.44617,3.0,adm1_name
237385,NG-BO,2017,1,Borno state,12.04639,14.48093,3.0,adm1_name
237386,NG-BO,2017,1,Borno state,11.99351,14.45069,3.0,adm1_name
237387,NG-BO,2017,1,Borno state,11.9851,14.45458,3.0,adm1_name
237388,NG-BO,2017,1,Borno state,11.96713,14.46198,3.0,adm1_name
237389,NG-BO,2017,1,Borno state,11.9465,14.44154,3.0,adm1_name
237390,NG-BO,2017,1,Borno state,11.83214,14.49197,3.0,adm1_name
237391,NG-BO,2017,1,Borno state,11.81509,14.43586,3.0,adm1_name
237392,NG-BO,2017,1,Borno state,12.16667,14.48333,2.0,adm1_name
237393,NG-BO,2017,1,Borno state,11.89634,14.46772,2.0,adm1_name
237410,NG-BO,2017,1,Borno state,12.1131,12.8274,5.0,adm1_name
237568,NG-BO,2017,1,Borno state,11.46991,13.75786,4.0,adm1_name
237589,NG-BO,2017,1,Borno state,11.5,13.0,8.0,adm1_name
237573,NG-BO,2017,1,Borno state,11.925833,13.605556,2.0,adm1_name
237607,NG-BO,2017,1,Borno state,11.47342,13.37837,3.0,adm1_name
237610,NG-BO,2017,1,Borno state,11.910244,13.578966,2.0,adm1_name
237611,NG-BO,2017,1,Borno state,11.90069,14.02693,1.0,adm1_name
252055,NG-BO,2017,1,Borno state,11.9648,14.16666,5.0,adm1_name
237646,NG-BO,2017,1,Borno state,11.925833,13.605556,5.0,adm1_name
237651,NG-BO,2017,1,Borno state,11.84644,13.160274,2.0,adm1_name
237652,NG-BO,2017,1,Borno state,11.76002,13.26606,4.0,adm1_name
237655,NG-BO,2017,1,Borno state,12.04639,14.48093,6.0,adm1_name
237656,NG-BO,2017,1,Borno state,12.16667,14.48333,3.0,adm1_name
237657,NG-BO,2017,1,Borno state,12.07872,14.45192,3.0,adm1_name
237658,NG-BO,2017,1,Borno state,12.044386,14.452477,2.0,adm1_name
237659,NG-BO,2017,1,Borno state,11.99351,14.45069,2.0,adm1_name
237660,NG-BO,2017,1,Borno state,12.2,14.48333,2.0,adm1_name
237661,NG-BO,2017,1,Borno state,12.2,14.5,2.0,adm1_name
237662,NG-BO,2017,1,Borno state,11.96194,14.3475,2.0,adm1_name
237665,NG-BO,2017,1,Borno state,11.0262,13.57547,3.0,adm1_name
237670,NG-BO,2017,1,Borno state,11.032172,13.646672,3.0,adm1_name
237671,NG-BO,2017,1,Borno state,11.103593,13.712983,3.0,adm1_name
240784,NG-AD,2017,1,Adamawa state,10.88942,13.62832,24.0,adm1_name
237675,NG-BO,2017,1,Borno state,11.25,13.416667,22.0,adm1_name
237681,NG-BO,2017,1,Borno state,11.09826,12.76417,3.0,adm1_name
237680,NG-BO,2017,1,Borno state,11.870457,13.250751,3.0,adm1_name
238177,NG-BO,2017,1,Borno state,11.84644,13.160274,3.0,adm1_name
240786,NG-BO,2017,1,Borno state,11.25,13.416667,3.0,adm1_name
239662,NG-BO,2017,1,Borno state,11.8284,13.188047,3.0,adm1_name
241184,NG-BO,2017,1,Borno state,11.84644,13.160274,3.0,adm1_name
252058,NG-BO,2017,1,Borno state,11.16667,13.41667,1.0,adm1_name
239675,NG-BO,2017,1,Borno state,11.84644,13.160274,1.0,adm1_name
252059,NG-BO,2017,1,Borno state,11.84644,13.160274,3.0,adm1_name
238777,NG-BO,2017,1,Borno state,11.15604,12.75758,1.0,adm1_name
238780,NG-BO,2017,1,Borno state,11.707381,13.708122,2.0,adm1_name
238778,NG-BO,2017,1,Borno state,11.96194,14.3475,3.0,adm1_name
240807,NG-BO,2017,1,Borno state,10.91729,12.514962,16.0,adm1_name
239698,NG-BO,2017,1,Borno state,10.931916,12.524372,3.0,adm1_name
238829,NG-BO,2017,1,Borno state,12.041111,13.677179,3.0,adm1_name
238825,NG-BO,2017,1,Borno state,11.58605,13.00278,2.0,adm1_name
239718,NG-BO,2017,1,Borno state,11.02793,13.681268,8.0,adm1_name
239719,NG-BO,2017,1,Borno state,11.84644,13.160274,2.0,adm1_name
252070,NG-BO,2017,1,Borno state,11.226071,13.783778,1.0,adm1_name
252071,NG-BO,2017,1,Borno state,11.52059,14.09661,1.0,adm1_name
252073,NG-BO,2017,1,Borno state,10.98267,13.66066,6.0,adm1_name
252074,NG-BO,2017,1,Borno state,11.37629,13.85394,5.0,adm1_name
239471,NG-BO,2017,1,Borno state,11.03609,13.71627,5.0,adm1_name
239536,NG-BO,2017,1,Borno state,11.84644,13.160274,2.0,adm1_name
239537,NG-BO,2017,1,Borno state,11.925833,13.605556,1.0,adm1_name
239734,NG-BO,2017,1,Borno state,11.21364,13.11915,1.0,adm1_name
239736,NG-BO,2017,1,Borno state,11.374388,13.876097,1.0,adm1_name
239496,NG-BO,2017,1,Borno state,11.572354,13.536488,3.0,adm1_name
239499,NG-BO,2017,1,Borno state,11.76002,13.26606,1.0,adm1_name
240810,NG-BO,2017,1,Borno state,11.103593,13.712983,1.0,adm1_name
240811,NG-BO,2017,1,Borno state,11.37448,14.01769,1.0,adm1_name
252075,NG-BO,2017,1,Borno state,11.646278,14.103572,1.0,adm1_name
252062,NG-BO,2017,1,Borno state,12.17309,12.63114,3.0,adm1_name
240814,NG-BO,2017,1,Borno state,11.755521,13.106469,2.0,adm1_name
239754,NG-BO,2017,1,Borno state,11.925833,13.605556,1.0,adm1_name
239758,NG-BO,2017,1,Borno state,11.403586,13.835853,15.0,adm1_name
239759,NG-BO,2017,1,Borno state,11.646278,14.103572,5.0,adm1_name
239796,NG-AD,2017,1,Adamawa state,10.873699,13.539221,1.0,adm1_name
239797,NG-BO,2017,1,Borno state,11.90069,14.02693,6.0,adm1_name
240816,NG-BO,2017,1,Borno state,11.25,13.416667,3.0,adm1_name
239801,NG-AD,2017,1,Adamawa state,10.85219,13.54889,1.0,adm1_name
240286,NG-BO,2017,1,Borno state,11.870457,13.250751,6.0,adm1_name
240289,NG-BO,2017,1,Borno state,11.588568,13.510694,5.0,adm1_name
240822,NG-BO,2017,1,Borno state,11.25,13.416667,40.0,adm1_name
241551,NG-BO,2017,1,Borno state,11.25,13.416667,200.0,adm1_name
241421,NG-BO,2017,1,Borno state,11.3838,13.60416,2.0,adm1_name
252063,NG-BO,2017,1,Borno state,11.255863,14.152438,2.0,adm1_name
252068,NG-BO,2017,1,Borno state,11.227785,13.800564,2.0,adm1_name
241388,NG-BO,2017,1,Borno state,11.52059,14.09661,3.0,adm1_name
252069,NG-BO,2017,1,Borno state,11.20209,13.06987,1.0,adm1_name
241533,NG-BO,2017,1,Borno state,10.959233,12.256197,2.0,adm1_name
252064,NG-BO,2017,1,Borno state,11.103593,13.712983,1.0,adm1_name
241448,NG-BO,2017,1,Borno state,11.491838,13.716382,3.0,adm1_name
252065,NG-BO,2017,1,Borno state,11.25,13.416667,2.0,adm1_name
252066,NG-BO,2017,1,Borno state,11.103593,13.712983,1.0,adm1_name
252067,NG-BO,2017,1,Borno state,11.10941,13.562086,1.0,adm1_name
241482,NG-BO,2017,1,Borno state,11.226071,13.783778,16.0,adm1_name
241484,NG-BO,2017,1,Borno state,11.16667,13.41667,2.0,adm1_name
241493,NG-AD,2017,1,Adamawa state,10.85219,13.54889,1.0,adm1_name
241539,NG-BO,2017,1,Borno state,11.52059,14.09661,2.0,adm1_name
241505,NG-BO,2017,1,Borno state,12.016912,13.861233,2.0,adm1_name
241504,NG-BO,2017,1,Borno state,12.03609,13.91815,1.0,adm1_name
241546,NG-BO,2017,1,Borno state,11.491838,13.716382,1.0,adm1_name
241547,NG-BO,2017,1,Borno state,11.5221,13.68558,2.0,adm1_name
244543,NG-BO,2017,1,Borno state,11.925833,13.605556,4.0,adm1_name
244442,NG-BO,2017,1,Borno state,11.52059,14.09661,3.0,adm1_name
244444,NG-BO,2017,1,Borno state,11.226071,13.783778,1.0,adm1_name
244447,NG-BO,2017,1,Borno state,11.374388,13.876097,2.0,adm1_name
244901,NG-BO,2017,1,Borno state,11.103593,13.712983,2.0,adm1_name
244453,NG-BO,2017,1,Borno state,11.10682,13.50868,16.0,adm1_name
244557,NG-BO,2017,1,Borno state,11.549532,13.772467,1.0,adm1_name
244558,NG-BO,2017,1,Borno state,11.491838,13.716382,3.0,adm1_name
244551,NG-BO,2017,1,Borno state,11.543503,13.593866,1.0,adm1_name
251992,NG-BO,2017,1,Borno state,11.52059,14.09661,1.0,adm1_name
244698,NG-BO,2017,1,Borno state,11.46432,13.40548,3.0,adm1_name
244506,NG-BO,2017,1,Borno state,12.26189,14.07576,0.0,adm1_name
244687,NG-BO,2017,1,Borno state,12.230436,14.180893,3.0,adm1_name
244691,NG-BO,2017,1,Borno state,12.08333,14.06667,3.0,adm1_name
244692,NG-BO,2017,1,Borno state,12.14403,14.01017,3.0,adm1_name
244693,NG-BO,2017,1,Borno state,12.05,14.1,2.0,adm1_name
244809,NG-BO,2017,1,Borno state,11.97604,13.74349,3.0,adm1_name
244724,NG-BO,2017,1,Borno state,10.66611,12.54459,1.0,adm1_name
244725,NG-BO,2017,1,Borno state,11.5,13.0,4.0,adm1_name
244726,NG-BO,2017,1,Borno state,11.189186,13.663927,3.0,adm1_name
244728,NG-BO,2017,1,Borno state,11.84644,13.160274,1.0,adm1_name
244567,NG-BO,2017,1,Borno state,11.255863,14.152438,3.0,adm1_name
247585,NG-BO,2017,1,Borno state,11.52059,14.09661,1.0,adm1_name
247592,NG-BO,2017,1,Borno state,11.491838,13.716382,3.0,adm1_name
247313,NG-AD,2017,1,Adamawa state,10.79942,13.4622,3.0,adm1_name
247379,NG-BO,2017,1,Borno state,11.25,13.416667,27.0,adm1_name
247357,NG-AD,2017,1,Adamawa state,10.85219,13.54889,2.0,adm1_name
247368,NG-BO,2017,1,Borno state,11.103593,13.712982,4.0,adm1_name
247809,NG-BO,2017,1,Borno state,11.25,13.416667,16.0,adm1_name
247798,NG-AD,2017,1,Adamawa state,10.873699,13.539221,2.0,adm1_name
247799,NG-AD,2017,1,Adamawa state,10.86645,13.51872,1.0,adm1_name
247818,NG-BO,2017,1,Borno state,11.52059,14.09661,10.0,adm1_name
251998,NG-BO,2017,1,Borno state,11.573947,13.8842,2.0,adm1_name
251999,NG-BO,2017,1,Borno state,11.548639,13.946976,2.0,adm1_name
249883,NG-BO,2017,1,Borno state,11.103593,13.712982,3.0,adm1_name
249713,NG-BO,2017,1,Borno state,11.83214,14.49197,4.0,adm1_name
249517,NG-BO,2017,1,Borno state,11.25,13.416667,3.0,adm1_name
249520,NG-BO,2017,1,Borno state,11.32643,13.96658,4.0,adm1_name
249535,NG-BO,2017,1,Borno state,11.3885,12.9074,2.0,adm1_name
249532,NG-BO,2017,1,Borno state,11.32825,12.869366,4.0,adm1_name
251609,NG-BO,2017,1,Borno state,11.439891,12.945559,2.0,adm1_name
249554,NG-BO,2017,1,Borno state,11.65583,13.42133,1.0,adm1_name
249557,NG-BO,2017,1,Borno state,12.26189,14.07576,0.0,adm1_name
249604,NG-BO,2017,1,Borno state,11.52059,14.09661,3.0,adm1_name
249899,NG-BO,2017,1,Borno state,11.5,13.0,2.0,adm1_name
254167,NG-AD,2018,1,Adamawa state,10.85219,13.54889,3.0,adm1_name
262699,NG-BO,2018,1,Borno state,11.103593,13.712983,2.0,adm1_name
253706,NG-BO,2018,1,Borno state,11.22135,13.48783,6.0,adm1_name
253704,NG-BO,2018,1,Borno state,11.25,13.416667,3.0,adm1_name
254291,NG-BO,2018,1,Borno state,11.25,13.416667,2.0,adm1_name
253792,NG-BO,2018,1,Borno state,12.337716,14.180516,2.0,adm1_name
253895,NG-BO,2018,1,Borno state,11.25,13.416667,2.0,adm1_name
254063,NG-BO,2018,1,Borno state,11.25,13.416667,7.0,adm1_name
254157,NG-BO,2018,1,Borno state,11.25,13.416667,2.0,adm1_name
254030,NG-YO,2018,1,Yobe state,11.48451,12.31264,3.0,adm1_name
254159,NG-BO,2018,1,Borno state,11.25,13.416667,2.0,adm1_name
254068,NG-BO,2018,1,Borno state,11.84644,13.160274,1.0,adm1_name
254162,NG-BO,2018,1,Borno state,11.25,13.416667,3.0,adm1_name
254163,NG-BO,2018,1,Borno state,11.448477,13.759141,1.0,adm1_name
254165,NG-BO,2018,1,Borno state,11.38533,13.68943,1.0,adm1_name
254095,NG-BO,2018,1,Borno state,11.332568,13.54742,5.0,adm1_name
254109,NG-BO,2018,1,Borno state,11.22436,13.894717,6.0,adm1_name
254110,NG-BO,2018,1,Borno state,11.103593,13.712983,2.0,adm1_name
254105,NG-BO,2018,1,Borno state,11.34028,13.89524,7.0,adm1_name
254106,NG-BO,2018,1,Borno state,11.31433,13.84766,7.0,adm1_name
254107,NG-BO,2018,1,Borno state,11.28796,13.92667,7.0,adm1_name
254108,NG-BO,2018,1,Borno state,11.235157,13.879827,6.0,adm1_name
254118,NG-BO,2018,1,Borno state,11.0827,13.7686,4.0,adm1_name
254123,NG-BO,2018,1,Borno state,11.07553,13.79499,3.0,adm1_name
254978,NG-BO,2018,1,Borno state,12.03609,13.91815,0.0,adm1_name
254976,NG-BO,2018,1,Borno state,12.03609,13.91815,0.0,adm1_name
254991,NG-BO,2018,1,Borno state,11.84644,13.160274,2.0,adm1_name
255873,NG-BO,2018,1,Borno state,11.175703,12.823978,4.0,adm1_name
255059,NG-BO,2018,1,Borno state,11.84644,13.160274,7.0,adm1_name
255408,NG-AD,2018,1,Adamawa state,10.85219,13.54889,6.0,adm1_name
255409,NG-BO,2018,1,Borno state,11.4552,13.67926,3.0,adm1_name
255410,NG-BO,2018,1,Borno state,11.58605,13.00278,2.0,adm1_name
255425,NG-BO,2018,1,Borno state,11.84644,13.160274,1.0,adm1_name
256004,NG-BO,2018,1,Borno state,12.10616,13.77455,1.0,adm1_name
255959,NG-BO,2018,1,Borno state,11.175034,13.793771,2.0,adm1_name
255430,NG-BO,2018,1,Borno state,11.00385,13.6168,3.0,adm1_name
255911,NG-BO,2018,1,Borno state,11.25,13.416667,7.0,adm1_name
255892,NG-BO,2018,1,Borno state,11.52059,14.09661,4.0,adm1_name
255971,NG-BO,2018,1,Borno state,11.5221,13.68558,8.0,adm1_name
255970,NG-BO,2018,1,Borno state,11.5221,13.68558,1.0,adm1_name
276122,NG-BO,2018,1,Borno state,11.52059,14.09661,0.0,adm1_name
256466,NG-BO,2018,1,Borno state,11.5221,13.68558,1.0,adm1_name
256473,NG-BO,2018,1,Borno state,11.84644,13.160274,2.0,adm1_name
256855,NG-BO,2018,1,Borno state,11.103593,13.712982,2.0,adm1_name
256859,NG-BO,2018,1,Borno state,11.58605,13.00278,2.0,adm1_name
256857,NG-BO,2018,1,Borno state,11.572354,13.536488,2.0,adm1_name
273471,NG-BO,2018,1,Borno state,11.84644,13.160274,2.0,adm1_name
256701,NG-BO,2018,1,Borno state,11.16667,13.41667,15.0,adm1_name
256748,NG-BO,2018,1,Borno state,11.14164,13.77493,1.0,adm1_name
258763,NG-BO,2018,1,Borno state,11.10941,13.562086,4.0,adm1_name
258427,NG-AD,2018,1,Adamawa state,10.81551,13.41952,1.0,adm1_name
258773,NG-AD,2018,1,Adamawa state,10.618056,13.389444,1.0,adm1_name
258778,NG-BO,2018,1,Borno state,11.332568,13.54742,2.0,adm1_name
339693,NG-BO,2018,1,Borno state,11.103593,13.712983,1.0,adm1_name
258504,NG-BO,2018,1,Borno state,11.84644,13.160274,11.0,adm1_name
258787,NG-BO,2018,1,Borno state,11.925833,13.605556,0.0,adm1_name
258605,NG-BO,2018,1,Borno state,11.52059,14.09661,4.0,adm1_name
258611,NG-BO,2018,1,Borno state,11.255863,14.152438,2.0,adm1_name
258793,NG-BO,2018,1,Borno state,11.91349,13.69055,0.0,adm1_name
259952,NG-BO,2018,1,Borno state,11.52059,14.09661,32.0,adm1_name
262599,NG-BO,2018,1,Borno state,12.03609,13.91815,2.0,adm1_name
260549,NG-BO,2018,1,Borno state,12.03609,13.91815,0.0,adm1_name
260555,NG-BO,2018,1,Borno state,11.65389,13.42158,2.0,adm1_name
262523,NG-BO,2018,1,Borno state,11.25,13.416667,3.0,adm1_name
262517,NG-BO,2018,1,Borno state,11.25,13.416667,24.0,adm1_name
262560,NG-BO,2018,1,Borno state,11.374388,13.876097,3.0,adm1_name
262383,NG-BO,2018,1,Borno state,11.841318,14.002179,0.0,adm1_name
265554,NG-BO,2018,1,Borno state,11.226071,13.783778,2.0,adm1_name
265663,NG-BO,2018,1,Borno state,11.15737,13.68499,14.0,adm1_name
266452,NG-BO,2018,1,Borno state,11.593156,13.502581,3.0,adm1_name
266533,NG-BO,2018,1,Borno state,11.602226,13.485824,3.0,adm1_name
266534,NG-BO,2018,1,Borno state,11.36416,14.07577,3.0,adm1_name
276123,NG-BO,2018,1,Borno state,11.37448,14.01769,2.0,adm1_name
266535,NG-BO,2018,1,Borno state,11.226071,13.783778,6.0,adm1_name
266536,NG-BO,2018,1,Borno state,11.226071,13.783778,1.0,adm1_name
266574,NG-BO,2018,1,Borno state,11.52059,14.09661,5.0,adm1_name
266577,NG-BO,2018,1,Borno state,12.337716,14.180516,3.0,adm1_name
266578,NG-BO,2018,1,Borno state,11.16667,13.41667,2.0,adm1_name
268959,NG-BO,2018,1,Borno state,11.90069,14.02693,3.0,adm1_name
269505,NG-BO,2018,1,Borno state,11.23326,13.09211,2.0,adm1_name
268964,NG-BO,2018,1,Borno state,11.3548,14.21296,2.0,adm1_name
269479,NG-BO,2018,1,Borno state,11.605435,13.482529,2.0,adm1_name
269521,NG-BO,2018,1,Borno state,11.103593,13.712983,2.0,adm1_name
269459,NG-BO,2018,1,Borno state,11.58605,13.00278,2.0,adm1_name
271834,NG-BO,2018,1,Borno state,11.52059,14.09661,3.0,adm1_name
271911,NG-BO,2018,1,Borno state,11.5,13.0,0.0,adm1_name
271986,NG-BO,2018,1,Borno state,11.10465,13.803617,2.0,adm1_name
272235,NG-AD,2018,1,Adamawa state,10.79942,13.4622,1.0,adm1_name
272386,NG-BO,2018,1,Borno state,11.870457,13.250751,2.0,adm1_name
274287,NG-BO,2018,1,Borno state,10.897694,12.644647,1.0,adm1_name
274328,NG-BO,2018,1,Borno state,11.646278,14.103572,3.0,adm1_name
274646,NG-BO,2018,1,Borno state,11.84644,13.160274,1.0,adm1_name
274402,NG-BO,2018,1,Borno state,11.84644,13.160274,5.0,adm1_name
274549,NG-BO,2018,1,Borno state,11.90069,14.02693,3.0,adm1_name
276817,NG-BO,2019,1,Borno state,10.897694,12.644647,1.0,adm1_name
276810,NG-BO,2019,1,Borno state,11.255863,14.152438,2.0,adm1_name
276800,NG-BO,2019,1,Borno state,11.91328,13.744313,0.0,adm1_name
276795,NG-BO,2019,1,Borno state,11.941511,13.854827,0.0,adm1_name
276889,NG-BO,2019,1,Borno state,12.28295,14.47243,14.0,adm1_name
276912,NG-BO,2019,1,Borno state,11.88053,13.821487,2.0,adm1_name
276950,NG-BO,2019,1,Borno state,11.64534,13.34705,4.0,adm1_name
277279,NG-BO,2019,1,Borno state,11.925833,13.605556,0.0,adm1_name
317173,NG-BO,2019,1,Borno state,11.25,13.416667,2.0,adm1_name
277307,NG-BO,2019,1,Borno state,11.103593,13.712982,4.0,adm1_name
277311,NG-BO,2019,1,Borno state,11.3548,14.21296,1.0,adm1_name
279202,NG-AD,2019,1,Adamawa state,10.74658,13.41601,1.0,adm1_name
279280,NG-AD,2019,1,Adamawa state,10.88942,13.62832,5.0,adm1_name
279322,NG-AD,2019,1,Adamawa state,10.88942,13.62832,13.0,adm1_name
279422,NG-BO,2019,1,Borno state,11.89912,13.29155,3.0,adm1_name
282591,NG-BO,2019,1,Borno state,11.103593,13.712983,2.0,adm1_name
279480,NG-BO,2019,1,Borno state,11.255863,14.152438,2.0,adm1_name
282568,NG-BO,2019,1,Borno state,10.18393,11.96386,1.0,adm1_name
317588,NG-BO,2019,1,Borno state,11.92543,13.60269,0.0,adm1_name
317595,NG-BO,2019,1,Borno state,11.255863,14.152438,2.0,adm1_name
282699,NG-BO,2019,1,Borno state,11.182559,13.753155,8.0,adm1_name
282397,NG-BO,2019,1,Borno state,10.7606,13.31432,3.0,adm1_name
282700,NG-BO,2019,1,Borno state,11.103593,13.712982,13.0,adm1_name
284639,NG-BO,2019,1,Borno state,12.67863,13.60792,4.0,adm1_name
284873,NG-BO,2019,1,Borno state,11.25,13.416667,3.0,adm1_name
317982,NG-BO,2019,1,Borno state,11.755521,13.106469,5.0,adm1_name
286723,NG-BO,2019,1,Borno state,11.84644,13.160274,5.0,adm1_name
287196,NG-BO,2019,1,Borno state,10.897694,12.644647,1.0,adm1_name
286871,NG-BO,2019,1,Borno state,11.84644,13.160274,2.0,adm1_name
286938,NG-AD,2019,1,Adamawa state,10.74658,13.41601,3.0,adm1_name
326667,NG-BO,2019,1,Borno state,11.36489,13.67946,3.0,adm1_name
290545,NG-BO,2019,1,Borno state,11.150053,13.847976,1.0,adm1_name
290310,NG-BO,2019,1,Borno state,11.3838,13.60416,9.0,adm1_name
290581,NG-BO,2019,1,Borno state,11.25,13.416667,2.0,adm1_name
290702,NG-BO,2019,1,Borno state,11.925833,13.605556,3.0,adm1_name
290610,NG-BO,2019,1,Borno state,11.92543,13.60269,0.0,adm1_name
290481,NG-BO,2019,1,Borno state,11.058988,13.560506,2.0,adm1_name
293065,NG-BO,2019,1,Borno state,10.86583,12.84702,1.0,adm1_name
294203,NG-BO,2019,1,Borno state,11.3838,13.60416,20.0,adm1_name
318352,NG-BO,2019,1,Borno state,11.38533,13.68943,20.0,adm1_name
300211,NG-BO,2019,1,Borno state,11.103593,13.712983,3.0,adm1_name
299706,NG-BO,2019,1,Borno state,11.750894,13.122414,3.0,adm1_name
299983,NG-BO,2019,1,Borno state,11.36489,13.67946,40.0,adm1_name
300232,NG-BO,2019,1,Borno state,11.16667,13.41667,3.0,adm1_name
300230,NG-BO,2019,1,Borno state,11.17255,13.76114,2.0,adm1_name
300045,NG-BO,2019,1,Borno state,11.52059,14.09661,40.0,adm1_name
307214,NG-BO,2019,1,Borno state,11.189764,13.911289,3.0,adm1_name
307450,NG-BO,2019,1,Borno state,11.84644,13.160274,1.0,adm1_name
305765,NG-BO,2019,1,Borno state,11.255863,14.152438,1.0,adm1_name
305845,NG-BO,2019,1,Borno state,11.103593,13.712982,3.0,adm1_name
305853,NG-BO,2019,1,Borno state,11.226071,13.783778,1.0,adm1_name
313101,NG-BO,2019,1,Borno state,11.25,13.416667,3.0,adm1_name
313576,NG-BO,2019,1,Borno state,11.14164,13.77493,3.0,adm1_name
319364,NG-BO,2019,1,Borno state,11.25,13.416667,1.0,adm1_name
328619,NG-BO,2019,1,Borno state,11.103593,13.712982,3.0,adm1_name
319370,NG-BO,2019,1,Borno state,11.448477,13.759141,1.0,adm1_name
319371,NG-BO,2019,1,Borno state,10.987943,12.787677,2.0,adm1_name
319369,NG-BO,2019,1,Borno state,11.25,13.416667,3.0,adm1_name
319373,NG-BO,2019,1,Borno state,11.14164,13.77493,3.0,adm1_name
322845,NG-BO,2019,1,Borno state,11.925833,13.605556,0.0,adm1_name
322847,NG-BO,2019,1,Borno state,11.103593,13.712982,2.0,adm1_name
321396,NG-BO,2019,1,Borno state,10.98267,13.66066,3.0,adm1_name
321380,NG-BO,2019,1,Borno state,11.32643,13.96658,1.0,adm1_name
321382,NG-BO,2019,1,Borno state,11.52059,14.09661,1.0,adm1_name
321555,NG-BO,2019,1,Borno state,11.36489,13.67946,2.0,adm1_name
321552,NG-BO,2019,1,Borno state,11.25,13.416667,3.0,adm1_name
321553,NG-BO,2019,1,Borno state,11.332568,13.54742,3.0,adm1_name
321556,NG-BO,2019,1,Borno state,11.25,13.416667,1.0,adm1_name
322905,NG-BO,2019,1,Borno state,11.14164,13.77493,3.0,adm1_name
322910,NG-BO,2019,1,Borno state,11.226071,13.783778,4.0,adm1_name
322783,NG-BO,2019,1,Borno state,11.52059,14.09661,1.0,adm1_name
322764,NG-BO,2019,1,Borno state,11.25,13.416667,3.0,adm1_name
322834,NG-BO,2020,1,Borno state,11.373373,13.691767,3.0,adm1_name
322817,NG-AD,2020,1,Adamawa state,10.61592,13.3849,15.0,adm1_name
322919,NG-AD,2020,1,Adamawa state,10.74466,13.33252,4.0,adm1_name
328555,NG-BO,2020,1,Borno state,11.925833,13.605556,0.0,adm1_name
327306,NG-BO,2020,1,Borno state,11.226071,13.783778,13.0,adm1_name
327458,NG-BO,2020,1,Borno state,11.448477,13.759141,4.0,adm1_name
328561,NG-BO,2020,1,Borno state,11.182559,13.753155,2.0,adm1_name
328560,NG-BO,2020,1,Borno state,11.52059,14.09661,1.0,adm1_name
334335,NG-BO,2020,1,Borno state,11.60433,14.01981,3.0,adm1_name
328559,NG-BO,2020,1,Borno state,11.52059,14.09661,5.0,adm1_name
328625,NG-BO,2020,1,Borno state,11.52059,14.09661,2.0,adm1_name
328677,NG-BO,2020,1,Borno state,11.373373,13.691767,13.0,adm1_name
331401,NG-BO,2020,1,Borno state,11.3838,13.60416,3.0,adm1_name
331487,NG-BO,2020,1,Borno state,11.226071,13.783778,1.0,adm1_name
331488,NG-BO,2020,1,Borno state,11.8826,13.3434,0.0,adm1_name
332222,NG-BO,2020,1,Borno state,11.543503,13.593866,0.0,adm1_name
334748,NG-AD,2020,1,Adamawa state,10.74466,13.33252,3.0,adm1_name
335233,NG-BO,2020,1,Borno state,11.52059,14.09661,2.0,adm1_name
332227,NG-BO,2020,1,Borno state,11.25,13.416667,2.0,adm1_name
335235,NG-BO,2020,1,Borno state,11.102476,13.599304,1.0,adm1_name
334869,NG-BO,2020,1,Borno state,11.25,13.416667,2.0,adm1_name
335012,NG-BO,2020,1,Borno state,11.36489,13.67946,24.0,adm1_name
335136,NG-BO,2020,1,Borno state,11.374388,13.876097,9.0,adm1_name
335297,NG-BO,2020,1,Borno state,11.10682,13.50868,4.0,adm1_name
335544,NG-BO,2020,1,Borno state,11.25,13.416667,3.0,adm1_name
335863,NG-BO,2020,1,Borno state,11.25,13.416667,2.0,adm1_name
336465,NG-BO,2020,1,Borno state,11.332568,13.54742,3.0,adm1_name
338852,NG-BO,2020,1,Borno state,11.226071,13.783778,7.0,adm1_name
338205,NG-BO,2020,1,Borno state,11.25,13.416667,3.0,adm1_name
339630,NG-BO,2020,1,Borno state,11.25,13.416667,2.0,adm1_name
339632,NG-BO,2020,1,Borno state,11.226071,13.783778,1.0,adm1_name
339636,NG-BO,2020,1,Borno state,11.3548,14.21296,4.0,adm1_name
339634,NG-BO,2020,1,Borno state,11.103593,13.712983,2.0,adm1_name
339637,NG-BO,2020,1,Borno state,11.374388,13.876097,3.0,adm1_name
339635,NG-BO,2020,1,Borno state,11.103593,13.712983,2.0,adm1_name
339639,NG-BO,2020,1,Borno state,11.332568,13.54742,3.0,adm1_name
341893,NG-BO,2020,1,Borno state,11.10465,13.803617,4.0,adm1_name
341894,NG-BO,2020,1,Borno state,11.226071,13.783778,4.0,adm1_name
341895,NG-BO,2020,1,Borno state,12.13333,14.3,4.0,adm1_name
342095,NG-BO,2020,1,Borno state,10.98267,13.66066,3.0,adm1_name
341885,NG-BO,2020,1,Borno state,11.5221,13.68558,20.0,adm1_name
342246,NG-BO,2020,1,Borno state,11.189764,13.911289,8.0,adm1_name
342249,NG-BO,2020,1,Borno state,11.5,13.0,5.0,adm1_name
341892,NG-BO,2020,1,Borno state,11.370391,13.604603,3.0,adm1_name
342257,NG-BO,2020,1,Borno state,11.339916,13.796287,2.0,adm1_name
342260,NG-BO,2020,1,Borno state,11.543503,13.593866,3.0,adm1_name
346775,NG-BO,2020,1,Borno state,11.339916,13.796287,75.0,adm1_name
346792,NG-AD,2020,1,Adamawa state,10.88942,13.62832,1.0,adm1_name
346784,NG-BO,2020,1,Borno state,11.65583,13.42133,6.0,adm1_name
346816,NG-BO,2020,1,Borno state,11.5221,13.68558,3.0,adm1_name
346922,NG-BO,2020,1,Borno state,11.5,13.0,3.0,adm1_name
346929,NG-BO,2020,1,Borno state,10.780457,13.074046,1.0,adm1_name
346930,NG-BO,2020,1,Borno state,11.374388,13.876097,1.0,adm1_name
346924,NG-BO,2020,1,Borno state,11.103593,13.712983,2.0,adm1_name
346822,NG-BO,2020,1,Borno state,11.25,13.416667,3.0,adm1_name
346470,NG-BO,2020,1,Borno state,11.25,13.416667,2.0,adm1_name
346823,NG-BO,2020,1,Borno state,11.36489,13.67946,3.0,adm1_name
346826,NG-BO,2020,1,Borno state,11.353161,13.66779,2.0,adm1_name
346829,NG-BO,2020,1,Borno state,11.373373,13.691767,1.0,adm1_name
346937,NG-BO,2020,1,Borno state,11.169405,13.794371,1.0,adm1_name
346840,NG-BO,2020,1,Borno state,11.378341,13.706535,3.0,adm1_name
346938,NG-BO,2020,1,Borno state,11.25,13.416667,2.0,adm1_name
346939,NG-BO,2020,1,Borno state,11.373373,13.691767,1.0,adm1_name
349063,NG-BO,2020,1,Borno state,11.437472,14.088667,3.0,adm1_name
348513,NG-BO,2020,1,Borno state,11.458937,14.051969,3.0,adm1_name
348604,NG-BO,2020,1,Borno state,11.84644,13.160274,7.0,adm1_name
353054,NG-BO,2020,1,Borno state,11.458542,14.053921,3.0,adm1_name
353189,NG-BO,2020,1,Borno state,11.810051,13.801855,3.0,adm1_name
354506,NG-BO,2020,1,Borno state,11.339916,13.796287,2.0,adm1_name
358148,NG-BO,2020,1,Borno state,11.103593,13.712983,5.0,adm1_name
359252,NG-BO,2020,1,Borno state,11.46991,13.75786,2.0,adm1_name
359253,NG-BO,2020,1,Borno state,11.76002,13.26606,1.0,adm1_name
358649,NG-BO,2020,1,Borno state,11.84644,13.160274,0.0,adm1_name
358575,NG-BO,2020,1,Borno state,12.230436,14.180893,3.0,adm1_name
358572,NG-BO,2020,1,Borno state,11.5,13.0,3.0,adm1_name
358574,NG-BO,2020,1,Borno state,11.724675,13.726295,40.0,adm1_name
366831,NG-BO,2020,1,Borno state,11.353161,13.66779,3.0,adm1_name
366862,NG-BO,2020,1,Borno state,11.458937,14.051969,1.0,adm1_name
366907,NG-BO,2020,1,Borno state,11.5221,13.68558,1.0,adm1_name
370610,NG-BO,2020,1,Borno state,11.103593,13.712982,1.0,adm1_name
370638,NG-BO,2020,1,Borno state,11.25,13.416667,2.0,adm1_name
382855,NG-BO,2020,1,Borno state,11.339547,13.564416,1.0,adm1_name
370688,NG-BO,2020,1,Borno state,11.474551,13.815164,2.0,adm1_name
371693,NG-BO,2020,1,Borno state,11.25,13.416667,2.0,adm1_name
371727,NG-BO,2020,1,Borno state,11.755521,13.106469,1.0,adm1_name
371729,NG-BO,2020,1,Borno state,11.342091,13.980337,1.0,adm1_name
371817,NG-BO,2020,1,Borno state,11.25,13.416667,3.0,adm1_name
371816,NG-BO,2020,1,Borno state,11.46991,13.75786,1.0,adm1_name
371815,NG-BO,2020,1,Borno state,11.5,13.0,2.0,adm1_name
371808,NG-BO,2020,1,Borno state,11.458937,14.051969,2.0,adm1_name
371819,NG-BO,2020,1,Borno state,11.134722,13.876944,2.0,adm1_name
371836,NG-BO,2020,1,Borno state,11.306718,13.514184,2.0,adm1_name
371840,NG-BO,2020,1,Borno state,11.707381,13.708122,1.0,adm1_name
375705,NG-BO,2020,1,Borno state,11.306718,13.514184,1.0,adm1_name
375704,NG-BO,2020,1,Borno state,11.724675,13.726295,1.0,adm1_name
375720,NG-BO,2020,1,Borno state,10.78296,13.30998,1.0,adm1_name
374926,NG-BO,2020,1,Borno state,12.17309,12.63114,4.0,adm1_name
376097,NG-BO,2020,1,Borno state,11.913771,13.621953,1.0,adm1_name
376098,NG-BO,2020,1,Borno state,11.52059,14.09661,1.0,adm1_name
376095,NG-BO,2020,1,Borno state,11.339916,13.796287,4.0,adm1_name
376096,NG-BO,2020,1,Borno state,11.226071,13.783778,3.0,adm1_name
374452,NG-BO,2020,1,Borno state,11.339547,13.564416,3.0,adm1_name
374462,NG-KT,2020,1,Katsina state,11.93114,7.41115,0.0,adm1_name
375824,NG-BO,2020,1,Borno state,11.306718,13.514184,3.0,adm1_name
375968,NG-BO,2021,1,Borno state,10.86583,12.84702,7.0,adm1_name
375830,NG-BO,2021,1,Borno state,11.37448,14.01769,1.0,adm1_name
379178,NG-BO,2021,1,Borno state,10.52507,13.13174,5.0,adm1_name
381238,NG-BO,2021,1,Borno state,11.25,13.416667,1.0,adm1_name
381504,NG-BO,2021,1,Borno state,10.8856,12.70429,5.0,adm1_name
381505,NG-BO,2021,1,Borno state,11.52059,14.09661,3.0,adm1_name
380720,NG-BO,2021,1,Borno state,11.189764,13.911289,40.0,adm1_name
381518,NG-BO,2021,1,Borno state,11.5,13.0,1.0,adm1_name
386467,NG-BO,2021,1,Borno state,11.25,13.416667,2.0,adm1_name
381539,NG-BO,2021,1,Borno state,11.157036,13.734479,7.0,adm1_name
385494,NG-BO,2021,1,Borno state,11.25,13.416667,82.0,adm1_name
385447,NG-BO,2021,1,Borno state,11.391314,13.764031,3.0,adm1_name
385860,NG-BO,2021,1,Borno state,11.103593,13.712983,2.0,adm1_name
385911,NG-BO,2021,1,Borno state,11.84644,13.160274,16.0,adm1_name
389896,NG-BO,2021,1,Borno state,10.60371,13.03029,3.0,adm1_name
427184,NG-BO,2021,1,Borno state,11.103593,13.712983,0.0,adm1_name
391807,NG-BO,2021,1,Borno state,11.339547,13.564416,7.0,adm1_name
390733,NG-BO,2021,1,Borno state,10.987943,12.787677,9.0,adm1_name
390735,NG-BO,2021,1,Borno state,10.761646,12.880567,39.0,adm1_name
391503,NG-BO,2021,1,Borno state,11.25,13.416667,0.0,adm1_name
397953,NG-BO,2021,1,Borno state,11.103593,13.712983,11.0,adm1_name
398066,NG-BO,2021,1,Borno state,11.255863,14.152438,4.0,adm1_name
395494,NG-BO,2021,1,Borno state,11.755521,13.106469,3.0,adm1_name
401649,NG-BO,2021,1,Borno state,11.84644,13.160274,9.0,adm1_name
405047,NG-BO,2021,1,Borno state,11.3548,14.21296,6.0,adm1_name
419879,NG-BO,2021,1,Borno state,11.46991,13.75786,4.0,adm1_name
426169,NG-BO,2021,1,Borno state,11.10465,13.803617,3.0,adm1_name
428109,NG-BO,2022,1,Borno state,11.691757,13.222078,3.0,adm1_name
438807,NG-BO,2022,1,Borno state,11.405957,13.39628,3.0,adm1_name
441154,NG-BO,2022,1,Borno state,11.52059,14.09661,49.0,adm1_name
444840,NG-BO,2022,1,Borno state,11.52059,14.09661,3.0,adm1_name
446492,NG-BO,2022,1,Borno state,11.5221,13.68558,2.0,adm1_name
450325,NG-BO,2022,1,Borno state,11.52059,14.09661,2.0,adm1_name
447427,NG-BO,2022,1,Borno state,11.25,13.416667,200.0,adm1_name
450294,NG-BO,2022,1,Borno state,11.255863,14.152438,2.0,adm1_name
450437,NG-BO,2022,1,Borno state,11.09826,12.76417,1.0,adm1_name
450174,NG-BO,2022,1,Borno state,11.691757,13.222078,6.0,adm1_name
450230,NG-BO,2022,1,Borno state,11.52059,14.09661,40.0,adm1_name
453092,NG-BO,2022,1,Borno state,11.32643,13.96658,40.0,adm1_name
457311,NG-BO,2022,1,Borno state,11.92543,13.60269,16.0,adm1_name
456877,NG-BO,2022,1,Borno state,11.255863,14.152438,16.0,adm1_name
458693,NG-BO,2022,1,Borno state,11.25,13.416667,3.0,adm1_name
459083,NG-BO,2022,1,Borno state,11.25,13.416667,11.0,adm1_name
459084,NG-BO,2022,1,Borno state,11.52059,14.09661,3.0,adm1_name
459642,NG-BO,2023,1,Borno state,11.52059,14.09661,30.0,adm1_name
512021,NG-BO,2023,1,Borno state,11.046388,13.751003,1.0,adm1_name
462842,NG-BO,2023,1,Borno state,11.405957,13.39628,0.0,adm1_name
463413,NG-BO,2023,1,Borno state,11.405957,13.39628,17.0,adm1_name
463385,NG-BO,2023,1,Borno state,11.52059,14.09661,4.0,adm1_name
466248,NG-AD,2023,1,Adamawa state,10.170877,13.385249,3.0,adm1_name
470449,NG-BO,2023,1,Borno state,11.226071,13.783778,1.0,adm1_name
470473,NG-BO,2023,1,Borno state,11.16667,13.41667,4.0,adm1_name
470352,NG-BO,2023,1,Borno state,11.37265,13.65412,1.0,adm1_name
470496,NG-BO,2023,1,Borno state,11.226071,13.783778,5.0,adm1_name
474252,NG-BO,2023,1,Borno state,11.226071,13.783778,1.0,adm1_name
474056,NG-BO,2023,1,Borno state,11.25,13.416667,36.0,adm1_name
475735,NG-BO,2023,1,Borno state,11.189764,13.911289,1.0,adm1_name
476115,NG-BO,2023,1,Borno state,11.84644,13.160274,2.0,adm1_name
476699,NG-BO,2023,1,Borno state,11.103593,13.712983,40.0,adm1_name
478240,NG-BO,2023,1,Borno state,11.046388,13.751003,101.0,adm1_name
481143,NG-AD,2023,1,Adamawa state,10.170877,13.385249,101.0,adm1_name
481028,NG-BO,2023,1,Borno state,11.572354,13.536488,6.0,adm1_name
481187,NG-BO,2023,1,Borno state,11.046388,13.751003,1.0,adm1_name
488331,NG-BO,2023,1,Borno state,11.084088,13.791162,1.0,adm1_name
497380,NG-BO,2023,1,Borno state,11.047941,13.790643,60.0,adm1_name
501375,NG-BO,2023,1,Borno state,11.019295,13.735284,7.0,adm1_name
518080,NG-BO,2024,1,Borno state,11.226071,13.783778,1.0,adm1_name
518096,NG-BO,2024,1,Borno state,11.226071,13.783778,0.0,adm1_name
518094,NG-BO,2024,1,Borno state,11.046388,13.751003,3.0,adm1_name
518111,NG-BO,2024,1,Borno state,11.476757,13.982211,4.0,adm1_name
521775,NG-BO,2024,1,Borno state,11.084088,13.791162,3.0,adm1_name
525500,NG-BO,2024,1,Borno state,11.226071,13.783778,2.0,adm1_name
525495,NG-BO,2024,1,Borno state,11.25,13.416667,3.0,adm1_name
524895,NG-NI,2024,1,Niger state,9.937952,7.020071,5.0,adm1_name
527870,NG-BO,2024,1,Borno state,11.134722,13.876944,1.0,adm1_name
529890,NG-BO,2024,1,Borno state,11.084088,13.791162,6.0,adm1_name
531213,NG-BO,2024,1,Borno state,11.047941,13.790643,7.0,adm1_name
529899,NG-BO,2024,1,Borno state,11.461269,13.818763,4.0,adm1_name
533981,NG-BO,2024,1,Borno state,11.226071,13.783778,1.0,adm1_name
538617,NG-AD,2024,1,Adamawa state,10.170877,13.385249,3.0,adm1_name
538262,NG-BO,2024,1,Borno state,11.461269,13.818763,27.0,adm1_name
539233,NG-BO,2024,1,Borno state,11.132131,13.832315,2.0,adm1_name
542714,NG-BO,2024,1,Borno state,11.046388,13.751003,2.0,adm1_name
543349,NG-BO,2024,1,Borno state,11.132131,13.832315,1.0,adm1_name
544556,NG-BO,2024,1,Borno state,11.01838,13.64683,1.0,adm1_name
543455,NG-BO,2024,1,Borno state,11.134722,13.876944,4.0,adm1_name
544436,NG-BO,2024,1,Borno state,11.14164,13.77493,1.0,adm1_name
549887,NG-BO,2024,1,Borno state,12.96309,13.60899,3.0,adm1_name
555540,NG-BO,2024,1,Borno state,11.189764,13.911289,2.0,adm1_name
558949,NG-NI,2024,1,Niger state,10.11543,6.68307,0.0,adm1_name
558552,NG-NI,2024,1,Niger state,10.11543,6.68307,40.0,adm1_name
558923,NG-NI,2024,1,Niger state,10.098702,6.619851,0.0,adm1_name
559964,NG-NI,2024,1,Niger state,10.11543,6.68307,0.0,adm1_name
17170,NG-YO,2003,1,Yobe state,13.09969,12.1079,1.0,adm1_name
349612,NG-YO,2004,1,Yobe state,13.09969,12.1079,20.0,adm1_name
349624,NG-YO,2004,1,Yobe state,11.747,11.9608,1.0,adm1_name
15948,NG-BO,2004,1,Borno state,11.225802,12.814114,0.0,adm1_name
15626,NG-BO,2004,1,,13.097706,12.495205,10.0,point_in_polygon
15944,NG-BO,2004,1,Borno state,11.5221,13.68558,4.0,adm1_name
15947,NG-BO,2004,1,Borno state,11.103593,13.712982,4.0,adm1_name
15608,NG-AD,2004,1,Adamawa state,10.170877,13.385249,30.0,adm1_name
15992,NG-BO,2004,1,Borno state,12.07872,14.45192,15.0,adm1_name
17011,NG-RI,2004,1,Rivers state,4.81784,6.91195,15.0,adm1_name
17017,NG-RI,2004,1,Rivers state,4.79401,6.91389,30.0,adm1_name
16898,NG-RI,2004,1,Rivers state,4.777423,7.013404,15.0,adm1_name
16954,NG-RI,2004,1,Rivers state,4.67258,6.58129,2.0,adm1_name
16909,NG-RI,2004,1,Rivers state,4.777423,7.013404,5.0,adm1_name
16961,NG-RI,2009,1,Rivers state,4.81426,6.82684,0.0,adm1_name
22652,NG-AK,1994,3,Akwa Ibom state,4.594714,8.339108,0.0,adm1_name
41242,NG-AK,2011,3,Akwa Ibom state,5.048325,8.043152,3.0,adm1_name
48433,NG-CR,2013,3,Cross River state,4.81714,8.60212,5.0,adm1_name
17030,NG-RI,1990,3,Rivers state,5.00718,7.03192,80.0,adm1_name
16462,NG-LA,1992,3,Lagos state,6.453056,3.395833,1.0,adm1_name
17034,NG-RI,1993,3,Rivers state,4.67275,7.3011,1.0,adm1_name
16476,NG-LA,1993,3,Lagos state,6.453056,3.395833,2.0,adm1_name
17053,NG-RI,1994,3,Rivers state,4.65379,7.28396,2.0,adm1_name
16830,NG-RI,1994,3,Rivers state,4.733922,7.230038,24.0,adm1_name
17061,NG-RI,1994,3,Rivers state,4.61566,7.48434,1.0,adm1_name
17050,NG-RI,1994,3,Rivers state,4.612631,7.313864,5.0,adm1_name
16820,NG-RI,1994,3,Rivers state,4.681775,7.329464,1.0,adm1_name
17074,NG-RI,1994,3,Rivers state,4.681393,7.348955,2.0,adm1_name
17066,NG-RI,1994,3,Rivers state,4.69962,7.42264,2.0,adm1_name
17046,NG-RI,1994,3,Rivers state,4.66049,7.28347,1.0,adm1_name
17067,NG-RI,1994,3,Rivers state,4.69962,7.42264,7.0,adm1_name
17073,NG-RI,1994,3,Rivers state,4.79753,7.38945,5.0,adm1_name
16535,NG-LA,1994,3,Lagos state,6.453056,3.395833,1.0,adm1_name
16534,NG-LA,1994,3,Lagos state,6.54594,3.40713,2.0,adm1_name
16459,NG-LA,1994,3,Lagos state,6.453056,3.395833,3.0,adm1_name
15670,NG-AK,1995,3,Akwa Ibom state,4.536389,7.747067,1.0,adm1_name
17057,NG-RI,1996,3,Rivers state,4.67366,7.36201,3.0,adm1_name
13246,NG-LA,1996,3,Lagos state,6.453056,3.395833,1.0,adm1_name
16042,NG-DE,1996,3,Delta state,5.10786,5.87979,1.0,adm1_name
16825,NG-RI,1997,3,Rivers state,4.733922,7.230038,1.0,adm1_name
15804,NG-BY,1997,3,Bayelsa state,5.055631,5.780063,3.0,adm1_name
16823,NG-RI,1998,3,Rivers state,4.733922,7.230038,1.0,adm1_name
16690,NG-OY,1998,3,Oyo state,7.387778,3.896389,0.0,adm1_name
16390,NG-KN,1998,3,Kano state,11.5,8.5,3.0,adm1_name
13979,NG-OY,1998,3,Oyo state,7.387778,3.896389,14.0,adm1_name
16195,NG-DE,1998,3,Delta state,5.5167,5.75,0.0,adm1_name
16649,NG-ON,1998,3,Ondo state,7.1,4.833333,1.0,adm1_name
17065,NG-RI,1998,3,Rivers state,4.69962,7.42264,1.0,adm1_name
13240,NG-KD,1998,3,Kaduna state,10.52224,7.43828,0.0,adm1_name
13242,NG-KN,1998,3,Kano state,11.994354,8.513807,0.0,adm1_name
13973,NG-LA,1998,3,Lagos state,6.453056,3.395833,3.0,adm1_name
15869,NG-BY,1998,3,Bayelsa state,4.924722,6.264167,6.0,adm1_name
15865,NG-BY,1998,3,Bayelsa state,4.924722,6.264167,3.0,adm1_name
15813,NG-BY,1998,3,Bayelsa state,5.17381,6.29974,10.0,adm1_name
15845,NG-BY,1999,3,Bayelsa state,4.93028,6.29611,0.0,adm1_name
16315,NG-EN,1999,3,Enugu state,6.2907,7.4801,1.0,adm1_name
15807,NG-BY,1999,3,Bayelsa state,5.133333,6.3,1.0,adm1_name
15808,NG-BY,1999,3,Bayelsa state,5.133333,6.3,2.0,adm1_name
15866,NG-BY,1999,3,Bayelsa state,4.924722,6.264167,1.0,adm1_name
15796,NG-BY,1999,3,Bayelsa state,5.11243,6.30449,1.0,adm1_name
16098,NG-DE,1999,3,Delta state,5.88243,5.27687,2.0,adm1_name
16108,NG-DE,1999,3,Delta state,5.88243,5.27687,2.0,adm1_name
13896,NG-BY,1999,3,Bayelsa state,5.17381,6.29974,2.0,adm1_name
15819,NG-BY,1999,3,Bayelsa state,4.52466,6.29442,3.0,adm1_name
13956,NG-BY,1999,3,Bayelsa state,5.17381,6.29974,1.0,adm1_name
15839,NG-BY,1999,3,Bayelsa state,4.705803,5.998798,8.0,adm1_name
15870,NG-BY,1999,3,Bayelsa state,4.924722,6.264167,3.0,adm1_name
16930,NG-RI,1999,3,Rivers state,4.75,6.833333,0.0,adm1_name
13893,NG-BY,1999,3,Bayelsa state,4.75,6.083333,0.0,adm1_name
15810,NG-BY,1999,3,Bayelsa state,5.17381,6.29974,2478.0,adm1_name
16456,NG-LA,2000,3,Lagos state,6.453056,3.395833,2.0,adm1_name
13968,NG-KD,2000,3,Kaduna state,10.52224,7.43828,0.0,adm1_name
15579,NG-AB,2000,3,Abia state,5.106576,7.366667,0.0,adm1_name
13237,NG-KD,2000,3,Kaduna state,10.52224,7.43828,7.0,adm1_name
15654,NG-AB,2000,3,Abia state,5.106576,7.366667,1.0,adm1_name
16446,NG-LA,2000,3,Lagos state,6.453056,3.395833,0.0,adm1_name
15688,NG-AN,2000,3,Anambra state,6.257753,6.982678,1.0,adm1_name
15715,NG-AN,2001,3,Anambra state,6.14543,6.788452,36.0,adm1_name
15716,NG-AN,2001,3,Anambra state,6.14543,6.788452,1.0,adm1_name
17138,NG-TA,2001,3,Taraba state,8.238208,9.696992,25.0,adm1_name
17142,NG-TA,2001,3,Taraba state,8.238208,9.696992,25.0,adm1_name
17143,NG-TA,2001,3,Taraba state,8.238208,9.696992,25.0,adm1_name
17139,NG-TA,2001,3,Taraba state,8.238208,9.696992,25.0,adm1_name
16404,NG-KN,2001,3,Kano state,11.994354,8.513807,0.0,adm1_name
15930,NG-BE,2001,3,Benue state,7.807136,9.476681,1.0,adm1_name
15931,NG-BE,2001,3,Benue state,7.807136,9.476681,150.0,adm1_name
15878,NG-TA,2001,3,Taraba state,7.8878,9.55641,17.0,adm1_name
15886,NG-BE,2001,3,Benue state,7.70443,9.23428,6.0,adm1_name
15932,NG-BE,2001,3,Benue state,7.53333,9.65,2.0,adm1_name
15933,NG-BE,2001,3,Benue state,7.516667,9.616667,5.0,adm1_name
15936,NG-BE,2001,3,Benue state,7.516667,9.616667,20.0,adm1_name
15879,NG-TA,2001,3,,7.498714,9.939125,2.0,point_in_polygon
15597,NG-TA,2001,3,,7.498714,9.939125,1.0,point_in_polygon
17134,NG-TA,2001,3,Taraba state,7.63333,9.9,2.0,adm1_name
17128,NG-TA,2001,3,Taraba state,8.0,10.5,1.0,adm1_name
16339,NG-KD,2001,3,Kaduna state,10.577708,7.448526,0.0,adm1_name
15683,NG-AN,2001,3,Anambra state,6.01986,6.91478,10.0,adm1_name
15692,NG-AN,2001,3,Anambra state,5.85377,6.86026,10.0,adm1_name
17135,NG-TA,2001,3,Taraba state,7.55,10.283333,3.0,adm1_name
15795,NG-BY,2002,3,Bayelsa state,4.286446,6.175545,2.0,adm1_name
16553,NG-LA,2002,3,Lagos state,6.58333,3.75,1.0,adm1_name
15702,NG-AN,2002,3,Anambra state,6.14543,6.788452,11.0,adm1_name
13953,NG-AN,2002,3,Anambra state,6.333333,7.0,24.0,adm1_name
15703,NG-AN,2002,3,Anambra state,6.14543,6.788452,10.0,adm1_name
15719,NG-AN,2002,3,Anambra state,6.14543,6.788452,10.0,adm1_name
15658,NG-AN,2002,3,Anambra state,6.333333,7.0,8.0,adm1_name
15607,NG-KD,2002,3,Kaduna state,10.52224,7.43828,1.0,adm1_name
13886,NG-KD,2002,3,Kaduna state,10.52224,7.43828,1.0,adm1_name
13965,NG-KD,2002,3,Kaduna state,10.52224,7.43828,2.0,adm1_name
13876,NG-KD,2002,3,Kaduna state,10.52224,7.43828,4.0,adm1_name
16316,NG-KD,2002,3,Kaduna state,10.52224,7.43828,1.0,adm1_name
16354,NG-KD,2002,3,Kaduna state,10.52224,7.43828,1.0,adm1_name
13239,NG-KD,2002,3,Kaduna state,10.52224,7.43828,1.0,adm1_name
63511,NG-KD,2002,3,Kaduna state,10.52224,7.43828,11.0,adm1_name
63514,NG-KD,2002,3,Kaduna state,10.52224,7.43828,1.0,adm1_name
63516,NG-KD,2002,3,Kaduna state,10.52224,7.43828,2.0,adm1_name
13241,NG-KD,2002,3,Kaduna state,10.49282,7.40531,1.0,adm1_name
16372,NG-KD,2002,3,Kaduna state,10.52224,7.43828,11.0,adm1_name
16317,NG-KD,2002,3,Kaduna state,10.52224,7.43828,1.0,adm1_name
13877,NG-KD,2002,3,Kaduna state,10.52224,7.43828,2.0,adm1_name
13880,NG-KD,2002,3,Kaduna state,10.52224,7.43828,4.0,adm1_name
13967,NG-KD,2002,3,Kaduna state,10.52224,7.43828,1.0,adm1_name
16333,NG-KD,2002,3,Kaduna state,10.52224,7.43828,1.0,adm1_name
16470,NG-LA,2003,3,Lagos state,6.453056,3.395833,1.0,adm1_name
16172,NG-DE,2003,3,Delta state,5.5167,5.75,3.0,adm1_name
16467,NG-LA,2003,3,Lagos state,6.453056,3.395833,1.0,adm1_name
16406,NG-KN,2003,3,Kano state,11.645721,8.447866,3.0,adm1_name
15895,NG-BE,2003,3,Benue state,6.887886,9.235472,10.0,adm1_name
16464,NG-LA,2003,3,Lagos state,6.453056,3.395833,15.0,adm1_name
16085,NG-DE,2003,3,Delta state,5.554632,5.786239,7.0,adm1_name
16468,NG-LA,2003,3,Lagos state,6.453056,3.395833,1.0,adm1_name
16498,NG-LA,2003,3,Lagos state,6.380494,2.710416,1.0,adm1_name
16070,NG-DE,2004,3,Delta state,5.33141,6.05926,1.0,adm1_name
16131,NG-DE,2004,3,Delta state,5.5167,5.75,0.0,adm1_name
16284,NG-EK,2004,3,Ekiti state,7.491328,5.232248,6.0,adm1_name
16393,NG-KN,2004,3,Kano state,11.994354,8.513807,24.0,adm1_name
16658,NG-OS,2004,3,Osun state,7.466667,4.566667,0.0,adm1_name
15772,NG-BY,2004,3,Bayelsa state,5.004144,5.691118,7.0,adm1_name
16245,NG-ED,2005,3,Edo state,6.335045,5.627492,1.0,adm1_name
16180,NG-DE,2005,3,Delta state,5.614261,5.186947,1.0,adm1_name
15923,NG-BE,2005,3,Benue state,7.7411,8.5121,1.0,adm1_name
16050,NG-DE,2005,3,Delta state,5.559852,5.81703,1.0,adm1_name
16454,NG-LA,2005,3,Lagos state,6.453056,3.395833,1.0,adm1_name
15706,NG-AN,2005,3,Anambra state,6.14543,6.788452,0.0,adm1_name
15707,NG-AN,2005,3,Anambra state,6.14543,6.788452,3.0,adm1_name
15726,NG-AN,2005,3,Anambra state,6.14543,6.788452,4.0,adm1_name
16988,NG-RI,2006,3,Rivers state,4.788666,6.894286,10.0,adm1_name
16855,NG-RI,2007,3,Rivers state,4.777423,7.013404,1.0,adm1_name
16885,NG-RI,2007,3,Rivers state,4.777423,7.013404,1.0,adm1_name
16274,NG-EN,2007,3,Enugu state,6.5,7.5,2.0,adm1_name
13921,NG-AN,2007,3,Anambra state,6.333333,7.0,1.0,adm1_name
16365,NG-KD,2008,3,Kaduna state,10.52224,7.43828,0.0,adm1_name
16078,NG-DE,2008,3,Delta state,5.51721,5.90572,1.0,adm1_name
16851,NG-RI,2008,3,Rivers state,4.777423,7.013404,1.0,adm1_name
16306,NG-EN,2008,3,Enugu state,6.4402,7.4943,1.0,adm1_name
16471,NG-LA,2008,3,Lagos state,6.453056,3.395833,1.0,adm1_name
15859,NG-BY,2008,3,Bayelsa state,4.67675,5.94156,3.0,adm1_name
16302,NG-EN,2008,3,Enugu state,6.4402,7.4943,1.0,adm1_name
16127,NG-DE,2008,3,Delta state,5.5167,5.75,2.0,adm1_name
16810,NG-PL,2008,3,Plateau state,9.916667,8.9,14.0,adm1_name
16811,NG-PL,2008,3,Plateau state,9.916667,8.9,119.0,adm1_name
16057,NG-DE,2008,3,Delta state,6.200643,6.733845,1.0,adm1_name
17070,NG-RI,2008,3,Rivers state,4.691611,7.429076,1.0,adm1_name
16336,NG-IM,2008,3,Imo state,5.5,7.166667,1.0,adm1_name
16587,NG-NI,2009,3,Niger state,9.19085,7.15184,1.0,adm1_name
16145,NG-DE,2009,3,Delta state,5.5167,5.75,3.0,adm1_name
16299,NG-EN,2009,3,Enugu state,6.4762,7.5851,1.0,adm1_name
16187,NG-DE,2009,3,Delta state,5.57418,5.41142,0.0,adm1_name
16144,NG-DE,2009,3,Delta state,5.5167,5.75,1.0,adm1_name
17071,NG-RI,2009,3,Rivers state,4.874856,7.05255,1.0,adm1_name
16883,NG-RI,2009,3,Rivers state,4.777423,7.013404,6.0,adm1_name
17036,NG-RI,2010,3,Rivers state,4.66934,7.27407,1.0,adm1_name
42315,NG-AK,2011,3,Akwa Ibom state,4.64122,7.92092,1.0,adm1_name
42316,NG-PL,2011,3,Plateau state,9.916667,8.9,0.0,adm1_name
42321,NG-NA,2011,3,Nasarawa state,8.48333,8.51667,0.0,adm1_name
42348,NG-NA,2011,3,Nasarawa state,8.48333,8.51667,3.0,adm1_name
42320,NG-BE,2011,3,Benue state,7.6844,8.538,1.0,adm1_name
42323,NG-KN,2011,3,Kano state,11.95949,8.50341,0.0,adm1_name
42325,NG-PL,2011,3,Plateau state,9.916667,8.9,0.0,adm1_name
42324,NG-AK,2011,3,Akwa Ibom state,5.162391,7.669581,0.0,adm1_name
42326,NG-DE,2011,3,Delta state,5.3886,5.99532,0.0,adm1_name
42327,NG-AB,2011,3,Abia state,5.65778,7.8943,0.0,adm1_name
42328,NG-PL,2011,3,Plateau state,9.916667,8.9,0.0,adm1_name
42329,NG-KT,2011,3,Katsina state,12.99082,7.60177,0.0,adm1_name
42330,NG-RI,2011,3,Rivers state,4.69962,7.42264,0.0,adm1_name
42331,NG-BO,2011,3,Borno state,11.84644,13.160274,23.0,adm1_name
42332,NG-AN,2011,3,Anambra state,6.14543,6.788452,0.0,adm1_name
42335,NG-BO,2011,3,Borno state,11.84644,13.160274,0.0,adm1_name
42336,NG-BO,2011,3,Borno state,11.84644,13.160274,0.0,adm1_name
42337,NG-BO,2011,3,Borno state,10.61285,12.19458,0.0,adm1_name
42333,NG-BY,2011,3,Bayelsa state,4.91191,6.27495,0.0,adm1_name
42338,NG-BO,2011,3,Borno state,10.61285,12.19458,2.0,adm1_name
42339,NG-DE,2011,3,Delta state,5.84092,6.29593,3.0,adm1_name
42340,NG-DE,2011,3,Delta state,5.5,6.0,0.0,adm1_name
42341,NG-BY,2011,3,Bayelsa state,5.03163,6.35931,0.0,adm1_name
42342,NG-KD,2011,3,Kaduna state,10.333333,7.75,1.0,adm1_name
272232,NG-ON,2011,3,Ondo state,6.547974,4.698937,1.0,adm1_name
42343,NG-PL,2011,3,Plateau state,8.833333,9.633333,0.0,adm1_name
42344,NG-LA,2011,3,Lagos state,6.61526,3.5069,1.0,adm1_name
42345,NG-DE,2011,3,Delta state,5.335317,6.232552,0.0,adm1_name
42346,NG-BO,2011,3,Borno state,11.84644,13.160274,0.0,adm1_name
42347,NG-AK,2011,3,Akwa Ibom state,4.780222,8.235578,0.0,adm1_name
41939,NG-KO,2012,3,Kogi state,7.79688,6.74048,1.0,adm1_name
203078,NG-BO,2012,3,Borno state,13.27368,13.803,201.0,adm1_name
262879,NG-PL,2012,3,Plateau state,9.916667,8.9,3.0,adm1_name
41944,NG-RI,2012,3,Rivers state,4.777423,7.013404,1.0,adm1_name
41946,NG-BO,2012,3,Borno state,11.84644,13.160274,1.0,adm1_name
41947,NG-RI,2012,3,Rivers state,4.777423,7.013404,1.0,adm1_name
41950,NG-KD,2012,3,Kaduna state,10.52224,7.43828,1.0,adm1_name
41954,NG-BY,2012,3,Bayelsa state,4.924722,6.264167,1.0,adm1_name
41955,NG-BY,2012,3,Bayelsa state,4.91191,6.27495,1.0,adm1_name
41963,NG-KD,2012,3,Kaduna state,10.315,7.274,1.0,adm1_name
48479,NG-KO,2013,3,Kogi state,7.3189,7.2323,0.0,adm1_name
51444,NG-DE,2013,3,Delta state,6.25183,6.19337,1.0,adm1_name
142191,NG-KD,2014,3,Kaduna state,10.41403,8.68279,6.0,adm1_name
143988,NG-KD,2014,3,Kaduna state,11.082083,7.716097,32.0,adm1_name
157368,NG-KD,2014,3,Kaduna state,11.082083,7.716097,2.0,adm1_name
155986,NG-AN,2014,3,Anambra state,6.14543,6.788452,1.0,adm1_name
193727,NG-KD,2015,3,Kaduna state,11.24338,8.40385,1.0,adm1_name
194577,NG-PL,2015,3,Plateau state,8.910664,10.020653,10.0,adm1_name
213628,NG-PL,2015,3,Plateau state,8.683333,10.083333,9.0,adm1_name
213629,NG-PL,2015,3,Plateau state,9.08261,10.20519,9.0,adm1_name
205796,NG-AN,2015,3,Anambra state,6.14543,6.788452,2.0,adm1_name
235137,NG-RI,2015,3,Rivers state,4.777423,7.013404,2.0,adm1_name
235074,NG-AN,2015,3,,6.134329,6.759244,6.0,point_in_polygon
208076,NG-KD,2015,3,Kaduna state,10.52224,7.43828,4.0,adm1_name
208187,NG-AN,2015,3,Anambra state,6.14543,6.788452,5.0,adm1_name
218826,NG-AB,2016,3,Abia state,5.106576,7.366667,3.0,adm1_name
218891,NG-AB,2016,3,Abia state,5.106576,7.366667,10.0,adm1_name
235135,NG-AN,2016,3,Anambra state,6.14543,6.788452,17.0,adm1_name
235136,NG-DE,2016,3,Delta state,6.200643,6.733845,17.0,adm1_name
235126,NG-AN,2016,3,Anambra state,6.14543,6.788452,2.0,adm1_name
235128,NG-AN,2016,3,Anambra state,6.14543,6.788452,8.0,adm1_name
235130,NG-DE,2016,3,Delta state,6.200643,6.733845,14.0,adm1_name
238178,NG-DE,2017,3,Delta state,5.53859,5.69256,2.0,adm1_name
247284,NG-KN,2017,3,Kano state,11.994354,8.513807,0.0,adm1_name
247479,NG-AD,2017,3,Adamawa state,10.18948,12.52765,7.0,adm1_name
255841,NG-BE,2018,3,Benue state,7.5834,8.2055,2.0,adm1_name
278683,NG-BE,2018,3,Benue state,7.5834,8.2055,2.0,adm1_name
255840,NG-EB,2018,3,Ebonyi state,6.324871,8.107588,1.0,adm1_name
256723,NG-AN,2018,3,Anambra state,6.01986,6.91478,1.0,adm1_name
259922,NG-FC,2018,3,Federal Capital territory,9.083333,7.533333,1.0,adm1_name
259956,NG-KD,2018,3,Kaduna state,10.52224,7.43828,1.0,adm1_name
262136,NG-AN,2018,3,Anambra state,5.94211,6.92931,1.0,adm1_name
262146,NG-AN,2018,3,Anambra state,6.10045,7.061,1.0,adm1_name
265654,NG-OS,2018,3,Osun state,7.675477,4.141269,1.0,adm1_name
269017,NG-PL,2018,3,Plateau state,9.813913,8.928572,0.0,adm1_name
269150,NG-RI,2018,3,Rivers state,5.341667,6.655556,1.0,adm1_name
269242,NG-FC,2018,3,Federal Capital territory,9.083333,7.533333,39.0,adm1_name
272006,NG-RI,2018,3,Rivers state,4.777423,7.013404,1.0,adm1_name
272116,NG-LA,2018,3,Lagos state,6.431495,2.887913,1.0,adm1_name
272265,NG-LA,2018,3,Lagos state,6.453056,3.395833,1.0,adm1_name
277019,NG-ED,2019,3,Edo state,6.335045,5.627492,1.0,adm1_name
279587,NG-RI,2019,3,Rivers state,4.723117,6.778846,1.0,adm1_name
279740,NG-BY,2019,3,Bayelsa state,4.876666,6.172615,2.0,adm1_name
282271,NG-IM,2019,3,Imo state,5.48333,7.03041,1.0,adm1_name
282244,NG-RI,2019,3,Rivers state,5.07645,6.46343,1.0,adm1_name
286861,NG-LA,2019,3,Lagos state,6.453056,3.395833,0.0,adm1_name
286862,NG-LA,2019,3,Lagos state,6.58333,3.75,0.0,adm1_name
284742,NG-LA,2019,3,Lagos state,6.453056,3.395833,1.0,adm1_name
285219,NG-DE,2019,3,Delta state,6.200643,6.733845,3.0,adm1_name
328502,NG-CR,2019,3,Cross River state,4.9517,8.322,0.0,adm1_name
286991,NG-AN,2019,3,Anambra state,6.14543,6.788452,2.0,adm1_name
290282,NG-AB,2019,3,Abia state,5.52491,7.49461,1.0,adm1_name
290397,NG-CR,2019,3,Cross River state,4.9517,8.322,1.0,adm1_name
290459,NG-EN,2019,3,Enugu state,6.112512,7.298923,1.0,adm1_name
293407,NG-LA,2019,3,Lagos state,6.453056,3.395833,0.0,adm1_name
293576,NG-KO,2019,3,Kogi state,7.55,6.233333,1.0,adm1_name
299509,NG-LA,2019,3,Lagos state,6.453056,3.395833,1.0,adm1_name
299522,NG-AB,2019,3,Abia state,5.106576,7.366667,1.0,adm1_name
299523,NG-KD,2019,3,,9.816122,7.461231,1.0,point_in_polygon
299666,NG-OG,2019,3,Ogun state,6.647967,3.394282,1.0,adm1_name
300035,NG-LA,2019,3,Lagos state,6.453056,3.395833,2.0,adm1_name
305702,NG-NI,2019,3,Niger state,10.40319,5.4708,1.0,adm1_name
318969,NG-OG,2019,3,Ogun state,6.69133,2.85799,0.0,adm1_name
313386,NG-OY,2019,3,Oyo state,8.622609,3.614232,1.0,adm1_name
319265,NG-ON,2019,3,Ondo state,7.26248,5.387259,1.0,adm1_name
322754,NG-LA,2019,3,Lagos state,6.453056,3.395833,1.0,adm1_name
326268,NG-OY,2020,3,Oyo state,7.85257,3.93125,0.0,adm1_name
328524,NG-BY,2020,3,Bayelsa state,4.924722,6.264167,2.0,adm1_name
331514,NG-ED,2020,3,Edo state,6.335045,5.627492,1.0,adm1_name
336458,NG-DE,2020,3,Delta state,5.5167,5.75,1.0,adm1_name
338640,NG-AB,2020,3,Abia state,5.106576,7.366667,1.0,adm1_name
338625,NG-AN,2020,3,Anambra state,6.15038,6.83042,2.0,adm1_name
338639,NG-AB,2020,3,Abia state,5.290563,7.328262,1.0,adm1_name
343476,NG-PL,2020,3,Plateau state,9.916667,8.9,1.0,adm1_name
343697,NG-LA,2020,3,Lagos state,6.453056,3.395833,1.0,adm1_name
343702,NG-AD,2020,3,Adamawa state,9.86975,13.2048,1.0,adm1_name
348508,NG-OY,2020,3,Oyo state,7.387778,3.896389,1.0,adm1_name
353845,NG-BA,2020,3,Bauchi state,10.313441,9.843273,2.0,adm1_name
352974,NG-DE,2020,3,Delta state,5.541613,6.227013,1.0,adm1_name
353208,NG-OS,2020,3,Osun state,7.760018,4.768644,1.0,adm1_name
358177,NG-AB,2020,3,Abia state,5.106576,7.366667,1.0,adm1_name
358509,NG-RI,2020,3,Rivers state,4.777423,7.013404,1.0,adm1_name
358486,NG-RI,2020,3,Rivers state,4.565818,7.369471,3.0,adm1_name
364917,NG-LA,2020,3,Lagos state,6.453056,3.395833,12.0,adm1_name
365062,NG-ON,2020,3,Ondo state,7.09316,4.83528,3.0,adm1_name
366291,NG-RI,2020,3,Rivers state,4.878049,7.128327,2.0,adm1_name
366270,NG-PL,2020,3,Plateau state,9.920638,8.962548,1.0,adm1_name
370698,NG-KN,2020,3,Kano state,11.994354,8.513807,2.0,adm1_name
374402,NG-RI,2020,3,Rivers state,4.777423,7.013404,1.0,adm1_name
374570,NG-RI,2020,3,Rivers state,4.777423,7.013404,1.0,adm1_name
396875,NG-LA,2021,3,Lagos state,6.45042,3.613117,1.0,adm1_name
400961,NG-IM,2021,3,Imo state,5.48333,7.03041,1.0,adm1_name
401626,NG-SO,2021,3,Sokoto state,13.083333,5.25,1.0,adm1_name
410995,NG-IM,2021,3,Imo state,5.527505,7.063871,1.0,adm1_name
404541,NG-IM,2021,3,Imo state,5.5,7.166667,1.0,adm1_name
405217,NG-IM,2021,3,Imo state,5.426914,7.201844,1.0,adm1_name
404812,NG-RI,2021,3,Rivers state,4.777423,7.013404,1.0,adm1_name
405039,NG-EN,2021,3,Enugu state,6.4402,7.4943,5.0,adm1_name
405343,NG-OY,2021,3,Oyo state,7.930485,4.127784,2.0,adm1_name
416162,NG-OY,2021,3,Oyo state,7.54363,3.22304,1.0,adm1_name
410322,NG-OY,2021,3,Oyo state,7.681753,3.183679,2.0,adm1_name
413834,NG-OS,2021,3,Osun state,7.766104,4.556521,0.0,adm1_name
419858,NG-LA,2021,3,Lagos state,6.453056,3.395833,1.0,adm1_name
423869,NG-AN,2021,3,Anambra state,5.88329,6.899934,0.0,adm1_name
423359,NG-OS,2021,3,Osun state,7.766104,4.556521,1.0,adm1_name
437268,NG-YO,2022,3,Yobe state,12.871,11.0482,1.0,adm1_name
430662,NG-IM,2022,3,Imo state,5.564925,7.264597,2.0,adm1_name
434473,NG-BO,2022,3,Borno state,11.92543,13.60269,7.0,adm1_name
437610,NG-DE,2022,3,Delta state,5.68799,5.98414,1.0,adm1_name
436211,NG-OS,2022,3,Osun state,7.766104,4.556521,0.0,adm1_name
436636,NG-KD,2022,3,Kaduna state,11.082083,7.716097,0.0,adm1_name
438817,NG-KN,2022,3,Kano state,11.994354,8.513807,0.0,adm1_name
441389,NG-CR,2022,3,Cross River state,5.8745,8.1917,4.0,adm1_name
442175,NG-AN,2022,3,Anambra state,5.912741,6.750691,25.0,adm1_name
442137,NG-BO,2022,3,Borno state,10.845019,12.75177,8.0,adm1_name
442139,NG-AN,2022,3,Anambra state,5.912741,6.750691,10.0,adm1_name
444000,NG-IM,2022,3,Imo state,5.691293,6.934317,7.0,adm1_name
449650,NG-IM,2022,3,Imo state,5.849072,6.961429,1.0,adm1_name
449653,NG-AN,2022,3,Anambra state,5.846835,6.859183,1.0,adm1_name
450158,NG-PL,2022,3,Plateau state,9.93936,8.90222,1.0,adm1_name
452673,NG-DE,2022,3,Delta state,5.48986,6.00743,3.0,adm1_name
456308,NG-AB,2022,3,Abia state,5.52491,7.49461,1.0,adm1_name
456787,NG-BO,2022,3,Borno state,11.15604,12.75758,1.0,adm1_name
458672,NG-RI,2022,3,Rivers state,5.101262,6.818093,1.0,adm1_name
458216,NG-IM,2022,3,Imo state,5.40237,6.82451,1.0,adm1_name
459373,NG-LA,2022,3,Lagos state,6.61526,3.5069,1.0,adm1_name
459410,NG-LA,2022,3,Lagos state,6.46962,3.56287,1.0,adm1_name
459614,NG-FC,2023,3,Federal Capital territory,9.083333,7.533333,1.0,adm1_name
466524,NG-LA,2023,3,Lagos state,6.560681,3.335309,1.0,adm1_name
466773,NG-OS,2023,3,Osun state,7.62789,4.74161,2.0,adm1_name
466821,NG-TA,2023,3,Taraba state,8.0,10.5,1.0,adm1_name
466857,NG-ON,2023,3,Ondo state,7.109101,5.114771,1.0,adm1_name
469988,NG-LA,2023,3,Lagos state,6.497892,3.382923,2.0,adm1_name
470638,NG-LA,2023,3,Lagos state,6.439265,3.285877,1.0,adm1_name
470642,NG-BE,2023,3,Benue state,7.760139,9.759593,0.0,adm1_name
470237,NG-NI,2023,3,Niger state,10.435091,3.818127,3.0,adm1_name
470689,NG-AB,2023,3,Abia state,5.52491,7.49461,1.0,adm1_name
474470,NG-DE,2023,3,Delta state,6.200643,6.733845,1.0,adm1_name
473981,NG-FC,2023,3,Federal Capital territory,9.083333,7.533333,1.0,adm1_name
474447,NG-KE,2023,3,Kebbi state,11.400191,4.963922,1.0,adm1_name
475017,NG-NI,2023,3,Niger state,9.61389,6.55694,1.0,adm1_name
477026,NG-LA,2023,3,Lagos state,6.603658,3.349373,1.0,adm1_name
481150,NG-PL,2023,3,Plateau state,9.721426,8.865393,1.0,adm1_name
480963,NG-OY,2023,3,Oyo state,7.983192,3.052233,1.0,adm1_name
480965,NG-ED,2023,3,Edo state,7.27001,6.34636,3.0,adm1_name
482696,NG-PL,2023,3,Plateau state,9.39052,9.17968,2.0,adm1_name
482693,NG-OG,2023,3,Ogun state,7.14729,2.91795,1.0,adm1_name
483713,NG-EN,2023,3,Enugu state,6.4402,7.4943,2.0,adm1_name
483719,NG-LA,2023,3,Lagos state,6.453056,3.395833,2.0,adm1_name
489730,NG-RI,2023,3,Rivers state,4.777423,7.013404,0.0,adm1_name
489749,NG-LA,2023,3,Lagos state,6.453056,3.395833,1.0,adm1_name
494198,NG-FC,2023,3,Federal Capital territory,9.083333,7.533333,1.0,adm1_name
494510,NG-AK,2023,3,Akwa Ibom state,5.05,7.933333,1.0,adm1_name
499065,NG-AN,2023,3,Anambra state,6.14543,6.788452,1.0,adm1_name
499137,NG-IM,2023,3,Imo state,5.48333,7.03041,1.0,adm1_name
507281,NG-BO,2023,3,Borno state,12.015044,13.832144,1.0,adm1_name
515113,NG-AN,2024,3,Anambra state,6.14543,6.788452,1.0,adm1_name
518707,NG-ON,2024,3,Ondo state,7.25256,5.19312,1.0,adm1_name
526019,NG-EN,2024,3,Enugu state,6.72005,6.94859,1.0,adm1_name
526178,NG-BY,2024,3,Bayelsa state,4.924722,6.264167,1.0,adm1_name
530363,NG-KW,2024,3,Kwara state,8.5,4.55,1.0,adm1_name
539302,NG-BA,2024,3,Bauchi state,9.710084,9.340124,1.0,adm1_name
547166,NG-KD,2024,3,Kaduna state,9.85,7.56,2.0,adm1_name
542711,NG-AN,2024,3,Anambra state,5.785665,6.86455,1.0,adm1_name
543080,NG-IM,2024,3,Imo state,5.359061,7.199283,1.0,adm1_name
542935,NG-BA,2024,3,Bauchi state,10.28947,9.55981,1.0,adm1_name
550316,NG-EN,2024,3,Enugu state,6.4402,7.4943,1.0,adm1_name
558506,NG-DE,2024,3,Delta state,5.541613,6.227013,1.0,adm1_name
193671,NG-BO,2015,3,Borno state,11.5221,13.68558,4.0,adm1_name
193640,NG-BO,2015,3,Borno state,12.37066,14.21731,8.0,adm1_name
193641,NG-BO,2015,3,Borno state,12.37066,14.21731,3.0,adm1_name
193642,NG-BO,2015,3,Borno state,12.27156,14.166693,13.0,adm1_name
193691,NG-BO,2015,3,Borno state,13.09771,12.4952,50.0,adm1_name
193708,NG-BO,2015,3,Borno state,11.103593,13.712982,2.0,adm1_name
193720,NG-BO,2015,3,Borno state,10.90484,12.08863,25.0,adm1_name
193713,NG-GO,2015,3,Gombe state,10.90801,11.27513,0.0,adm1_name
193714,NG-GO,2015,3,Gombe state,10.91061,11.29209,0.0,adm1_name
193717,NG-GO,2015,3,Gombe state,10.82379,10.77221,0.0,adm1_name
198629,NG-YO,2015,3,Yobe state,11.10632,11.37377,1.0,adm1_name
194235,NG-GO,2015,3,Gombe state,10.28969,11.16729,10.0,adm1_name
194259,NG-BO,2015,3,Borno state,11.724167,13.284722,4.0,adm1_name
194241,NG-BO,2015,3,Borno state,11.691757,13.222078,4.0,adm1_name
194262,NG-BO,2015,3,Borno state,10.46458,12.418,24.0,adm1_name
194263,NG-BO,2015,3,Borno state,10.74025,13.21742,20.0,adm1_name
194265,NG-BO,2015,3,Borno state,10.90484,12.08863,2.0,adm1_name
194301,NG-BO,2015,3,Borno state,11.103593,13.712982,11.0,adm1_name
194312,NG-YO,2015,3,Yobe state,11.7091,11.0694,2.0,adm1_name
198637,NG-BO,2015,3,Borno state,12.36532,13.8293,40.0,adm1_name
194342,NG-PL,2015,3,Plateau state,9.56796,8.68476,0.0,adm1_name
194728,NG-BO,2015,3,Borno state,11.25,13.416667,2.0,adm1_name
194347,NG-YO,2015,3,Yobe state,11.485897,12.258713,0.0,adm1_name
194724,NG-BO,2015,3,Borno state,11.69475,12.58074,11.0,adm1_name
194719,NG-BO,2015,3,Borno state,11.8072,12.4909,11.0,adm1_name
194858,NG-BO,2015,3,Borno state,10.66611,12.54459,8.0,adm1_name
195101,NG-BO,2015,3,Borno state,11.778008,13.173047,25.0,adm1_name
195104,NG-BO,2015,3,Borno state,11.691757,13.222078,30.0,adm1_name
198646,NG-BO,2015,3,Borno state,11.103593,13.712983,20.0,adm1_name
198648,NG-BO,2015,3,Borno state,12.67863,13.60792,4.0,adm1_name
198649,NG-BO,2015,3,Borno state,10.77813,12.23147,8.0,adm1_name
195109,NG-AD,2015,3,Adamawa state,9.333333,12.5,0.0,adm1_name
195113,NG-BO,2015,3,Borno state,12.36532,13.8293,12.0,adm1_name
195111,NG-YO,2015,3,Yobe state,11.747,11.9608,9.0,adm1_name
195134,NG-AD,2015,3,Adamawa state,10.85219,13.54889,12.0,adm1_name
195129,NG-AD,2015,3,Adamawa state,10.86645,13.51872,3.0,adm1_name
195130,NG-AD,2015,3,Adamawa state,10.41452,12.56634,8.0,adm1_name
195164,NG-BO,2015,3,Borno state,10.83642,12.7705,0.0,adm1_name
195159,NG-BO,2015,3,Borno state,10.63582,12.8782,0.0,adm1_name
195145,NG-AD,2015,3,Adamawa state,10.79942,13.4622,10.0,adm1_name
195144,NG-BO,2015,3,Borno state,12.499,12.7848,43.0,adm1_name
195198,NG-BO,2015,3,Borno state,10.4884,12.4197,7.0,adm1_name
195206,NG-BO,2015,3,Borno state,11.84644,13.160274,26.0,adm1_name
195336,NG-BO,2015,3,Borno state,11.84644,13.160274,0.0,adm1_name
195345,NG-BO,2015,3,Borno state,11.84644,13.160274,13.0,adm1_name
195370,NG-BO,2015,3,Borno state,11.84644,13.160274,5.0,adm1_name
195381,NG-BO,2015,3,Borno state,11.84644,13.160274,18.0,adm1_name
195414,NG-AD,2015,3,Adamawa state,9.2,12.48333,45.0,adm1_name
195446,NG-BO,2015,3,Borno state,11.84644,13.160274,0.0,adm1_name
198658,NG-BO,2015,3,Borno state,12.67863,13.60792,2.0,adm1_name
195623,NG-BO,2015,3,Borno state,10.76891,13.14579,15.0,adm1_name
195628,NG-BO,2015,3,Borno state,11.149056,12.668762,16.0,adm1_name
195644,NG-BO,2015,3,Borno state,11.09826,12.76417,27.0,adm1_name
195680,NG-YO,2015,3,Yobe state,11.7091,11.0694,2.0,adm1_name
195753,NG-BO,2015,3,Borno state,11.84644,13.160274,30.0,adm1_name
196025,NG-BO,2015,3,Borno state,10.582332,12.43328,20.0,adm1_name
196026,NG-BO,2015,3,Borno state,10.579372,12.43842,22.0,adm1_name
195754,NG-YO,2015,3,Yobe state,11.34973,11.80804,10.0,adm1_name
196044,NG-BO,2015,3,Borno state,11.755521,13.106469,1.0,adm1_name
196107,NG-BO,2015,3,Borno state,12.63745,13.6856,48.0,adm1_name
196113,NG-BO,2015,3,Borno state,12.92475,13.56617,118.0,adm1_name
196360,NG-BO,2015,3,Borno state,11.724167,13.284722,3.0,adm1_name
196363,NG-BO,2015,3,Borno state,10.73115,12.14626,11.0,adm1_name
196353,NG-BO,2015,3,Borno state,11.58605,13.00278,7.0,adm1_name
196364,NG-BO,2015,3,Borno state,10.73798,13.13072,6.0,adm1_name
196365,NG-BO,2015,3,Borno state,10.73798,13.13072,25.0,adm1_name
196376,NG-BO,2015,3,Borno state,11.84644,13.160274,55.0,adm1_name
196384,NG-YO,2015,3,Yobe state,11.7091,11.0694,5.0,adm1_name
196404,NG-PL,2015,3,Plateau state,9.916667,8.9,51.0,adm1_name
196407,NG-BO,2015,3,Borno state,10.73798,13.13072,9.0,adm1_name
196433,NG-KD,2015,3,Kaduna state,11.082083,7.716097,26.0,adm1_name
196490,NG-BO,2015,3,Borno state,11.7593,12.2561,11.0,adm1_name
196479,NG-BO,2015,3,Borno state,12.37066,14.21731,8.0,adm1_name
196531,NG-BO,2015,3,Borno state,12.92475,13.56617,7.0,adm1_name
196576,NG-BO,2015,3,Borno state,12.67863,13.60792,43.0,adm1_name
196480,NG-BO,2015,3,Borno state,11.84644,13.160274,2.0,adm1_name
196613,NG-BO,2015,3,Borno state,11.83022,12.63067,25.0,adm1_name
196615,NG-BO,2015,3,Borno state,13.09771,12.4952,12.0,adm1_name
196618,NG-BO,2015,3,Borno state,11.7593,12.2561,20.0,adm1_name
196620,NG-BO,2015,3,Borno state,13.09466,13.82343,8.0,adm1_name
196835,NG-YO,2015,3,Yobe state,11.758727,12.230098,8.0,adm1_name
196883,NG-BO,2015,3,Borno state,10.98267,13.66066,20.0,adm1_name
196884,NG-BO,2015,3,Borno state,11.03609,13.71627,20.0,adm1_name
196850,NG-GO,2015,3,Gombe state,10.28969,11.16729,0.0,adm1_name
196885,NG-YO,2015,3,Yobe state,11.747,11.9608,13.0,adm1_name
196891,NG-BO,2015,3,Borno state,10.4331,12.24682,10.0,adm1_name
197079,NG-BO,2015,3,Borno state,10.90484,12.08863,2.0,adm1_name
197093,NG-BO,2015,3,Borno state,10.72037,12.15927,0.0,adm1_name
197095,NG-GO,2015,3,Gombe state,10.28969,11.16729,37.0,adm1_name
197116,NG-BO,2015,3,Borno state,10.78296,13.30998,4.0,adm1_name
197107,NG-BO,2015,3,Borno state,10.7606,13.31432,21.0,adm1_name
197128,NG-YO,2015,3,Yobe state,11.747,11.9608,19.0,adm1_name
197162,NG-BO,2015,3,Borno state,10.74025,13.21742,14.0,adm1_name
197864,NG-YO,2015,3,Yobe state,11.38333,11.96667,10.0,adm1_name
197848,NG-BO,2015,3,Borno state,11.84644,13.160274,6.0,adm1_name
198765,NG-YO,2015,3,Yobe state,12.96284,10.78345,10.0,adm1_name
198775,NG-AD,2015,3,Adamawa state,10.826986,13.339133,1.0,adm1_name
198796,NG-AD,2015,3,Adamawa state,10.85219,13.54889,2.0,adm1_name
198793,NG-AD,2015,3,Adamawa state,10.941184,13.593701,1.0,adm1_name
198789,NG-AD,2015,3,Adamawa state,10.798045,13.571345,1.0,adm1_name
197875,NG-BO,2015,3,Borno state,11.84644,13.160274,13.0,adm1_name
197933,NG-AD,2015,3,Adamawa state,10.708016,13.43854,8.0,adm1_name
197941,NG-BO,2015,3,Borno state,12.84661,13.66632,9.0,adm1_name
212013,NG-BO,2015,3,Borno state,13.09466,13.82343,9.0,adm1_name
197943,NG-YO,2015,3,Yobe state,11.10842,11.51935,9.0,adm1_name
197946,NG-BO,2015,3,Borno state,10.810416,12.45449,4.0,adm1_name
197963,NG-BO,2015,3,Borno state,11.84644,13.160274,6.0,adm1_name
197961,NG-BO,2015,3,Borno state,10.810416,12.45449,50.0,adm1_name
198239,NG-YO,2015,3,Yobe state,11.38333,11.96667,8.0,adm1_name
198225,NG-BO,2015,3,Borno state,13.09771,12.4952,7.0,adm1_name
198808,NG-BO,2015,3,Borno state,12.03609,13.91815,5.0,adm1_name
198302,NG-BO,2015,3,Borno state,11.184898,12.878422,24.0,adm1_name
198286,NG-YO,2015,3,Yobe state,11.747,11.9608,6.0,adm1_name
198318,NG-BO,2015,3,Borno state,11.3153,12.4742,4.0,adm1_name
198329,NG-BO,2015,3,Borno state,12.70365,13.21845,56.0,adm1_name
198368,NG-BO,2015,3,Borno state,12.73287,13.09868,4.0,adm1_name
198371,NG-BO,2015,3,Borno state,11.03609,13.71627,7.0,adm1_name
205482,NG-BO,2015,3,Borno state,11.09826,12.76417,27.0,adm1_name
205484,NG-BO,2015,3,Borno state,11.09826,12.76417,7.0,adm1_name
205487,NG-BO,2015,3,Borno state,11.11273,13.61745,24.0,adm1_name
205492,NG-BO,2015,3,Borno state,11.84644,13.160274,5.0,adm1_name
208290,NG-BO,2015,3,Borno state,11.226071,13.783778,12.0,adm1_name
208292,NG-BO,2015,3,Borno state,11.14164,13.77493,15.0,adm1_name
208296,NG-BO,2015,3,Borno state,11.603451,13.488365,5.0,adm1_name
208300,NG-BO,2015,3,Borno state,10.98267,13.66066,30.0,adm1_name
205493,NG-AD,2015,3,Adamawa state,9.2,12.48333,10.0,adm1_name
205494,NG-AD,2015,3,Adamawa state,10.88942,13.62832,5.0,adm1_name
205496,NG-BO,2015,3,Borno state,12.94284,13.17831,1.0,adm1_name
205515,NG-BO,2015,3,Borno state,11.83022,12.63067,3.0,adm1_name
205514,NG-BO,2015,3,Borno state,11.84644,13.160274,117.0,adm1_name
205751,NG-BO,2015,3,Borno state,12.67863,13.60792,27.0,adm1_name
203321,NG-BO,2015,3,Borno state,11.84644,13.160274,85.0,adm1_name
205781,NG-BO,2015,3,Borno state,11.603451,13.488365,9.0,adm1_name
205797,NG-AD,2015,3,Adamawa state,10.78254,13.35834,7.0,adm1_name
205798,NG-AD,2015,3,Adamawa state,10.79942,13.4622,4.0,adm1_name
205801,NG-BO,2015,3,Borno state,11.84644,13.160274,10.0,adm1_name
207400,NG-AD,2015,3,Adamawa state,10.74658,13.41601,7.0,adm1_name
208350,NG-BO,2015,3,Borno state,11.76002,13.26606,5.0,adm1_name
208351,NG-BO,2015,3,Borno state,11.691757,13.222078,5.0,adm1_name
205821,NG-YO,2015,3,Yobe state,11.747,11.9608,14.0,adm1_name
205831,NG-BO,2015,3,Borno state,12.499,12.7848,12.0,adm1_name
205828,NG-BO,2015,3,Borno state,11.84644,13.160274,10.0,adm1_name
208359,NG-BO,2015,3,Borno state,10.83642,12.7705,4.0,adm1_name
208357,NG-BO,2015,3,Borno state,11.15604,12.75758,2.0,adm1_name
206391,NG-BO,2015,3,Borno state,11.84644,13.160274,4.0,adm1_name
206411,NG-BO,2015,3,Borno state,11.755521,13.106469,30.0,adm1_name
206446,NG-BO,2015,3,Borno state,11.755521,13.106469,4.0,adm1_name
206464,NG-AD,2015,3,Adamawa state,10.74658,13.41601,11.0,adm1_name
206496,NG-BO,2015,3,Borno state,12.62357,13.27476,5.0,adm1_name
206493,NG-BO,2015,3,Borno state,12.62357,13.27476,20.0,adm1_name
207377,NG-AD,2015,3,Adamawa state,9.2,12.48333,34.0,adm1_name
207373,NG-BO,2015,3,Borno state,11.84644,13.160274,19.0,adm1_name
207379,NG-BO,2015,3,Borno state,11.84644,13.160274,3.0,adm1_name
207412,NG-BO,2015,3,Borno state,11.84276,12.77548,8.0,adm1_name
207475,NG-AD,2015,3,Adamawa state,9.2,12.48333,31.0,adm1_name
207518,NG-KN,2015,3,Kano state,11.994354,8.513807,19.0,adm1_name
207589,NG-YO,2015,3,Yobe state,11.416667,11.216667,7.0,adm1_name
207586,NG-BO,2015,3,Borno state,11.870457,13.250751,8.0,adm1_name
207665,NG-BO,2015,3,Borno state,12.252155,13.105596,2.0,adm1_name
207657,NG-KN,2015,3,Kano state,11.68566,8.36986,22.0,adm1_name
207664,NG-BO,2015,3,Borno state,10.97046,12.03472,7.0,adm1_name
207700,NG-BO,2015,3,Borno state,13.43162,13.31319,6.0,adm1_name
207702,NG-BO,2015,3,Borno state,10.81667,12.41667,1.0,adm1_name
208020,NG-BO,2015,3,Borno state,11.0319,12.0597,14.0,adm1_name
208077,NG-BO,2015,3,Borno state,10.739692,12.369125,6.0,adm1_name
208065,NG-BO,2015,3,Borno state,10.90484,12.08863,5.0,adm1_name
208060,NG-BO,2015,3,Borno state,10.959233,12.256197,3.0,adm1_name
208236,NG-BO,2015,3,Borno state,11.8072,12.4909,6.0,adm1_name
208243,NG-BO,2015,3,Borno state,10.81667,12.41667,14.0,adm1_name
208246,NG-BO,2015,3,Borno state,11.763556,13.148569,15.0,adm1_name
208252,NG-BO,2015,3,Borno state,11.84644,13.160274,21.0,adm1_name
208256,NG-BO,2015,3,Borno state,11.84644,13.160274,34.0,adm1_name
208251,NG-BO,2015,3,Borno state,11.84644,13.160274,20.0,adm1_name
208253,NG-AD,2015,3,Adamawa state,10.88942,13.62832,30.0,adm1_name
231509,NG-BO,2016,3,Borno state,10.983528,13.350111,4.0,adm1_name
231515,NG-BO,2016,3,Borno state,10.986887,13.298934,3.0,adm1_name
218800,NG-BO,2016,3,Borno state,10.983528,13.350111,4.0,adm1_name
218796,NG-BO,2016,3,Borno state,11.103593,13.712983,2.0,adm1_name
218817,NG-AD,2016,3,Adamawa state,10.88942,13.62832,7.0,adm1_name
218830,NG-YO,2016,3,Yobe state,12.1076,11.7539,1.0,adm1_name
218850,NG-BO,2016,3,Borno state,10.86583,12.84702,11.0,adm1_name
218874,NG-AD,2016,3,Adamawa state,10.16138,12.7399,13.0,adm1_name
218875,NG-BO,2016,3,Borno state,11.76002,13.26606,63.0,adm1_name
218882,NG-BO,2016,3,Borno state,11.72828,13.29973,19.0,adm1_name
218883,NG-BO,2016,3,Borno state,11.84644,13.160274,3.0,adm1_name
231554,NG-BO,2016,3,Borno state,11.8072,12.4909,6.0,adm1_name
234986,NG-BO,2016,3,Borno state,11.58605,13.00278,10.0,adm1_name
218888,NG-BO,2016,3,Borno state,11.792917,13.251117,4.0,adm1_name
218889,NG-BO,2016,3,Borno state,11.84685,12.9359,5.0,adm1_name
218892,NG-BO,2016,3,Borno state,12.03609,13.91815,58.0,adm1_name
218895,NG-BO,2016,3,Borno state,11.58605,13.00278,4.0,adm1_name
218897,NG-BO,2016,3,Borno state,11.15604,12.75758,8.0,adm1_name
218896,NG-BO,2016,3,Borno state,11.09826,12.76417,22.0,adm1_name
231526,NG-AD,2016,3,Adamawa state,10.838173,13.40093,6.0,adm1_name
231462,NG-BO,2016,3,Borno state,10.73798,13.13072,11.0,adm1_name
226143,NG-BO,2016,3,Borno state,10.76891,13.14579,1.0,adm1_name
226146,NG-BO,2016,3,Borno state,11.84644,13.160274,25.0,adm1_name
231465,NG-BO,2016,3,Borno state,11.09826,12.76417,5.0,adm1_name
231456,NG-BO,2016,3,Borno state,10.68692,13.26934,4.0,adm1_name
226336,NG-YO,2016,3,Yobe state,11.02617,11.80422,20.0,adm1_name
226405,NG-YO,2016,3,Yobe state,11.0,11.71667,0.0,adm1_name
226409,NG-BO,2016,3,Borno state,11.255863,14.152438,8.0,adm1_name
231377,NG-BO,2016,3,Borno state,10.81742,12.08845,1.0,adm1_name
231374,NG-BO,2016,3,Borno state,10.823883,12.241649,2.0,adm1_name
226564,NG-BO,2016,3,Borno state,11.92589,13.23062,13.0,adm1_name
226661,NG-BO,2016,3,Borno state,11.792917,13.251117,4.0,adm1_name
226673,NG-BO,2016,3,Borno state,11.09826,12.76417,4.0,adm1_name
231363,NG-BO,2016,3,Borno state,10.86583,12.84702,4.0,adm1_name
226678,NG-AD,2016,3,Adamawa state,10.838173,13.40093,18.0,adm1_name
226726,NG-BO,2016,3,Borno state,12.36166,14.35716,2.0,adm1_name
235030,NG-BO,2016,3,Borno state,10.74025,13.21742,1.0,adm1_name
226828,NG-BO,2016,3,Borno state,11.15604,12.75758,6.0,adm1_name
226834,NG-BO,2016,3,Borno state,12.28295,14.47243,7.0,adm1_name
240775,NG-YO,2017,3,Yobe state,12.048634,12.096891,2.0,adm1_name
237430,NG-BO,2017,3,Borno state,11.58605,13.00278,3.0,adm1_name
240279,NG-BO,2017,3,Borno state,12.91849,13.21395,6.0,adm1_name
247793,NG-YO,2017,3,Yobe state,11.57359,12.08416,1.0,adm1_name
255027,NG-BO,2018,3,Borno state,13.151034,13.964249,5.0,adm1_name
259969,NG-BO,2018,3,Borno state,12.26189,14.07576,6.0,adm1_name
265779,NG-BO,2018,3,Borno state,11.5,13.0,1.0,adm1_name
268843,NG-GO,2018,3,,10.569692,11.554794,1.0,point_in_polygon
271989,NG-BO,2018,3,Borno state,12.606135,13.567072,15.0,adm1_name
276933,NG-BO,2019,3,Borno state,11.593156,13.502581,1.0,adm1_name
317931,NG-BO,2019,3,Borno state,12.49303,13.20914,1.0,adm1_name
284925,NG-BO,2019,3,Borno state,12.63792,13.558359,14.0,adm1_name
290461,NG-BO,2019,3,Borno state,12.94284,13.17831,9.0,adm1_name
290450,NG-BO,2019,3,Borno state,13.09165,12.6966,20.0,adm1_name
293465,NG-BO,2019,3,Borno state,13.087504,12.738476,1.0,adm1_name
318259,NG-BO,2019,3,Borno state,13.09771,12.4952,2.0,adm1_name
305756,NG-BO,2019,3,Borno state,11.5,13.0,1.0,adm1_name
294274,NG-BO,2019,3,Borno state,12.03609,13.91815,0.0,adm1_name
293556,NG-BO,2019,3,Borno state,12.70365,13.21845,0.0,adm1_name
293591,NG-BO,2019,3,Borno state,11.84276,12.77548,0.0,adm1_name
318501,NG-BO,2019,3,Borno state,12.1131,12.8274,1.0,adm1_name
299950,NG-BO,2019,3,Borno state,12.499,12.7848,1.0,adm1_name
299994,NG-BO,2019,3,Borno state,12.49303,13.20914,4.0,adm1_name
300009,NG-BO,2019,3,Borno state,10.931916,12.524372,11.0,adm1_name
318505,NG-BO,2019,3,Borno state,12.252155,13.105596,3.0,adm1_name
318552,NG-BO,2019,3,Borno state,11.5,13.0,1.0,adm1_name
305807,NG-BO,2019,3,Borno state,11.851284,12.858597,2.0,adm1_name
321606,NG-BO,2019,3,Borno state,11.5,13.0,4.0,adm1_name
321804,NG-BO,2019,3,Borno state,12.618096,13.332251,5.0,adm1_name
322741,NG-BO,2019,3,Borno state,10.86583,12.84702,6.0,adm1_name
322747,NG-BO,2019,3,Borno state,11.5,13.0,10.0,adm1_name
334246,NG-BO,2019,3,Borno state,10.69577,12.33134,1.0,adm1_name
326272,NG-KD,2020,3,,10.0,8.0,2.0,point_in_polygon
326730,NG-BO,2020,3,Borno state,11.847016,13.020868,3.0,adm1_name
334208,NG-BO,2020,3,Borno state,11.84685,12.9359,3.0,adm1_name
334275,NG-BO,2020,3,Borno state,11.84276,12.77548,1.0,adm1_name
328494,NG-BO,2020,3,Borno state,11.84685,12.9359,3.0,adm1_name
331387,NG-BO,2020,3,Borno state,11.84685,12.9359,31.0,adm1_name
332237,NG-BO,2020,3,Borno state,10.868515,12.708618,1.0,adm1_name
335841,NG-BO,2020,3,Borno state,11.84685,12.9359,6.0,adm1_name
338178,NG-BO,2020,3,Borno state,11.84685,12.9359,8.0,adm1_name
343740,NG-BO,2020,3,Borno state,11.84276,12.77548,4.0,adm1_name
346071,NG-BO,2020,3,Borno state,11.84276,12.77548,5.0,adm1_name
346039,NG-BO,2020,3,Borno state,12.89979,12.81882,81.0,adm1_name
346194,NG-BO,2020,3,Borno state,12.648483,12.741016,32.0,adm1_name
346926,NG-BO,2020,3,Borno state,12.01389,12.85197,4.0,adm1_name
346330,NG-BO,2020,3,Borno state,12.1131,12.8274,5.0,adm1_name
346314,NG-BO,2020,3,Borno state,12.67777,12.75361,6.0,adm1_name
348523,NG-BO,2020,3,Borno state,11.5,13.0,5.0,adm1_name
348567,NG-BO,2020,3,Borno state,11.439891,12.945559,0.0,adm1_name
352984,NG-BO,2020,3,Borno state,12.17309,12.63114,13.0,adm1_name
358454,NG-BO,2020,3,Borno state,11.631914,12.319964,8.0,adm1_name
358456,NG-BO,2020,3,Borno state,11.84685,12.9359,3.0,adm1_name
366922,NG-BO,2020,3,Borno state,12.17309,12.63114,8.0,adm1_name
366859,NG-BO,2020,3,Borno state,11.850742,12.882295,3.0,adm1_name
366878,NG-BO,2020,3,Borno state,11.0398,12.7041,5.0,adm1_name
370494,NG-BO,2020,3,Borno state,10.794037,12.723723,10.0,adm1_name
370813,NG-BO,2020,3,Borno state,10.86583,12.84702,0.0,adm1_name
374564,NG-BO,2020,3,Borno state,11.84276,12.77548,0.0,adm1_name
374533,NG-BO,2020,3,Borno state,11.84276,12.77548,5.0,adm1_name
374793,NG-GO,2020,3,,10.569692,11.554794,5.0,point_in_polygon
381503,NG-BO,2021,3,Borno state,12.66013,13.36967,2.0,adm1_name
385892,NG-BO,2021,3,Borno state,11.15604,12.75758,5.0,adm1_name
390304,NG-BO,2021,3,Borno state,12.57852,13.61727,22.0,adm1_name
391830,NG-BO,2021,3,Borno state,10.64697,12.91104,1.0,adm1_name
390959,NG-BO,2021,3,Borno state,11.15604,12.75758,1.0,adm1_name
395490,NG-AD,2021,3,Adamawa state,10.466497,12.844669,11.0,adm1_name
396908,NG-YO,2021,3,Yobe state,12.897,11.9304,4.0,adm1_name
416830,NG-BO,2021,3,Borno state,11.5221,13.68558,0.0,adm1_name
416379,NG-SO,2021,3,Sokoto state,13.530203,5.878673,0.0,adm1_name
416538,NG-SO,2021,3,Sokoto state,13.3382,6.47454,0.0,adm1_name
416543,NG-SO,2021,3,Sokoto state,13.43318,6.373833,0.0,adm1_name
420445,NG-BO,2021,3,Borno state,10.803005,12.779446,0.0,adm1_name
420446,NG-BO,2021,3,Borno state,10.710731,12.250619,0.0,adm1_name
425841,NG-BO,2021,3,Borno state,10.705622,12.761878,20.0,adm1_name
427712,NG-BO,2022,3,Borno state,10.819855,12.98956,3.0,adm1_name
427779,NG-BO,2022,3,Borno state,10.776376,12.949428,2.0,adm1_name
431564,NG-AD,2022,3,Adamawa state,9.333333,12.5,0.0,adm1_name
430796,NG-BO,2022,3,Borno state,10.819855,12.98956,3.0,adm1_name
430798,NG-BO,2022,3,Borno state,10.81742,12.08845,24.0,adm1_name
434481,NG-KD,2022,3,Kaduna state,10.315,7.274,0.0,adm1_name
436452,NG-YO,2022,3,Yobe state,11.48451,12.31264,3.0,adm1_name
436993,NG-BO,2022,3,Borno state,10.780158,12.987175,1.0,adm1_name
436517,NG-TA,2022,3,Taraba state,8.82815,11.11067,3.0,adm1_name
436518,NG-YO,2022,3,Yobe state,12.897,11.9304,11.0,adm1_name
436598,NG-YO,2022,3,Yobe state,12.871,11.0482,1.0,adm1_name
436589,NG-BO,2022,3,Borno state,12.67777,12.75361,1.0,adm1_name
436648,NG-GO,2022,3,,10.569692,11.554794,0.0,point_in_polygon
437615,NG-BO,2022,3,Borno state,10.819855,12.98956,8.0,adm1_name
437616,NG-BO,2022,3,Borno state,10.8856,12.70429,1.0,adm1_name
439011,NG-KO,2022,3,Kogi state,7.823114,6.073215,0.0,adm1_name
438830,NG-BO,2022,3,Borno state,12.048216,14.308852,50.0,adm1_name
441060,NG-ON,2022,3,Ondo state,7.1962,5.58681,40.0,adm1_name
441087,NG-BO,2022,3,Borno state,12.028284,14.045022,23.0,adm1_name
441120,NG-BO,2022,3,Borno state,11.95701,13.90569,25.0,adm1_name
441223,NG-BO,2022,3,Borno state,11.731161,13.639232,10.0,adm1_name
449675,NG-BO,2022,3,Borno state,11.5,13.0,0.0,adm1_name
449965,NG-KN,2022,3,Kano state,11.5,8.5,2.0,adm1_name
452742,NG-KO,2022,3,Kogi state,7.79688,6.74048,2.0,adm1_name
457059,NG-BO,2022,3,Borno state,13.6734,13.3388,7.0,adm1_name
459633,NG-KO,2023,3,Kogi state,7.79688,6.74048,0.0,adm1_name
462698,NG-BO,2023,3,Borno state,11.92589,13.23062,1.0,adm1_name
466043,NG-BO,2023,3,Borno state,11.79466,12.866492,1.0,adm1_name
466930,NG-BO,2023,3,Borno state,12.652114,13.362951,1.0,adm1_name
466934,NG-BO,2023,3,Borno state,12.028284,14.045022,36.0,adm1_name
470498,NG-BO,2023,3,Borno state,10.73115,12.14626,1.0,adm1_name
475722,NG-YO,2023,3,Yobe state,12.0,11.5,1.0,adm1_name
473984,NG-JI,2023,3,Jigawa state,11.701703,9.336568,0.0,adm1_name
474054,NG-YO,2023,3,Yobe state,11.20148,12.03125,10.0,adm1_name
476381,NG-BO,2023,3,Borno state,12.37066,14.21731,4.0,adm1_name
476379,NG-BO,2023,3,Borno state,11.255863,14.152438,3.0,adm1_name
475878,NG-BO,2023,3,Borno state,11.15604,12.75758,3.0,adm1_name
476672,NG-BO,2023,3,Borno state,13.09771,12.4952,0.0,adm1_name
478207,NG-AD,2023,3,Adamawa state,9.333333,12.5,4.0,adm1_name
478250,NG-BO,2023,3,Borno state,11.763632,13.124458,8.0,adm1_name
478121,NG-BO,2023,3,Borno state,11.84644,13.160274,11.0,adm1_name
512154,NG-BO,2023,3,Borno state,11.767793,13.127691,7.0,adm1_name
478693,NG-BO,2023,3,Borno state,11.15604,12.75758,2.0,adm1_name
478348,NG-BO,2023,3,Borno state,11.869642,13.253906,1.0,adm1_name
495966,NG-BO,2023,3,Borno state,11.882116,13.305379,1.0,adm1_name
495967,NG-BO,2023,3,Borno state,11.8472,13.25,2.0,adm1_name
495968,NG-BO,2023,3,Borno state,11.8279,13.2768,4.0,adm1_name
481035,NG-BO,2023,3,Borno state,11.15604,12.75758,6.0,adm1_name
480976,NG-BO,2023,3,Borno state,11.15604,12.75758,5.0,adm1_name
483029,NG-YO,2023,3,Yobe state,12.89432,10.9076,1.0,adm1_name
483579,NG-BO,2023,3,Borno state,12.42499,13.9373,7.0,adm1_name
482391,NG-BO,2023,3,Borno state,11.52059,14.09661,0.0,adm1_name
484039,NG-YO,2023,3,Yobe state,12.777807,12.407101,1.0,adm1_name
483504,NG-BO,2023,3,Borno state,12.94284,13.17831,25.0,adm1_name
483505,NG-BO,2023,3,Borno state,12.274998,12.568573,7.0,adm1_name
484044,NG-YO,2023,3,Yobe state,11.5032,11.9367,1.0,adm1_name
488185,NG-BO,2023,3,Borno state,12.34137,13.17662,10.0,adm1_name
493212,NG-BO,2023,3,Borno state,12.252155,13.105596,2.0,adm1_name
493198,NG-BO,2023,3,Borno state,11.8072,12.4909,3.0,adm1_name
493201,NG-BO,2023,3,Borno state,11.103593,13.712983,6.0,adm1_name
492499,NG-BO,2023,3,Borno state,11.103593,13.712983,4.0,adm1_name
512153,NG-BO,2023,3,Borno state,11.881761,13.443151,5.0,adm1_name
494374,NG-BO,2023,3,Borno state,11.889635,13.492233,5.0,adm1_name
493362,NG-BO,2023,3,Borno state,13.266975,12.605481,0.0,adm1_name
493752,NG-BO,2023,3,Borno state,11.045854,12.646037,2.0,adm1_name
497400,NG-BO,2023,3,Borno state,11.15604,12.75758,1.0,adm1_name
497403,NG-AD,2023,3,Adamawa state,10.41452,12.56634,2.0,adm1_name
497482,NG-YO,2023,3,Yobe state,12.897,11.9304,1.0,adm1_name
497805,NG-BO,2023,3,Borno state,11.5,13.0,1.0,adm1_name
497363,NG-BO,2023,3,Borno state,11.8072,12.4909,1.0,adm1_name
497335,NG-YO,2023,3,Yobe state,12.716667,12.033333,17.0,adm1_name
497354,NG-YO,2023,3,Yobe state,12.716667,12.033333,20.0,adm1_name
497358,NG-BO,2023,3,Borno state,11.5221,13.68558,0.0,adm1_name
501770,NG-BO,2023,3,Borno state,11.848375,13.293896,15.0,adm1_name
501856,NG-BO,2023,3,Borno state,10.86583,12.84702,1.0,adm1_name
501859,NG-BO,2023,3,Borno state,10.86583,12.84702,3.0,adm1_name
502623,NG-BO,2023,3,Borno state,11.572354,13.536488,3.0,adm1_name
502371,NG-BO,2023,3,Borno state,11.20209,13.06987,18.0,adm1_name
506765,NG-BO,2023,3,Borno state,10.776376,12.949428,2.0,adm1_name
506850,NG-BO,2023,3,Borno state,11.20209,13.06987,3.0,adm1_name
507276,NG-AD,2023,3,Adamawa state,10.466497,12.844669,2.0,adm1_name
507140,NG-BO,2024,3,Borno state,10.803005,12.779446,15.0,adm1_name
507292,NG-NA,2024,3,Nasarawa state,9.026393,7.607362,4.0,adm1_name
506886,NG-BO,2024,3,Borno state,11.189186,13.663927,2.0,adm1_name
506905,NG-YO,2024,3,Yobe state,12.716667,12.033333,14.0,adm1_name
511135,NG-YO,2024,3,Yobe state,12.897,11.9304,6.0,adm1_name
510340,NG-BO,2024,3,Borno state,12.49303,13.20914,6.0,adm1_name
510689,NG-BO,2024,3,Borno state,12.03609,13.91815,0.0,adm1_name
511022,NG-BO,2024,3,Borno state,12.92475,13.56617,0.0,adm1_name
511574,NG-BO,2024,3,Borno state,12.67777,12.75361,0.0,adm1_name
511023,NG-BO,2024,3,Borno state,12.92475,13.56617,0.0,adm1_name
511027,NG-YO,2024,3,Yobe state,11.92058,12.184742,3.0,adm1_name
510545,NG-YO,2024,3,Yobe state,11.92058,12.184742,2.0,adm1_name
515137,NG-YO,2024,3,Yobe state,11.38333,11.96667,1.0,adm1_name
514564,NG-BO,2024,3,Borno state,13.09165,12.6966,1.0,adm1_name
514572,NG-BO,2024,3,Borno state,12.016912,13.861233,1.0,adm1_name
524863,NG-BO,2024,3,Borno state,12.92475,13.56617,36.0,adm1_name
531301,NG-BO,2024,3,Borno state,11.0319,12.0597,3.0,adm1_name
536241,NG-BO,2024,3,Borno state,11.255863,14.152438,1.0,adm1_name
537886,NG-YO,2024,3,Yobe state,12.897,11.9304,4.0,adm1_name
538795,NG-YO,2024,3,Yobe state,12.361031,12.226946,103.0,adm1_name
544494,NG-BO,2024,3,Borno state,13.33282,13.12743,0.0,adm1_name
544534,NG-YO,2024,3,Yobe state,12.897,11.9304,1.0,adm1_name
550227,NG-BO,2024,3,Borno state,11.631914,12.319964,0.0,adm1_name
567841,NG-BO,2024,3,Borno state,11.5,13.0,0.0,adm1_name
555366,NG-BO,2024,3,Borno state,12.94515,13.67232,3.0,adm1_name
555249,NG-YO,2024,3,Yobe state,12.0,11.5,0.0,adm1_name
555299,NG-BO,2024,3,Borno state,11.8072,12.4909,0.0,adm1_name
555335,NG-BO,2024,3,Borno state,10.524151,12.313736,0.0,adm1_name
555349,NG-BO,2024,3,Borno state,10.877641,12.784478,0.0,adm1_name
559110,NG-BO,2024,3,Borno state,13.087504,12.738476,0.0,adm1_name
15705,NG-AN,2000,3,Anambra state,6.14543,6.788452,16.0,adm1_name
13902,NG-AN,2000,3,Anambra state,6.14543,6.788452,15.0,adm1_name
13236,NG-IM,2001,3,Imo state,5.48333,7.03041,13.0,adm1_name
16351,NG-IM,2001,3,Imo state,5.48333,7.03041,2.0,adm1_name
16352,NG-IM,2001,3,Imo state,5.364332,6.959618,4.0,adm1_name
353674,NG-DE,2020,3,Delta state,5.51122,6.04821,1.0,adm1_name
404747,NG-AB,2021,3,Abia state,5.52491,7.49461,0.0,adm1_name
15984,NG-BO,2009,3,Borno state,12.37066,14.21731,1.0,adm1_name
15950,NG-BO,2010,3,Borno state,11.84644,13.160274,0.0,adm1_name
15940,NG-BO,2010,3,Borno state,11.5,13.0,1.0,adm1_name
15943,NG-BO,2010,3,Borno state,11.5,13.0,1.0,adm1_name
15953,NG-BO,2010,3,Borno state,11.84644,13.160274,2.0,adm1_name
15955,NG-BO,2010,3,Borno state,11.84644,13.160274,1.0,adm1_name
15951,NG-BO,2010,3,Borno state,11.84644,13.160274,2.0,adm1_name
15740,NG-BA,2010,3,Bauchi state,10.313441,9.843273,0.0,adm1_name
15977,NG-BO,2010,3,Borno state,11.84644,13.160274,0.0,adm1_name
16744,NG-PL,2010,3,Plateau state,9.916667,8.9,80.0,adm1_name
15949,NG-BO,2010,3,Borno state,11.84644,13.160274,5.0,adm1_name
15990,NG-BO,2010,3,Borno state,11.84644,13.160274,0.0,adm1_name
15987,NG-BO,2010,3,Borno state,11.84644,13.160274,0.0,adm1_name
42271,NG-BO,2011,3,Borno state,11.84644,13.160274,7.0,adm1_name
42272,NG-NI,2011,3,Niger state,9.18052,7.17933,0.0,adm1_name
42273,NG-BO,2011,3,Borno state,11.84644,13.160274,0.0,adm1_name
42274,NG-BO,2011,3,Borno state,11.84644,13.160274,0.0,adm1_name
42275,NG-BO,2011,3,Borno state,11.84644,13.160274,0.0,adm1_name
42277,NG-BO,2011,3,Borno state,11.84644,13.160274,0.0,adm1_name
42276,NG-NI,2011,3,Niger state,9.18052,7.17933,0.0,adm1_name
42278,NG-BO,2011,3,Borno state,11.84644,13.160274,3.0,adm1_name
42279,NG-BO,2011,3,Borno state,11.84644,13.160274,0.0,adm1_name
42280,NG-BO,2011,3,Borno state,11.84644,13.160274,0.0,adm1_name
42281,NG-BO,2011,3,Borno state,11.84644,13.160274,0.0,adm1_name
42282,NG-BO,2011,3,Borno state,11.84644,13.160274,0.0,adm1_name
42283,NG-BO,2011,3,Borno state,11.84644,13.160274,0.0,adm1_name
42284,NG-BO,2011,3,Borno state,11.84644,13.160274,0.0,adm1_name
42285,NG-FC,2011,3,Federal Capital territory,9.09639,7.21278,2.0,adm1_name
42286,NG-BO,2011,3,Borno state,11.84644,13.160274,1.0,adm1_name
42287,NG-BO,2011,3,Borno state,10.61285,12.19458,0.0,adm1_name
42288,NG-BO,2011,3,Borno state,10.61285,12.19458,0.0,adm1_name
42289,NG-BO,2011,3,Borno state,11.84644,13.160274,2.0,adm1_name
42290,NG-BA,2011,3,Bauchi state,10.5,10.0,0.0,adm1_name
42291,NG-BO,2011,3,Borno state,11.84644,13.160274,0.0,adm1_name
42292,NG-BO,2011,3,Borno state,11.84644,13.160274,0.0,adm1_name
42293,NG-BO,2011,3,Borno state,11.84644,13.160274,0.0,adm1_name
42294,NG-BO,2011,3,Borno state,11.84644,13.160274,0.0,adm1_name
42295,NG-BO,2011,3,Borno state,11.84644,13.160274,0.0,adm1_name
42297,NG-NI,2011,3,Niger state,9.18052,7.17933,0.0,adm1_name
42296,NG-BO,2011,3,Borno state,11.84644,13.160274,0.0,adm1_name
42298,NG-BO,2011,3,Borno state,11.84644,13.160274,0.0,adm1_name
42299,NG-BO,2011,3,Borno state,12.37066,14.21731,0.0,adm1_name
42300,NG-FC,2011,3,Federal Capital territory,9.083333,7.533333,25.0,adm1_name
42303,NG-BO,2011,3,Borno state,11.84644,13.160274,0.0,adm1_name
42304,NG-BO,2011,3,Borno state,11.84644,13.160274,0.0,adm1_name
42305,NG-BO,2011,3,Borno state,11.84644,13.160274,0.0,adm1_name
42301,NG-BO,2011,3,Borno state,11.84644,13.160274,0.0,adm1_name
42302,NG-BO,2011,3,Borno state,11.84644,13.160274,0.0,adm1_name
42306,NG-BO,2011,3,Borno state,11.84644,13.160274,0.0,adm1_name
42307,NG-BO,2011,3,Borno state,11.84644,13.160274,0.0,adm1_name
42308,NG-BO,2011,3,Borno state,11.84644,13.160274,1.0,adm1_name
42309,NG-BO,2011,3,Borno state,11.84644,13.160274,0.0,adm1_name
42310,NG-BO,2011,3,Borno state,11.84644,13.160274,4.0,adm1_name
42311,NG-BO,2011,3,Borno state,11.84644,13.160274,0.0,adm1_name
42313,NG-BO,2011,3,Borno state,11.84644,13.160274,0.0,adm1_name
42312,NG-BO,2011,3,Borno state,11.84644,13.160274,0.0,adm1_name
42314,NG-FC,2011,3,Federal Capital territory,9.10444,7.21333,37.0,adm1_name
41822,NG-BO,2012,3,Borno state,11.84644,13.160274,2.0,adm1_name
41823,NG-AD,2012,3,Adamawa state,10.26761,13.26436,2.0,adm1_name
41824,NG-GO,2012,3,Gombe state,10.28969,11.16729,6.0,adm1_name
41825,NG-AD,2012,3,Adamawa state,10.26761,13.26436,17.0,adm1_name
41826,NG-AD,2012,3,Adamawa state,9.2,12.48333,12.0,adm1_name
41818,NG-AD,2012,3,Adamawa state,9.6,11.783333,4.0,adm1_name
41827,NG-BO,2012,3,Borno state,10.61285,12.19458,3.0,adm1_name
41828,NG-BO,2012,3,Borno state,11.84644,13.160274,2.0,adm1_name
41830,NG-YO,2012,3,Yobe state,11.747,11.9608,2.0,adm1_name
41829,NG-BA,2012,3,Bauchi state,9.82542,9.5824,3.0,adm1_name
41831,NG-YO,2012,3,Yobe state,11.7091,11.0694,4.0,adm1_name
41832,NG-AD,2012,3,Adamawa state,9.2,12.48333,2.0,adm1_name
41833,NG-GO,2012,3,Gombe state,10.25,11.166667,2.0,adm1_name
41834,NG-BO,2012,3,Borno state,11.84644,13.160274,2.0,adm1_name
41835,NG-YO,2012,3,Yobe state,11.747,11.9608,2.0,adm1_name
41836,NG-YO,2012,3,Yobe state,11.7091,11.0694,1.0,adm1_name
41838,NG-BA,2012,3,Bauchi state,10.313441,9.843273,8.0,adm1_name
41839,NG-BO,2012,3,Borno state,12.37066,14.21731,1.0,adm1_name
41840,NG-BO,2012,3,Borno state,11.84644,13.160274,1.0,adm1_name
41842,NG-BO,2012,3,Borno state,11.84644,13.160274,7.0,adm1_name
41845,NG-BO,2012,3,Borno state,11.15604,12.75758,2.0,adm1_name
41843,NG-KN,2012,3,Kano state,11.994354,8.513807,1.0,adm1_name
41353,NG-BO,2012,3,Borno state,11.84644,13.160274,1.0,adm1_name
41846,NG-BO,2012,3,Borno state,11.84644,13.160274,7.0,adm1_name
41848,NG-BO,2012,3,Borno state,11.65583,13.42133,1.0,adm1_name
41367,NG-YO,2012,3,Yobe state,12.897,11.9304,1.0,adm1_name
41849,NG-BO,2012,3,Borno state,11.84644,13.160274,21.0,adm1_name
41377,NG-BO,2012,3,Borno state,11.84644,13.160274,1.0,adm1_name
41378,NG-YO,2012,3,Yobe state,11.747,11.9608,1.0,adm1_name
41424,NG-YO,2012,3,Yobe state,11.747,11.9608,1.0,adm1_name
41851,NG-KN,2012,3,Kano state,11.994354,8.513807,5.0,adm1_name
41852,NG-PL,2012,3,Plateau state,9.916667,8.9,5.0,adm1_name
41853,NG-AD,2012,3,Adamawa state,10.85219,13.54889,2.0,adm1_name
41844,NG-KD,2012,3,Kaduna state,9.61232,8.46992,0.0,adm1_name
41856,NG-PL,2012,3,Plateau state,9.916667,8.9,7.0,adm1_name
41857,NG-BO,2012,3,Borno state,11.84644,13.160274,1.0,adm1_name
41854,NG-KN,2012,3,Kano state,11.994354,8.513807,3.0,adm1_name
41858,NG-BO,2012,3,Borno state,11.84644,13.160274,2.0,adm1_name
41806,NG-BO,2012,3,Borno state,11.84644,13.160274,3.0,adm1_name
41855,NG-BO,2012,3,Borno state,11.84644,13.160274,2.0,adm1_name
41293,NG-KN,2012,3,Kano state,11.994354,8.513807,1.0,adm1_name
41272,NG-BO,2012,3,Borno state,11.84644,13.160274,1.0,adm1_name
41306,NG-KD,2012,3,Kaduna state,10.781,7.504,1.0,adm1_name
41859,NG-BO,2012,3,Borno state,11.84644,13.160274,7.0,adm1_name
41860,NG-KD,2012,3,Kaduna state,10.52224,7.43828,41.0,adm1_name
41861,NG-KN,2012,3,Kano state,11.994354,8.513807,1.0,adm1_name
41862,NG-KN,2012,3,Kano state,11.994354,8.513807,1.0,adm1_name
41317,NG-KD,2012,3,Kaduna state,10.52224,7.43828,1.0,adm1_name
41335,NG-BO,2012,3,Borno state,11.84644,13.160274,1.0,adm1_name
41863,NG-BO,2012,3,Borno state,11.84644,13.160274,5.0,adm1_name
41864,NG-BO,2012,3,Borno state,11.84644,13.160274,1.0,adm1_name
41865,NG-YO,2012,3,Yobe state,11.747,11.9608,4.0,adm1_name
41866,NG-FC,2012,3,Federal Capital territory,9.083333,7.533333,4.0,adm1_name
41867,NG-YO,2012,3,Yobe state,12.0,11.5,1.0,adm1_name
41869,NG-KD,2012,3,Kaduna state,10.52224,7.43828,3.0,adm1_name
41354,NG-BO,2012,3,Borno state,11.84644,13.160274,1.0,adm1_name
41870,NG-KN,2012,3,Kano state,11.994354,8.513807,19.0,adm1_name
41868,NG-BO,2012,3,Borno state,11.84644,13.160274,5.0,adm1_name
41871,NG-BO,2012,3,Borno state,11.84644,13.160274,1.0,adm1_name
41379,NG-YO,2012,3,Yobe state,11.71064,11.15721,1.0,adm1_name
41380,NG-YO,2012,3,Yobe state,11.71064,11.15721,1.0,adm1_name
41872,NG-KN,2012,3,Kano state,11.994354,8.513807,3.0,adm1_name
41873,NG-BO,2012,3,Borno state,11.84644,13.160274,5.0,adm1_name
41874,NG-BA,2012,3,Bauchi state,10.313441,9.843273,12.0,adm1_name
41876,NG-KN,2012,3,Kano state,11.994354,8.513807,3.0,adm1_name
41877,NG-BO,2012,3,Borno state,10.61285,12.19458,1.0,adm1_name
41878,NG-PL,2012,3,Plateau state,9.916667,8.9,1.0,adm1_name
41875,NG-BO,2012,3,Borno state,11.84644,13.160274,5.0,adm1_name
41879,NG-KD,2012,3,Kaduna state,11.082083,7.716097,14.0,adm1_name
41880,NG-KD,2012,3,Kaduna state,10.52224,7.43828,7.0,adm1_name
41881,NG-BO,2012,3,Borno state,11.84644,13.160274,1.0,adm1_name
41885,NG-BO,2012,3,Borno state,11.84644,13.160274,9.0,adm1_name
41883,NG-BO,2012,3,Borno state,11.84644,13.160274,2.0,adm1_name
41884,NG-BO,2012,3,Borno state,11.84644,13.160274,2.0,adm1_name
41887,NG-BO,2012,3,Borno state,11.84644,13.160274,5.0,adm1_name
41888,NG-BO,2012,3,Borno state,11.84644,13.160274,1.0,adm1_name
41889,NG-FC,2012,3,Federal Capital territory,9.083333,7.533333,1.0,adm1_name
41890,NG-YO,2012,3,Yobe state,11.747,11.9608,2.0,adm1_name
41891,NG-BO,2012,3,Borno state,11.84644,13.160274,2.0,adm1_name
41892,NG-BO,2012,3,Borno state,11.84644,13.160274,2.0,adm1_name
41893,NG-BO,2012,3,Borno state,11.84644,13.160274,2.0,adm1_name
41894,NG-BO,2012,3,Borno state,11.84644,13.160274,3.0,adm1_name
41895,NG-BO,2012,3,Borno state,11.84644,13.160274,1.0,adm1_name
41896,NG-BO,2012,3,Borno state,11.84644,13.160274,1.0,adm1_name
41897,NG-KN,2012,3,Kano state,11.994354,8.513807,2.0,adm1_name
41898,NG-BO,2012,3,Borno state,11.5,13.0,1.0,adm1_name
41899,NG-BO,2012,3,Borno state,11.84644,13.160274,1.0,adm1_name
41902,NG-KO,2012,3,Kogi state,7.55,6.233333,19.0,adm1_name
41903,NG-BO,2012,3,Borno state,12.17309,12.63114,1.0,adm1_name
41900,NG-BO,2012,3,Borno state,11.84644,13.160274,1.0,adm1_name
41901,NG-BO,2012,3,Borno state,10.81742,12.08845,2.0,adm1_name
41904,NG-TA,2012,3,Taraba state,7.41158,10.04478,1.0,adm1_name
41426,NG-YO,2012,3,Yobe state,11.747,11.9608,3.0,adm1_name
41850,NG-BO,2012,3,Borno state,11.84644,13.160274,2.0,adm1_name
41905,NG-BO,2012,3,Borno state,11.84644,13.160274,4.0,adm1_name
41906,NG-AD,2012,3,Adamawa state,10.26761,13.26436,4.0,adm1_name
41907,NG-BA,2012,3,Bauchi state,10.313441,9.843273,6.0,adm1_name
41910,NG-BA,2012,3,Bauchi state,10.5,10.0,1.0,adm1_name
41911,NG-BO,2012,3,Borno state,11.84644,13.160274,1.0,adm1_name
41912,NG-BA,2012,3,Bauchi state,10.313441,9.843273,2.0,adm1_name
41914,NG-BO,2012,3,Borno state,12.499,12.7848,1.0,adm1_name
41913,NG-BO,2012,3,Borno state,11.84644,13.160274,2.0,adm1_name
41915,NG-YO,2012,3,Yobe state,11.71064,11.15721,10.0,adm1_name
41908,NG-BO,2012,3,Borno state,11.84644,13.160274,1.0,adm1_name
41917,NG-YO,2012,3,Yobe state,11.7091,11.0694,8.0,adm1_name
41916,NG-BO,2012,3,Borno state,11.84644,13.160274,1.0,adm1_name
41909,NG-BO,2012,3,Borno state,11.84644,13.160274,1.0,adm1_name
41919,NG-BO,2012,3,Borno state,11.84644,13.160274,1.0,adm1_name
41920,NG-BO,2012,3,Borno state,11.84644,13.160274,1.0,adm1_name
41921,NG-BO,2012,3,Borno state,11.84644,13.160274,3.0,adm1_name
41922,NG-BO,2012,3,Borno state,11.84644,13.160274,1.0,adm1_name
41923,NG-BO,2012,3,Borno state,11.89912,13.29155,5.0,adm1_name
262917,NG-BO,2012,3,Borno state,11.84644,13.160274,3.0,adm1_name
41925,NG-BO,2012,3,Borno state,10.86583,12.84702,10.0,adm1_name
41926,NG-BO,2012,3,Borno state,13.09771,12.4952,3.0,adm1_name
41927,NG-YO,2012,3,Yobe state,11.7091,11.0694,1.0,adm1_name
41928,NG-BO,2012,3,Borno state,11.65822,13.03365,2.0,adm1_name
41929,NG-BO,2012,3,Borno state,11.84644,13.160274,1.0,adm1_name
41930,NG-YO,2012,3,Yobe state,11.7091,11.0694,6.0,adm1_name
41932,NG-BO,2012,3,Borno state,11.84644,13.160274,1.0,adm1_name
41934,NG-AD,2012,3,Adamawa state,9.86975,13.2048,6.0,adm1_name
45646,NG-BO,2013,3,Borno state,11.84644,13.160274,23.0,adm1_name
45892,NG-KN,2013,3,Kano state,11.994354,8.513807,2.0,adm1_name
64621,NG-KD,2013,3,Kaduna state,10.333333,7.75,1.0,adm1_name
45898,NG-BO,2013,3,Borno state,11.84644,13.160274,4.0,adm1_name
45895,NG-KN,2013,3,Kano state,11.994354,8.513807,0.0,adm1_name
45896,NG-BO,2013,3,Borno state,11.84644,13.160274,3.0,adm1_name
64618,NG-BO,2013,3,Borno state,11.84644,13.160274,1.0,adm1_name
45925,NG-BO,2013,3,Borno state,11.84644,13.160274,2.0,adm1_name
45948,NG-BO,2013,3,Borno state,11.15604,12.75758,0.0,adm1_name
45949,NG-BO,2013,3,Borno state,11.84644,13.160274,3.0,adm1_name
45956,NG-GO,2013,3,Gombe state,10.28969,11.16729,5.0,adm1_name
64322,NG-BO,2013,3,Borno state,11.84644,13.160274,0.0,adm1_name
64613,NG-YO,2013,3,Yobe state,11.10632,11.37377,6.0,adm1_name
64577,NG-BO,2013,3,Borno state,11.925833,13.605556,1.0,adm1_name
64573,NG-BO,2013,3,Borno state,11.84644,13.160274,3.0,adm1_name
46021,NG-KN,2013,3,Kano state,11.994354,8.513807,0.0,adm1_name
46033,NG-BO,2013,3,Borno state,11.84644,13.160274,1.0,adm1_name
64565,NG-BO,2013,3,Borno state,11.14164,13.77493,1.0,adm1_name
64566,NG-YO,2013,3,Yobe state,11.71064,11.15721,0.0,adm1_name
64567,NG-BO,2013,3,Borno state,11.10465,13.803617,1.0,adm1_name
64564,NG-BO,2013,3,Borno state,11.84644,13.160274,0.0,adm1_name
48384,NG-AD,2013,3,Adamawa state,9.333333,12.5,9.0,adm1_name
64563,NG-BO,2013,3,Borno state,11.84644,13.160274,0.0,adm1_name
48475,NG-BO,2013,3,Borno state,11.84644,13.160274,0.0,adm1_name
64553,NG-BO,2013,3,Borno state,11.7593,12.2561,0.0,adm1_name
48473,NG-AD,2013,3,Adamawa state,9.86975,13.2048,0.0,adm1_name
48487,NG-BO,2013,3,Borno state,11.84644,13.160274,1.0,adm1_name
51429,NG-BO,2013,3,Borno state,11.5,13.0,3.0,adm1_name
64550,NG-BO,2013,3,Borno state,11.84644,13.160274,0.0,adm1_name
51428,NG-BO,2013,3,Borno state,11.5,13.0,1.0,adm1_name
64539,NG-BO,2013,3,Borno state,11.103593,13.712982,2.0,adm1_name
51433,NG-BO,2013,3,Borno state,11.84644,13.160274,13.0,adm1_name
51440,NG-BO,2013,3,Borno state,11.083556,13.800361,0.0,adm1_name
51441,NG-BO,2013,3,Borno state,11.103593,13.712983,0.0,adm1_name
51443,NG-BO,2013,3,Borno state,11.103593,13.712983,0.0,adm1_name
51447,NG-BO,2013,3,Borno state,11.724167,13.284722,13.0,adm1_name
51448,NG-BO,2013,3,Borno state,11.84644,13.160274,9.0,adm1_name
64516,NG-BO,2013,3,Borno state,11.103593,13.712982,0.0,adm1_name
64520,NG-BO,2013,3,Borno state,11.083556,13.800361,0.0,adm1_name
51465,NG-BO,2013,3,Borno state,12.67863,13.60792,10.0,adm1_name
51470,NG-YO,2013,3,Yobe state,11.6852,11.1861,42.0,adm1_name
64501,NG-BO,2013,3,Borno state,11.84644,13.160274,0.0,adm1_name
51490,NG-BA,2013,3,Bauchi state,10.99375,10.41179,0.0,adm1_name
51494,NG-BO,2013,3,Borno state,12.96309,13.60899,20.0,adm1_name
64493,NG-BO,2013,3,Borno state,10.61285,12.19458,16.0,adm1_name
51517,NG-KN,2013,3,Kano state,11.994354,8.513807,24.0,adm1_name
51519,NG-BO,2013,3,Borno state,10.63728,12.19741,8.0,adm1_name
60704,NG-BO,2013,3,Borno state,11.8826,13.3434,12.0,adm1_name
60703,NG-BO,2013,3,Borno state,11.65583,13.42133,44.0,adm1_name
60728,NG-BO,2013,3,Borno state,13.09466,13.82343,35.0,adm1_name
60723,NG-BO,2013,3,Borno state,12.37066,14.21731,4.0,adm1_name
61400,NG-AD,2013,3,Adamawa state,10.18948,12.52765,6.0,adm1_name
60738,NG-BO,2013,3,Borno state,11.3885,12.9074,8.0,adm1_name
60735,NG-BO,2013,3,Borno state,12.49303,13.20914,15.0,adm1_name
60736,NG-BO,2013,3,Borno state,11.65583,13.42133,5.0,adm1_name
60764,NG-BO,2013,3,Borno state,11.383731,13.864889,3.0,adm1_name
60794,NG-BO,2013,3,Borno state,11.8072,12.4909,143.0,adm1_name
61397,NG-BO,2013,3,Borno state,11.3885,12.9074,16.0,adm1_name
61413,NG-BO,2013,3,Borno state,12.37066,14.21731,6.0,adm1_name
61415,NG-BO,2013,3,Borno state,12.37066,14.21731,21.0,adm1_name
61403,NG-YO,2013,3,Yobe state,11.863889,11.069722,0.0,adm1_name
61430,NG-BO,2013,3,Borno state,11.807009,12.506577,4.0,adm1_name
64470,NG-BO,2013,3,Borno state,11.089485,13.52226,7.0,adm1_name
61428,NG-BO,2013,3,Borno state,11.8072,12.4909,10.0,adm1_name
61425,NG-YO,2013,3,Yobe state,11.747,11.9608,20.0,adm1_name
61420,NG-YO,2013,3,Yobe state,11.5032,11.9367,65.0,adm1_name
64464,NG-BO,2013,3,Borno state,11.58605,13.00278,3.0,adm1_name
61443,NG-BO,2013,3,Borno state,11.15604,12.75758,5.0,adm1_name
64442,NG-YO,2013,3,Yobe state,11.6852,11.1861,0.0,adm1_name
61453,NG-BO,2013,3,Borno state,12.19763,14.0223,19.0,adm1_name
61454,NG-BO,2013,3,Borno state,11.58605,13.00278,4.0,adm1_name
61455,NG-BO,2013,3,Borno state,11.572354,13.536488,3.0,adm1_name
61467,NG-YO,2013,3,Yobe state,11.71064,11.15721,0.0,adm1_name
61468,NG-BO,2013,3,Borno state,11.50561,13.673217,0.0,adm1_name
62209,NG-BO,2013,3,Borno state,11.646278,14.103572,27.0,adm1_name
62210,NG-BO,2013,3,Borno state,11.448477,13.759141,13.0,adm1_name
61889,NG-BO,2013,3,Borno state,11.383731,13.864889,5.0,adm1_name
64421,NG-BO,2013,3,Borno state,11.14164,13.77493,8.0,adm1_name
62223,NG-BO,2013,3,Borno state,11.5,13.0,12.0,adm1_name
62224,NG-BO,2013,3,Borno state,10.88333,13.31667,7.0,adm1_name
62225,NG-BO,2013,3,Borno state,10.983528,13.350111,7.0,adm1_name
62240,NG-BO,2013,3,Borno state,11.58605,13.00278,3.0,adm1_name
62243,NG-BO,2013,3,Borno state,11.58605,13.00278,2.0,adm1_name
62241,NG-BO,2013,3,Borno state,11.58605,13.00278,2.0,adm1_name
62242,NG-BO,2013,3,Borno state,11.58605,13.00278,1.0,adm1_name
62245,NG-BO,2013,3,Borno state,11.09826,12.76417,12.0,adm1_name
62257,NG-BO,2013,3,Borno state,13.09466,13.82343,7.0,adm1_name
62258,NG-BO,2013,3,Borno state,11.09826,12.76417,17.0,adm1_name
62266,NG-BO,2013,3,Borno state,11.103593,13.712983,0.0,adm1_name
64394,NG-BO,2013,3,Borno state,11.051161,12.649864,9.0,adm1_name
64395,NG-PL,2013,3,Plateau state,9.44945,8.733086,0.0,adm1_name
64390,NG-BO,2013,3,Borno state,11.083556,13.800361,4.0,adm1_name
64372,NG-AD,2013,3,Adamawa state,10.26761,13.26436,0.0,adm1_name
64375,NG-BO,2013,3,Borno state,10.4884,12.4197,12.0,adm1_name
64380,NG-BO,2013,3,Borno state,10.46458,12.418,4.0,adm1_name
64381,NG-BO,2013,3,Borno state,11.62174,13.46612,0.0,adm1_name
128830,NG-BO,2014,3,Borno state,11.691757,13.222078,9.0,adm1_name
129122,NG-BO,2014,3,Borno state,11.058988,13.560506,8.0,adm1_name
128858,NG-BO,2014,3,Borno state,13.5145,13.0801,0.0,adm1_name
128859,NG-BO,2014,3,Borno state,13.50633,13.15844,0.0,adm1_name
128844,NG-BO,2014,3,Borno state,11.84644,13.160274,5.0,adm1_name
128857,NG-BO,2014,3,Borno state,13.36901,12.78577,7.0,adm1_name
128865,NG-BO,2014,3,Borno state,11.724167,13.284722,18.0,adm1_name
128870,NG-BO,2014,3,Borno state,12.483371,14.183386,1.0,adm1_name
129123,NG-BO,2014,3,Borno state,11.17255,13.76114,3.0,adm1_name
128872,NG-BO,2014,3,Borno state,11.13357,12.951895,10.0,adm1_name
128873,NG-BO,2014,3,Borno state,11.018242,12.895914,8.0,adm1_name
128877,NG-BO,2014,3,Borno state,11.572354,13.536488,52.0,adm1_name
128878,NG-AD,2014,3,Adamawa state,10.941184,13.593701,22.0,adm1_name
128899,NG-AD,2014,3,Adamawa state,10.86645,13.51872,1.0,adm1_name
128889,NG-KD,2014,3,Kaduna state,11.082083,7.716097,3.0,adm1_name
129126,NG-BO,2014,3,Borno state,10.63582,12.8782,3.0,adm1_name
129127,NG-BO,2014,3,Borno state,11.103593,13.712982,4.0,adm1_name
129128,NG-BO,2014,3,Borno state,11.103593,13.712983,3.0,adm1_name
128919,NG-BO,2014,3,Borno state,11.65583,13.42133,54.0,adm1_name
128920,NG-BO,2014,3,Borno state,11.5,13.0,0.0,adm1_name
128924,NG-BO,2014,3,Borno state,13.09466,13.82343,8.0,adm1_name
128925,NG-BO,2014,3,Borno state,13.41287,13.796257,0.0,adm1_name
128923,NG-BO,2014,3,Borno state,10.983528,13.350111,121.0,adm1_name
128934,NG-AD,2014,3,Adamawa state,10.38912,12.9792,10.0,adm1_name
128935,NG-AD,2014,3,Adamawa state,10.29498,13.25788,10.0,adm1_name
128936,NG-AD,2014,3,Adamawa state,10.79942,13.4622,9.0,adm1_name
128939,NG-AD,2014,3,Adamawa state,10.77021,13.39051,9.0,adm1_name
128940,NG-AD,2014,3,Adamawa state,9.333333,12.5,9.0,adm1_name
128937,NG-BO,2014,3,Borno state,11.103593,13.712983,9.0,adm1_name
128938,NG-AD,2014,3,Adamawa state,9.333333,12.5,9.0,adm1_name
147325,NG-AD,2014,3,Adamawa state,10.18948,12.52765,11.0,adm1_name
128928,NG-BO,2014,3,Borno state,11.5221,13.68558,89.0,adm1_name
128933,NG-BO,2014,3,Borno state,11.84644,13.160274,2.0,adm1_name
128932,NG-BO,2014,3,Borno state,10.983528,13.350111,3.0,adm1_name
128942,NG-YO,2014,3,Yobe state,11.26889,11.99694,59.0,adm1_name
128944,NG-AD,2014,3,Adamawa state,10.85219,13.54889,23.0,adm1_name
128945,NG-AD,2014,3,Adamawa state,10.78254,13.35834,0.0,adm1_name
128943,NG-AD,2014,3,Adamawa state,10.61592,13.3849,1.0,adm1_name
129129,NG-BO,2014,3,Borno state,10.81742,12.08845,1.0,adm1_name
129100,NG-BO,2014,3,Borno state,11.83022,12.63067,39.0,adm1_name
129101,NG-BO,2014,3,Borno state,11.84644,13.160274,52.0,adm1_name
129110,NG-BO,2014,3,Borno state,11.92543,13.60269,29.0,adm1_name
147340,NG-BO,2014,3,Borno state,11.17255,13.76114,7.0,adm1_name
147342,NG-BO,2014,3,Borno state,11.92543,13.60269,17.0,adm1_name
147343,NG-AD,2014,3,Adamawa state,10.18948,12.52765,0.0,adm1_name
129188,NG-BO,2014,3,Borno state,11.226071,13.783778,11.0,adm1_name
201561,NG-BO,2014,3,Borno state,11.572354,13.536488,24.0,adm1_name
147351,NG-BO,2014,3,Borno state,10.4331,12.24682,2.0,adm1_name
129193,NG-BO,2014,3,Borno state,11.46991,13.75786,32.0,adm1_name
129194,NG-BO,2014,3,Borno state,11.466583,12.960232,2.0,adm1_name
147757,NG-BO,2014,3,Borno state,11.045854,12.646037,4.0,adm1_name
147759,NG-BO,2014,3,Borno state,11.64518,12.45165,4.0,adm1_name
140589,NG-YO,2014,3,Yobe state,11.0,11.71667,17.0,adm1_name
140593,NG-BO,2014,3,Borno state,11.231548,12.822124,7.0,adm1_name
140590,NG-BO,2014,3,Borno state,11.103593,13.712983,18.0,adm1_name
147949,NG-BO,2014,3,Borno state,11.09826,12.76417,22.0,adm1_name
140596,NG-BO,2014,3,Borno state,10.794037,12.723723,0.0,adm1_name
140602,NG-BO,2014,3,Borno state,12.07872,14.45192,60.0,adm1_name
140603,NG-BO,2014,3,Borno state,11.65822,13.03365,0.0,adm1_name
140605,NG-BO,2014,3,Borno state,11.103593,13.712983,30.0,adm1_name
140607,NG-BO,2014,3,Borno state,11.40968,12.77865,7.0,adm1_name
140604,NG-BO,2014,3,Borno state,11.47859,14.120545,60.0,adm1_name
140610,NG-FC,2014,3,Federal Capital territory,9.083333,7.533333,75.0,adm1_name
147950,NG-BA,2014,3,Bauchi state,9.82542,9.5824,0.0,adm1_name
140658,NG-BO,2014,3,Borno state,10.4331,12.24682,1.0,adm1_name
140652,NG-BO,2014,3,Borno state,11.17255,13.76114,18.0,adm1_name
147951,NG-BO,2014,3,Borno state,11.65822,13.03365,40.0,adm1_name
140670,NG-BO,2014,3,Borno state,11.92543,13.60269,2.0,adm1_name
201518,NG-BO,2014,3,Borno state,11.3885,12.9074,3.0,adm1_name
148001,NG-BO,2014,3,Borno state,11.14164,13.77493,1.0,adm1_name
148006,NG-AD,2014,3,Adamawa state,10.85219,13.54889,8.0,adm1_name
140723,NG-FC,2014,3,Federal Capital territory,9.083333,7.533333,20.0,adm1_name
140726,NG-BO,2014,3,Borno state,11.851284,12.858597,10.0,adm1_name
148009,NG-BO,2014,3,Borno state,11.84644,13.160274,6.0,adm1_name
140728,NG-BO,2014,3,Borno state,12.37066,14.21731,376.0,adm1_name
140729,NG-BO,2014,3,Borno state,11.5,13.0,0.0,adm1_name
148040,NG-BO,2014,3,Borno state,12.374126,14.222062,30.0,adm1_name
148045,NG-BO,2014,3,Borno state,10.98267,13.66066,1.0,adm1_name
142086,NG-BO,2014,3,Borno state,10.77813,12.23147,1.0,adm1_name
142333,NG-BO,2014,3,Borno state,11.724167,13.284722,2.0,adm1_name
142179,NG-BO,2014,3,,11.82208,12.598166,9.0,point_in_polygon
142181,NG-BO,2014,3,Borno state,11.46991,13.75786,29.0,adm1_name
142178,NG-BO,2014,3,Borno state,11.09826,12.76417,40.0,adm1_name
142182,NG-KN,2014,3,Kano state,11.994354,8.513807,4.0,adm1_name
142189,NG-BO,2014,3,Borno state,10.86583,12.84702,10.0,adm1_name
142185,NG-PL,2014,3,Plateau state,9.916667,8.9,118.0,adm1_name
142187,NG-BO,2014,3,Borno state,10.70862,12.73996,20.0,adm1_name
142190,NG-BO,2014,3,Borno state,12.37066,14.21731,29.0,adm1_name
142194,NG-BO,2014,3,Borno state,10.86583,12.84702,0.0,adm1_name
142195,NG-BO,2014,3,Borno state,12.42499,13.9373,0.0,adm1_name
142197,NG-BO,2014,3,Borno state,10.81667,12.41667,0.0,adm1_name
142198,NG-PL,2014,3,Plateau state,9.916667,8.9,3.0,adm1_name
142199,NG-BO,2014,3,Borno state,11.0319,12.0597,24.0,adm1_name
142334,NG-BO,2014,3,Borno state,12.42499,13.9373,18.0,adm1_name
142335,NG-BO,2014,3,Borno state,12.36532,13.8293,6.0,adm1_name
142336,NG-BO,2014,3,Borno state,12.36532,13.8293,6.0,adm1_name
142332,NG-AD,2014,3,Adamawa state,10.85219,13.54889,21.0,adm1_name
142341,NG-BO,2014,3,Borno state,11.103593,13.712982,8.0,adm1_name
142342,NG-BO,2014,3,Borno state,11.103593,13.712983,1.0,adm1_name
142345,NG-BO,2014,3,Borno state,12.36532,13.8293,40.0,adm1_name
142348,NG-BO,2014,3,Borno state,10.4884,12.4197,1.0,adm1_name
142349,NG-BO,2014,3,Borno state,12.21532,14.18319,14.0,adm1_name
142350,NG-BO,2014,3,Borno state,12.21532,14.18319,14.0,adm1_name
142351,NG-BO,2014,3,Borno state,12.21532,14.18319,14.0,adm1_name
142353,NG-AD,2014,3,Adamawa state,10.3498,13.40646,18.0,adm1_name
142359,NG-BO,2014,3,Borno state,11.10785,13.81294,9.0,adm1_name
201605,NG-BO,2014,3,Borno state,11.103593,13.712983,30.0,adm1_name
201602,NG-BO,2014,3,Borno state,11.103593,13.712983,30.0,adm1_name
142369,NG-BO,2014,3,Borno state,11.106886,13.809689,24.0,adm1_name
142367,NG-BO,2014,3,Borno state,11.10785,13.81294,42.0,adm1_name
142368,NG-BO,2014,3,Borno state,11.10465,13.803617,20.0,adm1_name
149259,NG-BO,2014,3,Borno state,10.63582,12.8782,2.0,adm1_name
142941,NG-BO,2014,3,Borno state,11.84644,13.160274,45.0,adm1_name
149262,NG-AD,2014,3,Adamawa state,10.85219,13.54889,5.0,adm1_name
201567,NG-BO,2014,3,Borno state,11.58605,13.00278,19.0,adm1_name
142950,NG-BO,2014,3,Borno state,10.86583,12.84702,3.0,adm1_name
142951,NG-BO,2014,3,Borno state,10.86583,12.84702,2.0,adm1_name
142956,NG-BO,2014,3,Borno state,10.85601,13.28069,25.0,adm1_name
142990,NG-YO,2014,3,Yobe state,11.747,11.9608,21.0,adm1_name
143012,NG-BO,2014,3,Borno state,11.09826,12.76417,30.0,adm1_name
149263,NG-BO,2014,3,Borno state,11.231548,12.822124,1.0,adm1_name
149264,NG-AD,2014,3,Adamawa state,10.79942,13.4622,6.0,adm1_name
149265,NG-BO,2014,3,Borno state,10.66744,12.69098,6.0,adm1_name
142972,NG-AD,2014,3,Adamawa state,10.85219,13.54889,0.0,adm1_name
142973,NG-AD,2014,3,Adamawa state,10.29498,13.25788,0.0,adm1_name
142974,NG-AD,2014,3,Adamawa state,10.85219,13.54889,0.0,adm1_name
142975,NG-AD,2014,3,Adamawa state,10.85219,13.54889,0.0,adm1_name
142970,NG-AD,2014,3,Adamawa state,10.85219,13.54889,0.0,adm1_name
142983,NG-BO,2014,3,Borno state,10.796497,12.749822,5.0,adm1_name
142989,NG-BO,2014,3,Borno state,10.86583,12.84702,5.0,adm1_name
149266,NG-BO,2014,3,Borno state,10.845019,12.75177,20.0,adm1_name
149267,NG-BO,2014,3,Borno state,10.868515,12.708618,20.0,adm1_name
143005,NG-KN,2014,3,Kano state,11.994354,8.513807,8.0,adm1_name
143381,NG-BO,2014,3,Borno state,11.3885,12.9074,5.0,adm1_name
143379,NG-FC,2014,3,Federal Capital territory,9.083333,7.533333,22.0,adm1_name
143891,NG-LA,2014,3,Lagos state,6.453056,3.395833,0.0,adm1_name
143389,NG-BA,2014,3,Bauchi state,10.313441,9.843273,10.0,adm1_name
143398,NG-BO,2014,3,Borno state,10.8856,12.70429,24.0,adm1_name
143395,NG-BO,2014,3,Borno state,10.86583,12.84702,15.0,adm1_name
143401,NG-BO,2014,3,Borno state,10.83642,12.7705,9.0,adm1_name
143425,NG-BA,2014,3,Bauchi state,10.26171,9.84633,0.0,adm1_name
143411,NG-BO,2014,3,Borno state,11.84644,13.160274,20.0,adm1_name
149269,NG-BO,2014,3,Borno state,10.88333,13.31667,2.0,adm1_name
149273,NG-BO,2014,3,Borno state,12.37066,14.21731,3.0,adm1_name
143685,NG-BO,2014,3,Borno state,11.912271,13.585614,15.0,adm1_name
143682,NG-BO,2014,3,Borno state,12.42499,13.9373,6.0,adm1_name
143888,NG-BO,2014,3,Borno state,11.103593,13.712982,2.0,adm1_name
143889,NG-BO,2014,3,Borno state,11.103593,13.712982,1.0,adm1_name
143893,NG-BO,2014,3,Borno state,10.74025,13.21742,20.0,adm1_name
143898,NG-BO,2014,3,Borno state,10.810416,12.45449,20.0,adm1_name
143900,NG-BO,2014,3,Borno state,10.76891,13.14579,9.0,adm1_name
143899,NG-BO,2014,3,Borno state,10.810416,12.45449,7.0,adm1_name
143901,NG-BO,2014,3,Borno state,11.15604,12.75758,46.0,adm1_name
143904,NG-BO,2014,3,Borno state,11.091451,13.764878,6.0,adm1_name
149293,NG-BO,2014,3,Borno state,11.573331,13.66809,60.0,adm1_name
143920,NG-BO,2014,3,Borno state,11.15604,12.75758,5.0,adm1_name
143912,NG-KD,2014,3,Kaduna state,10.52224,7.43828,31.0,adm1_name
143940,NG-BO,2014,3,Borno state,10.77751,12.01893,11.0,adm1_name
143984,NG-BO,2014,3,Borno state,12.015044,13.832144,0.0,adm1_name
149294,NG-BO,2014,3,Borno state,12.278137,14.101543,2.0,adm1_name
143935,NG-KN,2014,3,Kano state,11.994354,8.513807,0.0,adm1_name
149296,NG-BO,2014,3,Borno state,10.50673,12.33315,2.0,adm1_name
143995,NG-KN,2014,3,Kano state,11.994354,8.513807,5.0,adm1_name
144020,NG-AD,2014,3,Adamawa state,10.31016,12.92473,0.0,adm1_name
144016,NG-AD,2014,3,Adamawa state,10.31016,12.92473,0.0,adm1_name
144025,NG-KN,2014,3,Kano state,11.994354,8.513807,3.0,adm1_name
144076,NG-YO,2014,3,Yobe state,11.56189,11.91656,8.0,adm1_name
144058,NG-YO,2014,3,Yobe state,11.7091,11.0694,13.0,adm1_name
144066,NG-KN,2014,3,Kano state,11.994354,8.513807,2.0,adm1_name
144084,NG-BO,2014,3,Borno state,11.103593,13.712982,600.0,adm1_name
144091,NG-BO,2014,3,Borno state,12.42499,13.9373,8.0,adm1_name
144173,NG-BO,2014,3,Borno state,13.12111,13.86032,10.0,adm1_name
201665,NG-BO,2014,3,Borno state,11.103593,13.712982,3.0,adm1_name
144175,NG-BO,2014,3,Borno state,12.40363,13.80898,6.0,adm1_name
144176,NG-BO,2014,3,Borno state,12.231405,13.754447,4.0,adm1_name
149300,NG-BO,2014,3,Borno state,11.226071,13.783778,3.0,adm1_name
144194,NG-BO,2014,3,Borno state,12.37066,14.21731,200.0,adm1_name
149301,NG-BO,2014,3,Borno state,12.37066,14.21731,1.0,adm1_name
144196,NG-BO,2014,3,Borno state,10.484151,12.268047,14.0,adm1_name
201674,NG-BO,2014,3,Borno state,11.5221,13.68558,51.0,adm1_name
144390,NG-BO,2014,3,Borno state,11.5221,13.68558,0.0,adm1_name
201677,NG-BO,2014,3,Borno state,11.5221,13.68558,5.0,adm1_name
144227,NG-AD,2014,3,Adamawa state,10.79942,13.4622,3.0,adm1_name
144230,NG-AD,2014,3,Adamawa state,10.61592,13.3849,30.0,adm1_name
144545,NG-AD,2014,3,Adamawa state,10.61592,13.3849,6.0,adm1_name
144388,NG-BO,2014,3,Borno state,10.4331,12.24682,3.0,adm1_name
144541,NG-BO,2014,3,Borno state,11.8826,13.3434,4.0,adm1_name
144563,NG-AD,2014,3,Adamawa state,10.61592,13.3849,16.0,adm1_name
144546,NG-KN,2014,3,Kano state,11.994354,8.513807,15.0,adm1_name
201775,NG-BO,2014,3,Borno state,11.5221,13.68558,18.0,adm1_name
144607,NG-BO,2014,3,Borno state,11.83022,12.63067,20.0,adm1_name
144618,NG-BO,2014,3,Borno state,12.67863,13.60792,0.0,adm1_name
144635,NG-BO,2014,3,Borno state,10.50673,12.33315,10.0,adm1_name
144636,NG-BO,2014,3,Borno state,10.49912,12.35722,9.0,adm1_name
144687,NG-AD,2014,3,Adamawa state,10.64979,13.29645,20.0,adm1_name
144688,NG-AD,2014,3,Adamawa state,10.60408,13.36933,20.0,adm1_name
156249,NG-BO,2014,3,Borno state,10.45586,12.35558,5.0,adm1_name
156251,NG-BO,2014,3,Borno state,11.52059,14.09661,130.0,adm1_name
155195,NG-AD,2014,3,Adamawa state,10.63923,13.48797,18.0,adm1_name
155196,NG-AD,2014,3,Adamawa state,10.64979,13.29645,18.0,adm1_name
155197,NG-AD,2014,3,Adamawa state,10.67466,13.29647,17.0,adm1_name
155198,NG-AD,2014,3,Adamawa state,10.618056,13.389444,17.0,adm1_name
155183,NG-BO,2014,3,Borno state,11.7593,12.2561,7.0,adm1_name
155194,NG-BO,2014,3,Borno state,11.5,13.0,2.0,adm1_name
155672,NG-AD,2014,3,Adamawa state,10.29848,13.38096,17.0,adm1_name
155589,NG-BO,2014,3,Borno state,13.6169,13.26438,3.0,adm1_name
155590,NG-BO,2014,3,Borno state,10.50673,12.33315,0.0,adm1_name
155591,NG-AD,2014,3,Adamawa state,10.618056,13.389444,0.0,adm1_name
155612,NG-BO,2014,3,Borno state,11.3885,12.9074,0.0,adm1_name
155601,NG-BO,2014,3,Borno state,11.103593,13.712983,5.0,adm1_name
155618,NG-BO,2014,3,Borno state,10.429175,12.544525,0.0,adm1_name
202988,NG-BO,2014,3,Borno state,11.046388,13.751003,8.0,adm1_name
155619,NG-BA,2014,3,Bauchi state,11.6765,10.1948,5.0,adm1_name
155668,NG-BO,2014,3,Borno state,11.925833,13.605556,17.0,adm1_name
155669,NG-BO,2014,3,Borno state,10.73115,12.14626,5.0,adm1_name
155751,NG-BO,2014,3,Borno state,12.92475,13.56617,3.0,adm1_name
155678,NG-AD,2014,3,Adamawa state,10.26761,13.26436,24.0,adm1_name
155984,NG-AD,2014,3,Adamawa state,10.26761,13.26436,2.0,adm1_name
156254,NG-BO,2014,3,Borno state,10.45509,13.22233,3.0,adm1_name
155752,NG-GO,2014,3,Gombe state,10.28969,11.16729,0.0,adm1_name
155759,NG-AD,2014,3,Adamawa state,10.86645,13.51872,3.0,adm1_name
155756,NG-YO,2014,3,Yobe state,11.7091,11.0694,30.0,adm1_name
155771,NG-GO,2014,3,Gombe state,11.09596,11.33261,5.0,adm1_name
155773,NG-BO,2014,3,Borno state,13.6734,13.3388,16.0,adm1_name
156292,NG-BO,2014,3,Borno state,10.392943,12.252217,2.0,adm1_name
156293,NG-BO,2014,3,Borno state,10.4331,12.24682,7.0,adm1_name
155775,NG-BA,2014,3,Bauchi state,11.6765,10.1948,14.0,adm1_name
155895,NG-AD,2014,3,Adamawa state,10.404407,13.087805,1.0,adm1_name
156295,NG-AD,2014,3,Adamawa state,10.26761,13.26436,15.0,adm1_name
155778,NG-YO,2014,3,Yobe state,11.7091,11.0694,49.0,adm1_name
156296,NG-AD,2014,3,Adamawa state,9.99668,13.21673,10.0,adm1_name
155899,NG-NI,2014,3,Niger state,10.40319,5.4708,1.0,adm1_name
155931,NG-BO,2014,3,Borno state,10.86583,12.84702,6.0,adm1_name
155933,NG-BO,2014,3,Borno state,11.103593,13.712982,16.0,adm1_name
155983,NG-AD,2014,3,Adamawa state,10.31016,12.92473,5.0,adm1_name
156297,NG-BO,2014,3,Borno state,10.4331,12.24682,3.0,adm1_name
155980,NG-BA,2014,3,Bauchi state,11.6765,10.1948,13.0,adm1_name
155992,NG-BO,2014,3,Borno state,11.954357,13.34035,53.0,adm1_name
155995,NG-BO,2014,3,Borno state,13.09466,13.82343,48.0,adm1_name
155997,NG-BO,2014,3,Borno state,13.09771,12.4952,0.0,adm1_name
156300,NG-BO,2014,3,Borno state,11.89912,13.29155,10.0,adm1_name
156301,NG-BO,2014,3,Borno state,11.89912,13.29155,10.0,adm1_name
156001,NG-BO,2014,3,Borno state,11.84644,13.160274,45.0,adm1_name
156161,NG-KN,2014,3,Kano state,11.994354,8.513807,91.0,adm1_name
156163,NG-BO,2014,3,Borno state,10.21617,12.06198,2.0,adm1_name
156167,NG-BO,2014,3,Borno state,11.84644,13.160274,6.0,adm1_name
156208,NG-KN,2014,3,Kano state,11.994354,8.513807,4.0,adm1_name
156209,NG-BO,2014,3,Borno state,12.252155,13.105596,11.0,adm1_name
156210,NG-PL,2014,3,Plateau state,9.916667,8.9,40.0,adm1_name
156214,NG-BO,2014,3,Borno state,11.05476,12.80919,24.0,adm1_name
156304,NG-AD,2014,3,Adamawa state,10.88942,13.62832,200.0,adm1_name
156216,NG-BO,2014,3,Borno state,12.84661,13.66632,10.0,adm1_name
156222,NG-BO,2014,3,Borno state,11.65583,13.42133,3.0,adm1_name
156224,NG-BO,2014,3,Borno state,11.103593,13.712982,50.0,adm1_name
156230,NG-YO,2014,3,Yobe state,12.897,11.9304,5.0,adm1_name
156228,NG-GO,2014,3,Gombe state,10.28969,11.16729,0.0,adm1_name
156229,NG-BA,2014,3,Bauchi state,10.313441,9.843273,0.0,adm1_name
156239,NG-YO,2014,3,Yobe state,11.7091,11.0694,1.0,adm1_name
156243,NG-BO,2014,3,Borno state,10.86583,12.84702,15.0,adm1_name
156245,NG-YO,2014,3,Yobe state,11.28674,11.30772,6.0,adm1_name
188390,NG-YO,2014,3,Yobe state,11.40966,11.43593,7.0,adm1_name
188419,NG-BO,2015,3,Borno state,11.09826,12.76417,2.0,adm1_name
193673,NG-BO,2015,3,Borno state,13.09771,12.4952,100.0,adm1_name
190590,NG-BO,2015,3,Borno state,13.09466,13.82343,92.0,adm1_name
213543,NG-BO,2015,3,Borno state,13.09466,13.82343,91.0,adm1_name
203025,NG-AD,2015,3,Adamawa state,9.99668,13.21673,1.0,adm1_name
188453,NG-YO,2015,3,Yobe state,11.56189,11.91656,36.0,adm1_name
198472,NG-BO,2015,3,Borno state,10.73798,13.13072,26.0,adm1_name
190596,NG-BO,2015,3,Borno state,11.84644,13.160274,13.0,adm1_name
190609,NG-YO,2015,3,Yobe state,11.7091,11.0694,8.0,adm1_name
190663,NG-GO,2015,3,Gombe state,10.28969,11.16729,6.0,adm1_name
190667,NG-YO,2015,3,Yobe state,11.7091,11.0694,5.0,adm1_name
190732,NG-AD,2015,3,Adamawa state,10.85219,13.54889,20.0,adm1_name
190734,NG-AD,2015,3,Adamawa state,10.618056,13.389444,20.0,adm1_name
190701,NG-BO,2015,3,Borno state,11.72981,13.32878,15.0,adm1_name
190710,NG-AD,2015,3,Adamawa state,10.63923,13.48797,3.0,adm1_name
201701,NG-BO,2015,3,Borno state,12.67863,13.60792,100.0,adm1_name
201703,NG-BO,2015,3,Borno state,12.67863,13.60792,50.0,adm1_name
201501,NG-BO,2015,3,Borno state,11.5221,13.68558,10.0,adm1_name
190747,NG-GO,2015,3,Gombe state,10.28969,11.16729,1.0,adm1_name
193286,NG-BO,2015,3,Borno state,12.252155,13.105596,7.0,adm1_name
193287,NG-BO,2015,3,Borno state,10.61285,12.19458,11.0,adm1_name
193296,NG-BO,2015,3,Borno state,11.84644,13.160274,12.0,adm1_name
193297,NG-BO,2015,3,Borno state,11.89912,13.29155,14.0,adm1_name
193301,NG-YO,2015,3,Yobe state,11.747,11.9608,13.0,adm1_name
198577,NG-BO,2015,3,Borno state,10.45509,13.22233,40.0,adm1_name
198547,NG-YO,2015,3,Yobe state,13.09969,12.1079,10.0,adm1_name
193306,NG-YO,2015,3,Yobe state,11.7091,11.0694,2.0,adm1_name
193327,NG-AD,2015,3,Adamawa state,10.4685,12.98571,17.0,adm1_name
193330,NG-AD,2015,3,Adamawa state,10.31016,12.92473,10.0,adm1_name
198586,NG-BO,2015,3,Borno state,10.86583,12.84702,12.0,adm1_name
198591,NG-BO,2015,3,Borno state,10.86583,12.84702,1.0,adm1_name
193334,NG-AD,2015,3,Adamawa state,10.31016,12.92473,30.0,adm1_name
193322,NG-BO,2015,3,Borno state,10.712262,12.988455,15.0,adm1_name
213105,NG-BO,2015,3,Borno state,10.86583,12.84702,15.0,adm1_name
193337,NG-YO,2015,3,Yobe state,11.7091,11.0694,7.0,adm1_name
193358,NG-YO,2015,3,Yobe state,11.7091,11.0694,10.0,adm1_name
193361,NG-KN,2015,3,Kano state,11.994354,8.513807,10.0,adm1_name
193392,NG-BO,2015,3,Borno state,12.37066,14.21731,4.0,adm1_name
193417,NG-AD,2015,3,Adamawa state,10.40905,12.83846,7.0,adm1_name
193418,NG-AD,2015,3,Adamawa state,10.40026,12.8896,6.0,adm1_name
193419,NG-AD,2015,3,Adamawa state,10.364678,12.863936,6.0,adm1_name
193391,NG-BO,2015,3,Borno state,12.04639,14.48093,40.0,adm1_name
193381,NG-BO,2015,3,Borno state,10.61285,12.19458,18.0,adm1_name
193384,NG-PL,2015,3,Plateau state,9.916667,8.9,17.0,adm1_name
193411,NG-BO,2015,3,Borno state,11.83022,12.63067,14.0,adm1_name
193395,NG-BO,2015,3,Borno state,11.7593,12.2561,2.0,adm1_name
193424,NG-BO,2015,3,Borno state,11.103593,13.712982,3.0,adm1_name
193425,NG-BO,2015,3,Borno state,11.13357,12.951895,68.0,adm1_name
193439,NG-BO,2015,3,Borno state,10.21617,12.06198,9.0,adm1_name
193440,NG-BO,2015,3,Borno state,11.84644,13.160274,58.0,adm1_name
193493,NG-BO,2015,3,Borno state,11.7593,12.2561,12.0,adm1_name
193494,NG-BO,2015,3,Borno state,11.84644,13.160274,18.0,adm1_name
227161,NG-BO,2016,3,Borno state,10.92618,13.02287,6.0,adm1_name
235036,NG-BO,2016,3,Borno state,10.83642,12.7705,11.0,adm1_name
231182,NG-BO,2016,3,Borno state,10.987943,12.787677,11.0,adm1_name
231250,NG-BO,2016,3,Borno state,11.90069,14.02693,1.0,adm1_name
231739,NG-BO,2016,3,Borno state,10.916587,13.066671,8.0,adm1_name
231741,NG-BO,2016,3,Borno state,11.09826,12.76417,4.0,adm1_name
231752,NG-BO,2016,3,Borno state,12.37066,14.21731,5.0,adm1_name
231762,NG-BO,2016,3,Borno state,10.86583,12.84702,4.0,adm1_name
231763,NG-BO,2016,3,Borno state,10.862826,12.961807,4.0,adm1_name
231882,NG-BO,2016,3,Borno state,11.89912,13.29155,5.0,adm1_name
231881,NG-BO,2016,3,Borno state,11.870457,13.250751,8.0,adm1_name
231959,NG-BO,2016,3,Borno state,11.84644,13.160274,8.0,adm1_name
232115,NG-BO,2016,3,Borno state,11.84644,13.160274,4.0,adm1_name
235050,NG-BO,2016,3,Borno state,11.84644,13.160274,3.0,adm1_name
232120,NG-BO,2016,3,Borno state,10.83374,13.14615,2.0,adm1_name
232121,NG-BO,2016,3,Borno state,12.67863,13.60792,9.0,adm1_name
232122,NG-BO,2016,3,Borno state,12.63792,13.558359,13.0,adm1_name
232145,NG-BO,2016,3,Borno state,11.870457,13.250751,2.0,adm1_name
234853,NG-BO,2016,3,Borno state,10.83374,13.14615,2.0,adm1_name
234854,NG-BO,2016,3,Borno state,10.76416,13.128348,1.0,adm1_name
234634,NG-AD,2016,3,Adamawa state,10.88942,13.62832,45.0,adm1_name
234636,NG-BO,2016,3,Borno state,11.84644,13.160274,3.0,adm1_name
240755,NG-BO,2016,3,Borno state,12.67777,12.75361,15.0,adm1_name
237434,NG-BO,2017,3,Borno state,11.869642,13.253906,1.0,adm1_name
237004,NG-AD,2017,3,Adamawa state,10.88942,13.62832,6.0,adm1_name
240757,NG-BO,2017,3,Borno state,11.84644,13.160274,1.0,adm1_name
237019,NG-BO,2017,3,Borno state,11.84644,13.160274,3.0,adm1_name
237248,NG-BO,2017,3,Borno state,10.85601,13.28069,3.0,adm1_name
237251,NG-BO,2017,3,Borno state,11.439891,12.945559,24.0,adm1_name
237254,NG-BO,2017,3,Borno state,11.76002,13.26606,1.0,adm1_name
237281,NG-BO,2017,3,Borno state,10.8609,12.96234,1.0,adm1_name
237496,NG-BO,2017,3,Borno state,10.73798,13.13072,3.0,adm1_name
237488,NG-BO,2017,3,Borno state,10.887667,12.903858,1.0,adm1_name
237288,NG-BO,2017,3,Borno state,11.870457,13.250751,0.0,adm1_name
237490,NG-BO,2017,3,Borno state,11.231548,12.822124,1.0,adm1_name
237289,NG-BO,2017,3,Borno state,10.68692,13.26934,3.0,adm1_name
237295,NG-BO,2017,3,Borno state,12.252155,13.105596,2.0,adm1_name
237403,NG-BO,2017,3,Borno state,11.84644,13.160274,2.0,adm1_name
237429,NG-BO,2017,3,Borno state,11.870457,13.250751,3.0,adm1_name
237606,NG-BO,2017,3,Borno state,11.869642,13.253906,1.0,adm1_name
237612,NG-BO,2017,3,Borno state,11.09826,12.76417,12.0,adm1_name
237613,NG-BO,2017,3,Borno state,11.09826,12.76417,3.0,adm1_name
237615,NG-BO,2017,3,Borno state,11.018242,12.895914,3.0,adm1_name
237691,NG-BO,2017,3,Borno state,11.84644,13.160274,7.0,adm1_name
237647,NG-BO,2017,3,Borno state,11.691757,13.222078,8.0,adm1_name
240781,NG-BO,2017,3,Borno state,11.755521,13.106469,8.0,adm1_name
237682,NG-BO,2017,3,Borno state,11.58605,13.00278,6.0,adm1_name
237683,NG-BO,2017,3,Borno state,11.58605,13.00278,5.0,adm1_name
238180,NG-BO,2017,3,Borno state,11.727024,13.299206,6.0,adm1_name
238187,NG-BO,2017,3,Borno state,11.58605,13.00278,2.0,adm1_name
241183,NG-BO,2017,3,Borno state,11.84644,13.160274,4.0,adm1_name
239668,NG-BO,2017,3,Borno state,10.63582,12.8782,7.0,adm1_name
240799,NG-BO,2017,3,Borno state,10.83642,12.7705,21.0,adm1_name
238218,NG-BO,2017,3,Borno state,11.694837,13.17684,5.0,adm1_name
239676,NG-BO,2017,3,Borno state,11.018242,12.895914,7.0,adm1_name
239677,NG-BO,2017,3,Borno state,10.83642,12.7705,14.0,adm1_name
239685,NG-BO,2017,3,Borno state,11.857136,13.208858,1.0,adm1_name
239686,NG-BO,2017,3,Borno state,11.857136,13.208858,3.0,adm1_name
239683,NG-BO,2017,3,Borno state,11.857136,13.208858,1.0,adm1_name
238767,NG-BO,2017,3,Borno state,11.857136,13.208858,6.0,adm1_name
238770,NG-BO,2017,3,Borno state,11.84644,13.160274,1.0,adm1_name
238774,NG-AD,2017,3,Adamawa state,10.228811,12.972718,2.0,adm1_name
238775,NG-BO,2017,3,Borno state,11.03609,13.71627,4.0,adm1_name
239696,NG-BO,2017,3,Borno state,11.05476,12.80919,3.0,adm1_name
239689,NG-BO,2017,3,Borno state,10.984984,12.865516,3.0,adm1_name
239691,NG-BO,2017,3,Borno state,10.86583,12.84702,2.0,adm1_name
239701,NG-BO,2017,3,Borno state,11.05476,12.80919,5.0,adm1_name
238808,NG-BO,2017,3,Borno state,11.76002,13.26606,16.0,adm1_name
238855,NG-BO,2017,3,Borno state,11.89912,13.29155,8.0,adm1_name
239707,NG-BO,2017,3,Borno state,11.09826,12.76417,6.0,adm1_name
241322,NG-BO,2017,3,Borno state,11.09826,12.76417,3.0,adm1_name
240808,NG-BO,2017,3,Borno state,11.103593,13.712983,8.0,adm1_name
239489,NG-BO,2017,3,Borno state,11.84644,13.160274,7.0,adm1_name
239534,NG-BO,2017,3,Borno state,11.89912,13.29155,1.0,adm1_name
239535,NG-BO,2017,3,Borno state,11.84644,13.160274,8.0,adm1_name
239498,NG-BO,2017,3,Borno state,11.76002,13.26606,4.0,adm1_name
239502,NG-BO,2017,3,Borno state,11.724167,13.284722,15.0,adm1_name
239519,NG-BO,2017,3,Borno state,12.03609,13.91815,14.0,adm1_name
241324,NG-BO,2017,3,Borno state,11.26899,13.85755,3.0,adm1_name
239752,NG-BO,2017,3,Borno state,12.17309,12.63114,3.0,adm1_name
239753,NG-AD,2017,3,Adamawa state,10.79862,13.5718,7.0,adm1_name
239760,NG-BO,2017,3,Borno state,13.27368,13.803,12.0,adm1_name
239761,NG-BO,2017,3,Borno state,12.96309,13.60899,17.0,adm1_name
240815,NG-BO,2017,3,Borno state,12.21532,14.18319,3.0,adm1_name
239803,NG-BO,2017,3,Borno state,11.5,13.0,42.0,adm1_name
239798,NG-AD,2017,3,Adamawa state,10.776012,13.485074,1.0,adm1_name
239799,NG-BO,2017,3,Borno state,11.727024,13.299206,4.0,adm1_name
240818,NG-BO,2017,3,Borno state,11.89912,13.29155,2.0,adm1_name
240257,NG-AD,2017,3,Adamawa state,10.81618,13.60612,1.0,adm1_name
240258,NG-AD,2017,3,Adamawa state,10.78609,13.58474,1.0,adm1_name
239800,NG-BO,2017,3,Borno state,11.661901,13.394872,28.0,adm1_name
239802,NG-BO,2017,3,Borno state,11.755521,13.106469,3.0,adm1_name
240295,NG-BO,2017,3,Borno state,12.50884,13.10414,15.0,adm1_name
240298,NG-BO,2017,3,Borno state,12.91849,13.21395,5.0,adm1_name
240299,NG-BO,2017,3,Borno state,12.491699,13.159039,8.0,adm1_name
240301,NG-BO,2017,3,Borno state,12.50884,13.10414,8.0,adm1_name
240291,NG-BO,2017,3,Borno state,11.65583,13.42133,1.0,adm1_name
240819,NG-BO,2017,3,Borno state,11.15604,12.75758,17.0,adm1_name
240294,NG-BO,2017,3,Borno state,11.255863,14.152438,11.0,adm1_name
241426,NG-BO,2017,3,Borno state,11.15604,12.75758,4.0,adm1_name
241412,NG-BO,2017,3,Borno state,11.728022,13.23177,4.0,adm1_name
241531,NG-BO,2017,3,Borno state,11.89912,13.29155,2.0,adm1_name
241440,NG-BO,2017,3,Borno state,12.001013,13.177135,3.0,adm1_name
241441,NG-BO,2017,3,Borno state,12.001013,13.177135,3.0,adm1_name
241436,NG-BO,2017,3,Borno state,12.001013,13.177135,2.0,adm1_name
241557,NG-BO,2017,3,Borno state,11.92589,13.23062,5.0,adm1_name
241558,NG-BO,2017,3,Borno state,11.93038,13.24345,4.0,adm1_name
241445,NG-BO,2017,3,Borno state,11.870457,13.250751,2.0,adm1_name
241477,NG-BO,2017,3,Borno state,12.241994,12.930852,4.0,adm1_name
241475,NG-BO,2017,3,Borno state,11.65583,13.42133,12.0,adm1_name
241488,NG-BO,2017,3,Borno state,12.28295,14.47243,9.0,adm1_name
241503,NG-BO,2017,3,Borno state,12.03609,13.91815,5.0,adm1_name
241522,NG-BO,2017,3,Borno state,12.714334,13.527858,1.0,adm1_name
241523,NG-BO,2017,3,Borno state,12.687898,13.511536,1.0,adm1_name
241519,NG-BO,2017,3,Borno state,12.721928,13.478426,1.0,adm1_name
244485,NG-BO,2017,3,Borno state,11.870457,13.250751,13.0,adm1_name
244565,NG-BO,2017,3,Borno state,11.84644,13.160274,5.0,adm1_name
244566,NG-BO,2017,3,Borno state,11.255863,14.152438,4.0,adm1_name
247280,NG-BO,2017,3,Borno state,12.17309,12.63114,6.0,adm1_name
247593,NG-BO,2017,3,Borno state,11.14164,13.77493,1.0,adm1_name
247286,NG-AD,2017,3,Adamawa state,10.83966,13.45089,2.0,adm1_name
247314,NG-BO,2017,3,Borno state,11.84644,13.160274,1.0,adm1_name
247369,NG-BO,2017,3,Borno state,10.7606,13.31432,2.0,adm1_name
247794,NG-BO,2017,3,Borno state,12.032136,13.897955,1.0,adm1_name
247382,NG-BO,2017,3,Borno state,11.870457,13.250751,14.0,adm1_name
247434,NG-BO,2017,3,Borno state,11.89912,13.29155,1.0,adm1_name
247472,NG-BO,2017,3,Borno state,11.925833,13.605556,6.0,adm1_name
247473,NG-AD,2017,3,Adamawa state,10.26761,13.26436,56.0,adm1_name
247556,NG-AD,2017,3,Adamawa state,10.79942,13.4622,2.0,adm1_name
249491,NG-BO,2017,3,Borno state,10.50296,11.84331,2.0,adm1_name
247576,NG-BO,2017,3,Borno state,10.61285,12.19458,13.0,adm1_name
249547,NG-BO,2017,3,Borno state,11.226071,13.783778,4.0,adm1_name
254128,NG-AD,2017,3,Adamawa state,10.62974,13.53969,4.0,adm1_name
249599,NG-BO,2017,3,Borno state,11.755521,13.106469,4.0,adm1_name
249608,NG-BO,2017,3,Borno state,11.727024,13.299206,5.0,adm1_name
249659,NG-BO,2017,3,Borno state,11.84644,13.160274,25.0,adm1_name
249703,NG-BO,2018,3,Borno state,12.337716,14.180516,11.0,adm1_name
253844,NG-BO,2018,3,Borno state,11.84644,13.160274,20.0,adm1_name
254170,NG-BO,2018,3,Borno state,11.76002,13.26606,1.0,adm1_name
253893,NG-BO,2018,3,Borno state,12.337716,14.180516,6.0,adm1_name
253888,NG-AD,2018,3,Adamawa state,10.69129,13.49455,3.0,adm1_name
253894,NG-BO,2018,3,Borno state,11.870457,13.250751,12.0,adm1_name
253906,NG-AD,2018,3,Adamawa state,10.85219,13.54889,5.0,adm1_name
253920,NG-AD,2018,3,Adamawa state,10.85219,13.54889,3.0,adm1_name
253964,NG-BO,2018,3,Borno state,12.02567,13.96702,0.0,adm1_name
253961,NG-BO,2018,3,Borno state,11.76002,13.26606,5.0,adm1_name
253998,NG-BO,2018,3,Borno state,11.84644,13.160274,3.0,adm1_name
254172,NG-BO,2018,3,Borno state,11.58605,13.00278,6.0,adm1_name
253993,NG-BO,2018,3,Borno state,11.84644,13.160274,2.0,adm1_name
254066,NG-BO,2018,3,Borno state,11.65583,13.42133,18.0,adm1_name
254979,NG-BO,2018,3,Borno state,12.337716,14.180516,3.0,adm1_name
255076,NG-BO,2018,3,Borno state,11.76002,13.26606,3.0,adm1_name
255058,NG-BO,2018,3,Borno state,11.870457,13.250751,2.0,adm1_name
270590,NG-BO,2018,3,Borno state,11.84644,13.160274,20.0,adm1_name
255954,NG-BO,2018,3,Borno state,11.5221,13.68558,4.0,adm1_name
255787,NG-BO,2018,3,Borno state,11.5221,13.68558,5.0,adm1_name
255812,NG-BO,2018,3,Borno state,12.337716,14.180516,18.0,adm1_name
255805,NG-BO,2018,3,Borno state,11.5221,13.68558,2.0,adm1_name
255846,NG-BO,2018,3,Borno state,11.84644,13.160274,1.0,adm1_name
255858,NG-AD,2018,3,Adamawa state,10.26761,13.26436,42.0,adm1_name
256463,NG-BO,2018,3,Borno state,11.58605,13.00278,4.0,adm1_name
256648,NG-BO,2018,3,Borno state,12.03609,13.91815,4.0,adm1_name
256698,NG-BO,2018,3,Borno state,11.65583,13.42133,2.0,adm1_name
256699,NG-BO,2018,3,Borno state,10.81828,13.20145,1.0,adm1_name
258444,NG-BO,2018,3,Borno state,11.15604,12.75758,43.0,adm1_name
258786,NG-BO,2018,3,Borno state,11.925833,13.605556,0.0,adm1_name
258511,NG-BO,2018,3,Borno state,12.042099,13.068708,5.0,adm1_name
258610,NG-BO,2018,3,Borno state,11.255863,14.152438,4.0,adm1_name
260443,NG-AD,2018,3,Adamawa state,9.568084,12.304026,5.0,adm1_name
260427,NG-BO,2018,3,Borno state,12.1101,13.98946,0.0,adm1_name
260142,NG-BO,2018,3,Borno state,11.65583,13.42133,7.0,adm1_name
260316,NG-BO,2018,3,Borno state,12.618096,13.332251,5.0,adm1_name
262015,NG-BO,2018,3,Borno state,11.84644,13.160274,7.0,adm1_name
262115,NG-AD,2018,3,Adamawa state,10.88942,13.62832,10.0,adm1_name
262165,NG-BO,2018,3,Borno state,11.84644,13.160274,4.0,adm1_name
262199,NG-BO,2018,3,Borno state,12.75587,13.4349,19.0,adm1_name
263043,NG-AD,2018,3,Adamawa state,10.85219,13.54889,4.0,adm1_name
265799,NG-BO,2018,3,Borno state,11.727024,13.299206,5.0,adm1_name
277459,NG-BO,2018,3,Borno state,11.735421,13.283718,4.0,adm1_name
269489,NG-BO,2018,3,Borno state,11.84644,13.160274,2.0,adm1_name
269487,NG-BO,2018,3,Borno state,11.755521,13.106469,28.0,adm1_name
269018,NG-BO,2018,3,Borno state,11.755521,13.106469,12.0,adm1_name
269052,NG-BO,2018,3,Borno state,11.84644,13.160274,1.0,adm1_name
269114,NG-BO,2018,3,Borno state,10.887667,12.903858,2.0,adm1_name
269392,NG-BO,2018,3,Borno state,11.84644,13.160274,9.0,adm1_name
277466,NG-BO,2018,3,Borno state,11.84644,13.160274,5.0,adm1_name
277467,NG-BO,2018,3,Borno state,11.780306,13.224405,2.0,adm1_name
271923,NG-BO,2018,3,Borno state,11.89912,13.29155,1.0,adm1_name
272000,NG-BO,2018,3,Borno state,11.660428,13.691721,1.0,adm1_name
272026,NG-BO,2018,3,Borno state,11.750894,13.122414,1.0,adm1_name
272027,NG-BO,2018,3,Borno state,11.5221,13.68558,1.0,adm1_name
272108,NG-BO,2018,3,Borno state,11.755521,13.106469,1.0,adm1_name
272097,NG-BO,2018,3,Borno state,11.750894,13.122414,9.0,adm1_name
272457,NG-AD,2018,3,Adamawa state,9.42646,12.48094,1.0,adm1_name
272225,NG-BO,2018,3,Borno state,11.84644,13.160274,4.0,adm1_name
275072,NG-BO,2018,3,Borno state,12.337716,14.180516,1.0,adm1_name
274648,NG-BO,2018,3,Borno state,11.84644,13.160274,4.0,adm1_name
274482,NG-BO,2018,3,Borno state,10.86583,12.84702,2.0,adm1_name
277068,NG-BO,2018,3,Borno state,10.86583,12.84702,4.0,adm1_name
276830,NG-BO,2019,3,Borno state,11.84644,13.160274,3.0,adm1_name
276964,NG-BO,2019,3,Borno state,11.755521,13.106469,4.0,adm1_name
276441,NG-BO,2019,3,Borno state,12.28295,14.47243,60.0,adm1_name
279203,NG-AD,2019,3,Adamawa state,10.78254,13.35834,2.0,adm1_name
279204,NG-BO,2019,3,Borno state,11.84644,13.160274,3.0,adm1_name
279397,NG-BO,2019,3,Borno state,11.84644,13.160274,8.0,adm1_name
279403,NG-BO,2019,3,Borno state,11.226071,13.783778,3.0,adm1_name
279400,NG-BO,2019,3,Borno state,11.84644,13.160274,6.0,adm1_name
279496,NG-BO,2019,3,Borno state,11.981081,13.314045,18.0,adm1_name
282595,NG-BO,2019,3,Borno state,11.925833,13.605556,0.0,adm1_name
317572,NG-BO,2019,3,Borno state,11.383731,13.864889,2.0,adm1_name
317590,NG-AD,2019,3,Adamawa state,10.74658,13.41601,1.0,adm1_name
282381,NG-AD,2019,3,Adamawa state,10.61592,13.3849,5.0,adm1_name
282412,NG-BO,2019,3,Borno state,10.68692,13.26934,3.0,adm1_name
282416,NG-BO,2019,3,Borno state,10.68692,13.26934,4.0,adm1_name
287596,NG-BO,2019,3,Borno state,10.68692,13.26934,0.0,adm1_name
284313,NG-BO,2019,3,Borno state,11.869642,13.253906,3.0,adm1_name
284917,NG-AD,2019,3,Adamawa state,10.838173,13.40093,30.0,adm1_name
286725,NG-BO,2019,3,Borno state,11.65583,13.42133,3.0,adm1_name
286839,NG-BO,2019,3,Borno state,11.847016,13.020868,4.0,adm1_name
286826,NG-BO,2019,3,Borno state,11.84644,13.160274,9.0,adm1_name
286939,NG-AD,2019,3,Adamawa state,10.838173,13.40093,2.0,adm1_name
286937,NG-BO,2019,3,Borno state,11.84644,13.160274,9.0,adm1_name
286940,NG-BO,2019,3,Borno state,12.03609,13.91815,2.0,adm1_name
287478,NG-BO,2019,3,Borno state,11.76002,13.26606,2.0,adm1_name
287474,NG-BO,2019,3,Borno state,11.728022,13.23177,10.0,adm1_name
287104,NG-BO,2019,3,Borno state,11.84644,13.160274,1.0,adm1_name
290320,NG-BO,2019,3,Borno state,11.65583,13.42133,30.0,adm1_name
294313,NG-BO,2019,3,Borno state,11.869642,13.253906,6.0,adm1_name
294268,NG-BO,2019,3,Borno state,10.819855,12.98956,2.0,adm1_name
293545,NG-BO,2019,3,Borno state,11.780306,13.224405,2.0,adm1_name
299502,NG-BO,2019,3,Borno state,11.92543,13.60269,3.0,adm1_name
299585,NG-BO,2019,3,Borno state,11.8826,13.3434,2.0,adm1_name
300039,NG-BO,2019,3,Borno state,11.84644,13.160274,4.0,adm1_name
307223,NG-BO,2019,3,Borno state,11.795328,13.073528,9.0,adm1_name
305856,NG-BO,2019,3,Borno state,11.226071,13.783778,1.0,adm1_name
305862,NG-BO,2019,3,Borno state,11.255863,14.152438,2.0,adm1_name
322920,NG-BO,2020,3,Borno state,10.754379,12.953181,3.0,adm1_name
327540,NG-AD,2020,3,Adamawa state,9.333333,12.5,1.0,adm1_name
328290,NG-BO,2020,3,Borno state,12.03609,13.91815,0.0,adm1_name
328298,NG-BO,2020,3,Borno state,11.103593,13.712982,2.0,adm1_name
328507,NG-BO,2020,3,Borno state,11.869642,13.253906,3.0,adm1_name
332228,NG-BO,2020,3,Borno state,10.60371,13.03029,10.0,adm1_name
338859,NG-BO,2020,3,Borno state,10.52507,13.13174,2.0,adm1_name
341884,NG-AD,2020,3,Adamawa state,10.85219,13.54889,2.0,adm1_name
343494,NG-BO,2020,3,Borno state,10.819855,12.98956,1.0,adm1_name
346776,NG-BO,2020,3,Borno state,10.561358,13.074895,2.0,adm1_name
346777,NG-BO,2020,3,Borno state,11.15604,12.75758,4.0,adm1_name
349100,NG-BO,2020,3,Borno state,10.88706,12.945416,3.0,adm1_name
348619,NG-BO,2020,3,Borno state,11.65583,13.42133,2.0,adm1_name
353436,NG-BO,2020,3,Borno state,11.724167,13.284722,2.0,adm1_name
358145,NG-BO,2020,3,Borno state,11.84644,13.160274,6.0,adm1_name
358143,NG-BO,2020,3,Borno state,11.5,13.0,4.0,adm1_name
364678,NG-BO,2020,3,Borno state,11.8826,13.3434,14.0,adm1_name
366225,NG-BO,2020,3,Borno state,11.84644,13.160274,6.0,adm1_name
365170,NG-BO,2020,3,Borno state,11.84644,13.160274,8.0,adm1_name
371034,NG-BO,2020,3,Borno state,11.981081,13.314045,76.0,adm1_name
374531,NG-BO,2020,3,Borno state,11.65583,13.42133,3.0,adm1_name
374671,NG-BO,2020,3,Borno state,12.37066,14.21731,3.0,adm1_name
374667,NG-BO,2020,3,Borno state,10.776376,12.949428,11.0,adm1_name
381597,NG-BO,2021,3,Borno state,11.867229,13.034176,3.0,adm1_name
397934,NG-NI,2021,3,Niger state,10.308204,7.041528,2.0,adm1_name
420309,NG-BO,2021,3,Borno state,11.103593,13.712983,5.0,adm1_name
420307,NG-BO,2021,3,Borno state,11.103593,13.712983,3.0,adm1_name
420305,NG-BO,2021,3,Borno state,10.98267,13.66066,2.0,adm1_name
423833,NG-BO,2021,3,Borno state,11.09826,12.76417,2.0,adm1_name
447374,NG-BO,2022,3,Borno state,11.58605,13.00278,3.0,adm1_name
447692,NG-BO,2022,3,Borno state,10.66611,12.54459,4.0,adm1_name
453091,NG-BO,2022,3,Borno state,11.405957,13.39628,0.0,adm1_name
456870,NG-BO,2022,3,Borno state,11.103593,13.712982,15.0,adm1_name
457419,NG-BO,2022,3,Borno state,11.25,13.416667,33.0,adm1_name
470512,NG-BO,2023,3,Borno state,13.09165,12.6966,10.0,adm1_name
484576,NG-BO,2023,3,Borno state,11.572354,13.536488,11.0,adm1_name
488282,NG-BO,2023,3,Borno state,13.15366,12.580548,2.0,adm1_name
487865,NG-BO,2023,3,Borno state,11.255863,14.152438,2.0,adm1_name
497360,NG-BO,2023,3,Borno state,11.925833,13.605556,9.0,adm1_name
514403,NG-BO,2024,3,Borno state,11.46991,13.75786,3.0,adm1_name
548396,NG-NI,2024,3,Niger state,9.937952,7.020071,5.0,adm1_name
530334,NG-NI,2024,3,Niger state,10.098702,6.619851,20.0,adm1_name
527731,NG-BO,2024,3,Borno state,11.189764,13.911289,2.0,adm1_name
527724,NG-BO,2024,3,Borno state,11.103593,13.712982,32.0,adm1_name
533992,NG-BO,2024,3,Borno state,11.572354,13.536488,19.0,adm1_name
537789,NG-BO,2024,3,Borno state,11.189764,13.911289,4.0,adm1_name
537795,NG-BO,2024,3,Borno state,11.189764,13.911289,1.0,adm1_name
565378,NG-BO,2024,3,Borno state,11.103593,13.712983,1.0,adm1_name
544795,NG-BO,2024,3,Borno state,11.189764,13.911289,1.0,adm1_name
547420,NG-BO,2024,3,Borno state,11.103593,13.712983,5.0,adm1_name
549199,NG-BO,2024,3,Borno state,11.134722,13.876944,3.0,adm1_name
549296,NG-BO,2024,3,Borno state,11.103593,13.712983,4.0,adm1_name
16181,NG-DE,2003,3,Delta state,5.614261,5.186947,4.0,adm1_name
16182,NG-DE,2003,3,Delta state,5.598994,5.226263,4.0,adm1_name
16183,NG-DE,2003,3,Delta state,5.598994,5.226263,4.0,adm1_name
16152,NG-DE,2003,3,Delta state,5.5167,5.75,24.0,adm1_name
16097,NG-DE,2003,3,Delta state,6.001093,5.467541,14.0,adm1_name
16126,NG-DE,2003,3,Delta state,5.61326,5.61063,2.0,adm1_name
16113,NG-DE,2003,3,Delta state,5.88243,5.27687,1.0,adm1_name
16421,NG-KO,2008,2,Kogi state,7.44982,6.32209,20.0,adm1_name
15661,NG-AD,2008,2,Adamawa state,9.24216,12.52487,2.0,adm1_name
13224,NG-AD,2008,2,Adamawa state,9.24216,12.52487,1.0,adm1_name
13223,NG-AD,2008,2,Adamawa state,8.97099,11.9768,4.0,adm1_name
16422,NG-KO,2008,2,Kogi state,7.44982,6.32209,6.0,adm1_name
16288,NG-EK,2009,2,Ekiti state,7.799765,5.332422,0.0,adm1_name
42188,NG-ED,2011,2,Edo state,6.25354,5.98405,0.0,adm1_name
42189,NG-LA,2011,2,Lagos state,6.453056,3.395833,1.0,adm1_name
42190,NG-JI,2011,2,Jigawa state,12.61402,8.85872,1.0,adm1_name
42191,NG-AK,2011,2,Akwa Ibom state,5.19105,7.89619,2.0,adm1_name
42192,NG-BA,2011,2,Bauchi state,11.41543,10.22258,0.0,adm1_name
42193,NG-AK,2011,2,Akwa Ibom state,5.19383,7.70369,4.0,adm1_name
42194,NG-OY,2011,2,Oyo state,8.0,4.0,2.0,adm1_name
42195,NG-BE,2011,2,Benue state,7.68922,9.25049,0.0,adm1_name
42196,NG-EK,2011,2,Ekiti state,7.86204,5.18867,1.0,adm1_name
42197,NG-EK,2011,2,Ekiti state,7.943665,5.248811,1.0,adm1_name
42199,NG-AK,2011,2,Akwa Ibom state,5.20704,7.89309,2.0,adm1_name
42200,NG-AK,2011,2,Akwa Ibom state,4.8177,8.02593,1.0,adm1_name
42203,NG-AK,2011,2,Akwa Ibom state,4.92735,7.95806,2.0,adm1_name
42204,NG-RI,2011,2,Rivers state,4.69962,7.42264,1.0,adm1_name
42205,NG-OY,2011,2,Oyo state,8.83784,3.75628,2.0,adm1_name
42206,NG-BE,2011,2,Benue state,7.507,9.34804,6.0,adm1_name
41795,NG-BE,2012,2,Benue state,7.5618,8.8887,1.0,adm1_name
41796,NG-ED,2012,2,Edo state,6.335045,5.627492,1.0,adm1_name
48431,NG-ED,2013,2,Edo state,7.08333,6.5,2.0,adm1_name
48478,NG-KO,2013,2,Kogi state,7.58435,7.17344,2.0,adm1_name
16463,NG-LA,2003,2,Lagos state,6.453056,3.395833,0.0,adm1_name
16513,NG-LA,2003,2,Lagos state,6.558174,3.346625,7.0,adm1_name
16088,NG-DE,2003,2,Delta state,5.554632,5.786239,1.0,adm1_name
16150,NG-DE,2003,2,Delta state,5.5167,5.75,18.0,adm1_name
16087,NG-DE,2003,2,Delta state,5.554632,5.786239,3.0,adm1_name
16391,NG-KN,1998,2,Kano state,11.5,8.5,14.0,adm1_name
17084,NG-RI,2001,2,Rivers state,4.72451,7.19858,1.0,adm1_name
17176,NG-ZA,2001,2,Zamfara state,12.162784,6.661348,2.0,adm1_name
17085,NG-RI,2002,2,Rivers state,4.72451,7.19858,1.0,adm1_name
16441,NG-KW,2002,2,Kwara state,8.5,4.55,2.0,adm1_name
16431,NG-KW,2003,2,Kwara state,8.5,5.0,1.0,adm1_name
15903,NG-BE,2003,2,Benue state,6.8898,9.505612,7.0,adm1_name
16196,NG-EB,2003,2,Ebonyi state,6.25,8.083333,1.0,adm1_name
13889,NG-ED,2003,2,Edo state,6.5,6.0,1.0,adm1_name
16007,NG-CR,2003,2,Cross River state,5.9429,8.37883,1.0,adm1_name
16966,NG-RI,2003,2,Rivers state,4.737333,6.966013,4.0,adm1_name
16407,NG-KN,2003,2,Kano state,11.915214,7.934604,0.0,adm1_name
16444,NG-KW,2003,2,Kwara state,8.5,4.55,2.0,adm1_name
16140,NG-DE,2003,2,Delta state,5.5167,5.75,2.0,adm1_name
16445,NG-KW,2003,2,Kwara state,8.5,4.55,2.0,adm1_name
16399,NG-KO,2003,2,Kogi state,7.44982,6.32209,2.0,adm1_name
16295,NG-EN,2003,2,Enugu state,6.5,7.5,5.0,adm1_name
16199,NG-EB,2003,2,Ebonyi state,6.0716,8.1028,17.0,adm1_name
16253,NG-ED,2003,2,Edo state,6.335045,5.627492,1.0,adm1_name
13261,NG-SO,2003,2,Sokoto state,12.48616,5.49432,1.0,adm1_name
17029,NG-RI,2003,2,Rivers state,4.990833,7.054444,1.0,adm1_name
17118,NG-SO,2003,2,Sokoto state,12.133333,4.733333,1.0,adm1_name
17056,NG-RI,2003,2,Rivers state,5.02676,6.88406,1.0,adm1_name
15855,NG-BY,2003,2,Bayelsa state,4.804722,6.078889,10.0,adm1_name
16349,NG-IM,2003,2,Imo state,5.56795,7.15338,1.0,adm1_name
16447,NG-KW,2003,2,Kwara state,8.5,4.55,0.0,adm1_name
13234,NG-EB,2003,2,Ebonyi state,6.0716,8.1028,1.0,adm1_name
16572,NG-NA,2003,2,Nasarawa state,8.2502,7.19827,4.0,adm1_name
15912,NG-BE,2004,2,Benue state,6.80099,9.47021,7.0,adm1_name
15918,NG-BE,2004,2,Benue state,6.80099,9.47021,27.0,adm1_name
15909,NG-BE,2004,2,Benue state,6.8898,9.505612,27.0,adm1_name
15898,NG-BE,2004,2,Benue state,6.887886,9.235472,27.0,adm1_name
15899,NG-BE,2004,2,Benue state,6.8898,9.505612,16.0,adm1_name
15906,NG-BE,2004,2,Benue state,6.8898,9.505612,4.0,adm1_name
15901,NG-BE,2004,2,Benue state,6.8898,9.505612,20.0,adm1_name
15902,NG-BE,2004,2,Benue state,6.80099,9.47021,150.0,adm1_name
15900,NG-BE,2004,2,Benue state,6.8898,9.505612,150.0,adm1_name
15887,NG-BE,2004,2,Benue state,6.887886,9.235472,11.0,adm1_name
15910,NG-BE,2005,2,Benue state,6.80099,9.47021,2.0,adm1_name
15748,NG-BA,2007,2,Bauchi state,10.313441,9.843273,1.0,adm1_name
16692,NG-OY,2007,2,Oyo state,7.387778,3.896389,5.0,adm1_name
17177,NG-ZA,2010,2,Zamfara state,12.162784,6.661348,3.0,adm1_name
42211,NG-EB,2011,2,Ebonyi state,6.48453,8.29468,3.0,adm1_name
42212,NG-EB,2011,2,Ebonyi state,6.05316,8.16284,1.0,adm1_name
15621,NG-AD,2003,2,Adamawa state,9.779722,12.421667,100.0,adm1_name
254346,NG-AD,2018,2,Adamawa state,9.82444,12.625,10.0,adm1_name
17144,NG-TA,2002,2,Taraba state,6.87463,11.21184,50.0,adm1_name
238859,NG-TA,2017,2,Taraba state,6.87463,11.21184,104.0,adm1_name
252147,NG-TA,2017,2,Taraba state,6.573788,11.245206,35.0,adm1_name
238820,NG-TA,2017,2,Taraba state,6.96012,11.11628,1.0,adm1_name
239815,NG-TA,2017,2,Taraba state,6.91667,11.43333,1.0,adm1_name
254342,NG-TA,2018,2,Taraba state,6.749681,11.200112,2.0,adm1_name
254383,NG-TA,2018,2,Taraba state,6.816303,11.233413,3.0,adm1_name
254959,NG-TA,2018,2,Taraba state,6.749681,11.200112,3.0,adm1_name
254960,NG-TA,2018,2,Taraba state,6.96012,11.11628,4.0,adm1_name
278501,NG-TA,2018,2,Taraba state,6.935322,11.41338,4.0,adm1_name
16785,NG-PL,2006,2,Plateau state,8.76078,9.16142,25.0,adm1_name
13949,NG-AB,2000,2,Abia state,5.106576,7.366667,50.0,adm1_name
16286,NG-EN,2006,2,Enugu state,6.4402,7.4943,7.0,adm1_name
16301,NG-EN,2006,2,Enugu state,6.4402,7.4943,1.0,adm1_name
226492,NG-AB,2016,2,Abia state,5.106576,7.366667,2.0,adm1_name
241467,NG-PL,2017,2,Plateau state,9.916667,8.9,2.0,adm1_name
100594,NG-PL,2002,2,Plateau state,9.1,9.966667,12.0,adm1_name
16806,NG-PL,2002,2,Plateau state,9.1,9.966667,13.0,adm1_name
16715,NG-PL,2002,2,Plateau state,9.166667,9.75,10.0,adm1_name
13251,NG-OY,1998,2,Oyo state,7.387778,3.896389,5.0,adm1_name
16461,NG-LA,1998,2,Lagos state,6.453056,3.395833,55.0,adm1_name
16615,NG-OG,1999,2,Ogun state,6.843226,3.647763,60.0,adm1_name
16402,NG-KN,1999,2,Kano state,11.994354,8.513807,3.0,adm1_name
16401,NG-KN,1999,2,Kano state,11.994354,8.513807,30.0,adm1_name
16645,NG-OY,2000,2,Oyo state,7.387778,3.896389,3.0,adm1_name
13873,NG-LA,2000,2,Lagos state,6.61426,3.32437,2.0,adm1_name
16473,NG-LA,2002,2,Lagos state,6.55578,3.34418,100.0,adm1_name
16491,NG-LA,2010,2,Lagos state,6.44,3.364,1.0,adm1_name
41304,NG-LA,2012,2,Lagos state,6.453056,3.395833,1.0,adm1_name
41316,NG-LA,2012,2,Lagos state,6.453056,3.395833,2.0,adm1_name
41326,NG-LA,2012,2,Lagos state,6.453056,3.395833,13.0,adm1_name
218938,NG-LA,2016,2,Lagos state,6.608319,3.393763,12.0,adm1_name
227004,NG-LA,2016,2,Lagos state,6.58333,3.75,1.0,adm1_name
237373,NG-OS,2017,2,Osun state,7.4824,4.56032,46.0,adm1_name
294205,NG-OY,2019,2,Oyo state,7.387778,3.896389,0.0,adm1_name
299464,NG-OY,2019,2,Oyo state,7.387778,3.896389,0.0,adm1_name
319025,NG-OS,2019,2,Osun state,7.470092,4.678513,2.0,adm1_name
322841,NG-OS,2019,2,Osun state,7.56713,4.65139,3.0,adm1_name
366940,NG-LA,2020,2,Lagos state,6.61526,3.5069,2.0,adm1_name
366941,NG-LA,2020,2,Lagos state,6.453056,3.395833,4.0,adm1_name
385427,NG-OY,2021,2,Oyo state,7.387778,3.896389,3.0,adm1_name
444714,NG-OY,2022,2,Oyo state,7.387778,3.896389,0.0,adm1_name
515348,NG-LA,2024,2,Lagos state,6.603681,3.349941,1.0,adm1_name
16125,NG-DE,1997,2,Delta state,5.5167,5.75,332.0,adm1_name
13233,NG-DE,1997,2,Delta state,5.5167,5.75,3.0,adm1_name
16056,NG-DE,1997,2,Delta state,5.681275,5.74147,41.0,adm1_name
16120,NG-DE,1997,2,Delta state,5.521208,5.717213,5.0,adm1_name
16147,NG-DE,1997,2,Delta state,5.5167,5.75,8.0,adm1_name
16148,NG-DE,1997,2,Delta state,5.5167,5.75,4.0,adm1_name
16077,NG-DE,1997,2,Delta state,6.001093,5.467541,0.0,adm1_name
16090,NG-DE,1997,2,Delta state,5.883152,5.174978,3.0,adm1_name
16119,NG-DE,1997,2,Delta state,5.626158,5.651453,2.0,adm1_name
16139,NG-DE,1997,2,Delta state,5.5167,5.75,2.0,adm1_name
16138,NG-DE,1997,2,Delta state,5.5167,5.75,18.0,adm1_name
16137,NG-DE,1998,2,Delta state,5.5167,5.75,14.0,adm1_name
16135,NG-DE,1998,2,Delta state,5.5167,5.75,1.0,adm1_name
16121,NG-DE,1998,2,Delta state,5.5167,5.75,0.0,adm1_name
16132,NG-DE,1998,2,Delta state,5.5167,5.75,6.0,adm1_name
16118,NG-DE,1998,2,Delta state,5.488466,5.702954,4.0,adm1_name
16123,NG-DE,1999,2,Delta state,5.5167,5.75,0.0,adm1_name
16101,NG-DE,1999,2,Delta state,5.551501,5.183744,0.0,adm1_name
16094,NG-DE,1999,2,Delta state,5.598994,5.226263,0.0,adm1_name
16133,NG-DE,1999,2,Delta state,5.5167,5.75,13.0,adm1_name
16076,NG-DE,1999,2,Delta state,5.580064,5.1792,100.0,adm1_name
16021,NG-DE,1999,2,Delta state,5.5,6.0,7.0,adm1_name
16146,NG-DE,1999,2,Delta state,5.5167,5.75,0.0,adm1_name
16156,NG-DE,2003,2,Delta state,5.5167,5.75,3.0,adm1_name
16153,NG-DE,2003,2,Delta state,5.5167,5.75,2.0,adm1_name
16122,NG-DE,2003,2,Delta state,5.521208,5.717213,3.0,adm1_name
16063,NG-DE,2003,2,Delta state,5.892009,5.53524,15.0,adm1_name
15806,NG-BY,2003,2,Bayelsa state,4.9125,5.5997,2.0,adm1_name
16158,NG-DE,2003,2,Delta state,5.5167,5.75,20.0,adm1_name
16134,NG-DE,2003,2,Delta state,5.5167,5.75,30.0,adm1_name
16074,NG-DE,2003,2,Delta state,5.36176,5.791827,10.0,adm1_name
16111,NG-DE,2003,2,Delta state,5.88243,5.27687,9.0,adm1_name
16116,NG-DE,2003,2,Delta state,5.88243,5.27687,10.0,adm1_name
16159,NG-DE,2003,2,Delta state,5.5167,5.75,1.0,adm1_name
16018,NG-DE,2004,2,Delta state,5.5,6.0,12.0,adm1_name
16114,NG-DE,2004,2,Delta state,5.488466,5.702954,4.0,adm1_name
16184,NG-DE,2004,2,Delta state,5.483243,5.734605,3.0,adm1_name
16151,NG-DE,2004,2,Delta state,5.5167,5.75,0.0,adm1_name
15602,NG-CR,2005,2,,6.520925,8.422831,100.0,point_in_polygon
258539,NG-EB,2018,2,,6.561752,8.370202,11.0,point_in_polygon
282461,NG-EB,2019,2,,6.561752,8.370202,3.0,point_in_polygon
321678,NG-EB,2019,2,Ebonyi state,6.48453,8.29468,1.0,adm1_name
16969,NG-RI,2004,2,Rivers state,4.765073,6.893608,3.0,adm1_name
16991,NG-RI,2004,2,Rivers state,4.788666,6.894286,2.0,adm1_name
17015,NG-RI,2004,2,Rivers state,4.79401,6.91389,3.0,adm1_name
16957,NG-RI,2004,2,Rivers state,4.73407,6.86345,4.0,adm1_name
16904,NG-RI,2004,2,Rivers state,4.777423,7.013404,16.0,adm1_name
16900,NG-RI,2004,2,Rivers state,4.777423,7.013404,4.0,adm1_name
16906,NG-RI,2004,2,Rivers state,4.777423,7.013404,5.0,adm1_name
16910,NG-RI,2004,2,Rivers state,4.777423,7.013404,3.0,adm1_name
16890,NG-RI,2004,2,Rivers state,4.777423,7.013404,18.0,adm1_name
16844,NG-RI,2004,2,Rivers state,4.777423,7.013404,1.0,adm1_name
16933,NG-RI,1993,2,Rivers state,4.75,6.833333,60.0,adm1_name
16935,NG-RI,1993,2,Rivers state,4.75,6.833333,2.0,adm1_name
17063,NG-RI,1993,2,Rivers state,4.69962,7.42264,35.0,adm1_name
16925,NG-RI,1993,2,Rivers state,4.75,6.833333,988.0,adm1_name
16571,NG-NA,2001,2,Nasarawa state,8.366667,8.766667,200.0,adm1_name
15665,NG-AK,1992,2,Akwa Ibom state,4.61973,8.302737,0.0,adm1_name
15995,NG-CR,2000,2,Cross River state,5.75,8.5,45.0,adm1_name
13897,NG-AK,2000,2,Akwa Ibom state,5.0,7.833333,45.0,adm1_name
15609,NG-TA,1999,2,Taraba state,9.2,10.883333,90.0,adm1_name
100564,NG-TA,1999,2,Taraba state,9.3,11.2,10.0,adm1_name
16809,NG-PL,2001,2,Plateau state,9.916667,8.9,952.0,adm1_name
16812,NG-PL,2001,2,Plateau state,9.916667,8.9,31.0,adm1_name
16783,NG-PL,2001,2,Plateau state,9.916667,8.9,9.0,adm1_name
16817,NG-PL,2001,2,Plateau state,9.56796,8.68476,8.0,adm1_name
16814,NG-PL,2008,2,Plateau state,9.916667,8.9,200.0,adm1_name
16378,NG-KD,1999,2,Kaduna state,9.583333,8.3,100.0,adm1_name
16666,NG-OS,1997,2,Osun state,7.466667,4.566667,65.0,adm1_name
16661,NG-OS,1997,2,Osun state,7.466667,4.566667,30.0,adm1_name
16662,NG-OS,1997,2,Osun state,7.466667,4.566667,8.0,adm1_name
16663,NG-OS,1997,2,Osun state,7.466667,4.566667,35.0,adm1_name
16668,NG-OS,1997,2,Osun state,7.466667,4.566667,6.0,adm1_name
16659,NG-OS,1998,2,Osun state,7.466667,4.566667,8.0,adm1_name
16634,NG-OS,1998,2,Osun state,7.5,4.5,7.0,adm1_name
16651,NG-OS,1998,2,Osun state,7.5,4.5,5.0,adm1_name
16655,NG-OS,1998,2,Osun state,7.55,4.53333,14.0,adm1_name
16667,NG-OS,2000,2,Osun state,7.466667,4.566667,16.0,adm1_name
16673,NG-OS,2000,2,Osun state,7.383333,4.266667,16.0,adm1_name
16664,NG-OS,2000,2,Osun state,7.466667,4.566667,2.0,adm1_name
16624,NG-OS,2000,2,Osun state,7.383333,4.266667,1.0,adm1_name
16665,NG-OS,2000,2,Osun state,7.466667,4.566667,11.0,adm1_name
16671,NG-OS,2000,2,Osun state,7.383333,4.266667,11.0,adm1_name
16660,NG-OS,2000,2,Osun state,7.466667,4.566667,2.0,adm1_name
13978,NG-OS,2000,2,Osun state,7.383333,4.266667,2.0,adm1_name
16641,NG-ON,1998,2,Ondo state,6.20323,4.76788,27.0,adm1_name
16648,NG-ON,1998,2,Ondo state,6.02814,4.90599,23.0,adm1_name
16644,NG-ON,1999,2,Ondo state,6.07331,4.809321,50.0,adm1_name
16642,NG-ON,1999,2,Ondo state,6.07331,4.809321,20.0,adm1_name
16640,NG-ON,2004,2,Ondo state,6.349648,4.803259,2.0,adm1_name
453375,NG-ON,2022,2,Ondo state,6.217429,4.96459,1.0,adm1_name
16011,NG-DE,1997,2,Delta state,5.5,6.0,19.0,adm1_name
16022,NG-DE,1998,2,Delta state,5.187601,5.880154,30.0,adm1_name
16037,NG-DE,2003,2,Delta state,5.322298,5.741645,4.0,adm1_name
16342,NG-AD,1990,2,Gongola state,8.5,11.5,9.0,obsolete_unit
17157,NG-TA,1991,2,Taraba state,7.96327,9.84767,30.0,adm1_name
17156,NG-TA,1992,2,Taraba state,7.96327,9.84767,0.0,adm1_name
17127,NG-TA,1992,2,Taraba state,8.0,10.5,100.0,adm1_name
17153,NG-TA,1993,2,Taraba state,7.96327,9.84767,7.0,adm1_name
15868,NG-BE,2001,2,Benue state,7.333333,8.75,481.0,adm1_name
15938,NG-BE,2001,2,Benue state,7.516667,9.616667,19.0,adm1_name
17103,NG-TA,2001,2,Taraba state,7.9,10.38333,45.0,adm1_name
235922,NG-BE,2016,2,Benue state,7.7042,8.53588,10.0,adm1_name
238196,NG-BE,2017,2,Benue state,7.7411,8.5121,3.0,adm1_name
274613,NG-TA,2018,2,Taraba state,7.63077,9.90652,1.0,adm1_name
282523,NG-TA,2019,2,Taraba state,7.89689,9.48576,2.0,adm1_name
282508,NG-BE,2019,2,Benue state,7.59479,9.64094,5.0,adm1_name
284731,NG-BE,2019,2,,7.823892,9.609318,4.0,point_in_polygon
282514,NG-BE,2019,2,Benue state,7.796041,9.285615,5.0,adm1_name
282522,NG-TA,2019,2,Taraba state,7.85,9.783333,2.0,adm1_name
284637,NG-TA,2019,2,Taraba state,7.8878,9.55641,15.0,adm1_name
284736,NG-BE,2019,2,Benue state,6.80099,9.47021,2.0,adm1_name
284921,NG-TA,2019,2,Taraba state,7.85,9.783333,5.0,adm1_name
284922,NG-TA,2019,2,Taraba state,7.8878,9.55641,0.0,adm1_name
287315,NG-TA,2019,2,Taraba state,7.85,9.783333,0.0,adm1_name
287402,NG-TA,2019,2,Taraba state,7.85,9.783333,0.0,adm1_name
286789,NG-TA,2019,2,Taraba state,7.89689,9.48576,3.0,adm1_name
286791,NG-TA,2019,2,Taraba state,7.707147,9.894561,2.0,adm1_name
287106,NG-TA,2019,2,Taraba state,7.59094,10.2133,0.0,adm1_name
287565,NG-TA,2019,2,Taraba state,7.910337,9.601728,6.0,adm1_name
287570,NG-TA,2019,2,Taraba state,7.96327,9.84767,6.0,adm1_name
290577,NG-TA,2019,2,Taraba state,7.96327,9.84767,3.0,adm1_name
290395,NG-BE,2019,2,Benue state,7.629936,9.645133,0.0,adm1_name
290414,NG-TA,2019,2,Taraba state,7.910337,9.601728,3.0,adm1_name
290449,NG-TA,2019,2,Taraba state,7.707147,9.894561,1.0,adm1_name
294262,NG-BE,2019,2,Benue state,7.629936,9.645133,4.0,adm1_name
294266,NG-TA,2019,2,Taraba state,7.59094,10.2133,2.0,adm1_name
294267,NG-TA,2019,2,Taraba state,7.59094,10.2133,1.0,adm1_name
293619,NG-TA,2019,2,Taraba state,7.96327,9.84767,3.0,adm1_name
293612,NG-TA,2019,2,Taraba state,7.589556,9.903781,1.0,adm1_name
294517,NG-TA,2019,2,Taraba state,7.266667,9.983333,8.0,adm1_name
300210,NG-TA,2019,2,Taraba state,8.412632,10.540629,5.0,adm1_name
300218,NG-TA,2019,2,Taraba state,7.266667,9.983333,7.0,adm1_name
300022,NG-TA,2019,2,Taraba state,7.41158,10.04478,1.0,adm1_name
300047,NG-TA,2019,2,Taraba state,7.266667,9.983333,34.0,adm1_name
300059,NG-TA,2019,2,Taraba state,7.266667,9.983333,5.0,adm1_name
305566,NG-TA,2019,2,Taraba state,7.41158,10.04478,2.0,adm1_name
307274,NG-TA,2019,2,Taraba state,7.59094,10.2133,5.0,adm1_name
307248,NG-BE,2019,2,Benue state,7.629936,9.645133,3.0,adm1_name
307275,NG-TA,2019,2,Taraba state,7.59094,10.2133,14.0,adm1_name
307276,NG-BE,2019,2,,7.667008,9.736931,0.0,point_in_polygon
319064,NG-TA,2019,2,Taraba state,7.862411,9.906252,0.0,adm1_name
319234,NG-TA,2019,2,Taraba state,8.23331,10.39236,3.0,adm1_name
328553,NG-TA,2020,2,Taraba state,8.47269,10.5442,2.0,adm1_name
328540,NG-TA,2020,2,Taraba state,7.96327,9.84767,2.0,adm1_name
331241,NG-TA,2020,2,Taraba state,8.109785,9.775277,2.0,adm1_name
391942,NG-BE,2020,2,Benue state,7.760139,9.759593,3.0,adm1_name
391998,NG-TA,2020,2,Taraba state,7.752077,9.962264,1.0,adm1_name
354135,NG-TA,2020,2,Taraba state,8.23331,10.39236,3.0,adm1_name
371173,NG-TA,2020,2,Taraba state,7.759577,9.874569,4.0,adm1_name
397961,NG-TA,2021,2,Taraba state,7.96327,9.84767,0.0,adm1_name
478587,NG-TA,2023,2,Taraba state,7.85,9.783333,2.0,adm1_name
519065,NG-BE,2024,2,Benue state,7.7411,8.5121,2.0,adm1_name
17152,NG-TA,1996,2,Taraba state,9.2,10.883333,80.0,adm1_name
16713,NG-PL,2001,2,Plateau state,9.166667,9.75,50.0,adm1_name
17109,NG-RI,1994,2,Rivers state,4.87806,7.12833,30.0,adm1_name
16891,NG-RI,1999,2,Rivers state,4.777423,7.013404,25.0,adm1_name
17097,NG-RI,2000,2,Rivers state,4.724437,7.152624,1.0,adm1_name
16893,NG-RI,1992,2,Rivers state,4.777423,7.013404,60.0,adm1_name
16896,NG-RI,1993,2,Rivers state,4.777423,7.013404,90.0,adm1_name
196888,NG-RI,2014,2,Rivers state,4.704974,7.229921,3.0,adm1_name
196887,NG-RI,2015,2,Rivers state,4.72586,7.24318,7.0,adm1_name
196886,NG-RI,2015,2,Rivers state,4.718291,7.250578,2.0,adm1_name
15882,NG-BE,1998,2,Benue state,7.3179,8.9951,32.0,adm1_name
15674,NG-AN,1999,2,Anambra state,6.32241,6.89021,97.0,adm1_name
15686,NG-AN,1999,2,Anambra state,6.338343,6.846102,323.0,adm1_name
13960,NG-DE,1999,2,Delta state,5.5167,5.75,16.0,adm1_name
16129,NG-DE,1999,2,Delta state,5.5167,5.75,14.0,adm1_name
13906,NG-DE,1999,2,Delta state,5.5167,5.75,4.0,adm1_name
16034,NG-DE,1999,2,Delta state,5.187601,5.880154,5.0,adm1_name
16569,NG-NA,2009,2,Nasarawa state,8.27611,7.99028,1.0,adm1_name
16563,NG-NA,2009,2,Nasarawa state,8.27611,7.99028,32.0,adm1_name
16803,NG-PL,2004,2,Plateau state,9.076944,10.059536,13.0,adm1_name
17146,NG-TA,2004,2,Taraba state,8.183333,9.75,5.0,adm1_name
63053,NG-TA,2004,2,Taraba state,8.316667,9.733333,2.0,adm1_name
17150,NG-TA,2004,2,Taraba state,8.316667,9.733333,17.0,adm1_name
17151,NG-TA,2004,2,Taraba state,8.316667,9.733333,17.0,adm1_name
17137,NG-TA,2004,2,Taraba state,7.866667,10.966667,16.0,adm1_name
16718,NG-PL,2004,2,Plateau state,9.166667,9.75,16.0,adm1_name
16719,NG-PL,2004,2,Plateau state,9.166667,9.75,17.0,adm1_name
16720,NG-PL,2004,2,Plateau state,9.166667,9.75,17.0,adm1_name
65078,NG-PL,2013,2,Plateau state,9.75,8.88333,2.0,adm1_name
45899,NG-PL,2013,2,Plateau state,9.08261,10.20519,18.0,adm1_name
46030,NG-PL,2013,2,Plateau state,8.910664,10.020653,0.0,adm1_name
46031,NG-PL,2013,2,Plateau state,9.08261,10.20519,0.0,adm1_name
48459,NG-PL,2013,2,Plateau state,9.1,9.966667,15.0,adm1_name
65324,NG-PL,2013,2,Plateau state,8.539103,9.706028,7.0,adm1_name
48409,NG-PL,2013,2,Plateau state,9.114567,9.926308,20.0,adm1_name
48410,NG-PL,2013,2,Plateau state,9.1,9.966667,20.0,adm1_name
51456,NG-PL,2013,2,Plateau state,8.49724,9.73141,23.0,adm1_name
51457,NG-PL,2013,2,Plateau state,8.475114,9.725226,7.0,adm1_name
51458,NG-PL,2013,2,Plateau state,8.539103,9.706028,2.0,adm1_name
65477,NG-PL,2013,2,Plateau state,9.1,9.966667,0.0,adm1_name
64785,NG-TA,2013,2,Taraba state,8.68333,10.36667,4.0,adm1_name
128915,NG-PL,2014,2,Plateau state,9.076944,10.059536,0.0,adm1_name
195457,NG-PL,2015,2,Plateau state,9.54882,10.09733,0.0,adm1_name
247306,NG-PL,2017,2,Plateau state,9.166667,9.75,1.0,adm1_name
16383,NG-KD,1992,2,Kaduna state,9.833333,8.4,95.0,adm1_name
16380,NG-KD,1992,2,Kaduna state,11.082083,7.716097,36.0,adm1_name
16382,NG-KD,1992,2,Kaduna state,10.52224,7.43828,247.0,adm1_name
16387,NG-KD,1992,2,Kaduna state,9.833333,8.4,188.0,adm1_name
63349,NG-KD,1992,2,Kaduna state,11.17752,8.2267,10.0,adm1_name
63350,NG-KD,1992,2,Kaduna state,10.333333,7.75,6.0,adm1_name
16396,NG-KN,2001,2,Kano state,11.994354,8.513807,200.0,adm1_name
15751,NG-BA,1991,2,Bauchi state,10.313441,9.843273,75.0,adm1_name
15766,NG-BA,1991,2,Bauchi state,9.758333,9.557222,75.0,adm1_name
16397,NG-KN,1991,2,Kano state,11.994354,8.513807,200.0,adm1_name
17147,NG-TA,1992,2,Taraba state,8.883333,11.366667,200.0,adm1_name
62506,NG-PL,1994,2,Plateau state,9.916667,8.9,4.0,adm1_name
13969,NG-KD,1996,2,Kaduna state,9.583333,8.3,2.0,adm1_name
16381,NG-KD,2000,2,Kaduna state,10.52224,7.43828,450.0,adm1_name
63379,NG-KD,2000,2,Kaduna state,9.86667,7.95,450.0,adm1_name
63380,NG-KD,2000,2,Kaduna state,10.82612,6.65505,450.0,adm1_name
63381,NG-KD,2000,2,Kaduna state,10.98854,7.69622,450.0,adm1_name
16324,NG-KD,2000,2,Kaduna state,10.52224,7.43828,43.0,adm1_name
16338,NG-GO,2000,2,Gombe state,9.7,11.5,10.0,adm1_name
13885,NG-KD,2001,2,Kaduna state,11.002444,8.002862,11.0,adm1_name
16625,NG-OS,2001,2,Osun state,7.766667,4.566667,1.0,adm1_name
16750,NG-PL,2002,2,Plateau state,9.916667,8.9,20.0,adm1_name
13255,NG-PL,2002,2,Plateau state,8.833333,9.633333,6.0,adm1_name
16370,NG-KD,2002,2,Kaduna state,10.52224,7.43828,175.0,adm1_name
15660,NG-AD,2003,2,Adamawa state,9.466667,12.033333,10.0,adm1_name
15983,NG-BO,2003,2,Borno state,11.84644,13.160274,1.0,adm1_name
16767,NG-PL,2004,2,Plateau state,8.423006,9.73469,4.0,adm1_name
16773,NG-PL,2004,2,Plateau state,8.475114,9.725226,7.0,adm1_name
13253,NG-PL,2004,2,Plateau state,8.60247,9.81029,3.0,adm1_name
16797,NG-PL,2004,2,Plateau state,9.076944,10.059536,11.0,adm1_name
62567,NG-PL,2004,2,Plateau state,8.60247,9.81029,3.0,adm1_name
62562,NG-PL,2004,2,Plateau state,8.51667,9.66667,9.0,adm1_name
16794,NG-PL,2004,2,Plateau state,8.833333,9.633333,78.0,adm1_name
16756,NG-PL,2004,2,Plateau state,8.60247,9.81029,10.0,adm1_name
13981,NG-PL,2004,2,Plateau state,8.539103,9.706028,20.0,adm1_name
13982,NG-PL,2004,2,Plateau state,8.966667,9.816667,40.0,adm1_name
62581,NG-PL,2004,2,Plateau state,8.734444,9.500189,4.0,adm1_name
62582,NG-PL,2004,2,Plateau state,8.734444,9.500189,6.0,adm1_name
13870,NG-PL,2004,2,Plateau state,8.833333,9.633333,9.0,adm1_name
16762,NG-PL,2004,2,Plateau state,8.833333,9.633333,7.0,adm1_name
13254,NG-PL,2004,2,Plateau state,8.60247,9.81029,7.0,adm1_name
62974,NG-PL,2004,2,Plateau state,8.643179,8.980891,0.0,adm1_name
13983,NG-PL,2004,2,Plateau state,9.1,9.966667,20.0,adm1_name
62983,NG-PL,2004,2,Plateau state,9.166667,9.75,0.0,adm1_name
13867,NG-PL,2004,2,Plateau state,8.482017,9.81878,1.0,adm1_name
16758,NG-PL,2004,2,Plateau state,8.415858,9.832125,2.0,adm1_name
13878,NG-PL,2004,2,Plateau state,8.616161,9.300689,20.0,adm1_name
13872,NG-PL,2004,2,Plateau state,8.833333,9.633333,2.0,adm1_name
16796,NG-PL,2004,2,Plateau state,8.833333,9.633333,660.0,adm1_name
13871,NG-PL,2004,2,Plateau state,8.833333,9.633333,12.0,adm1_name
16398,NG-KN,2004,2,Kano state,11.994354,8.513807,200.0,adm1_name
16802,NG-PL,2004,2,Plateau state,9.316667,10.433333,5.0,adm1_name
16801,NG-PL,2004,2,Plateau state,9.08261,10.20519,5.0,adm1_name
16415,NG-KE,2004,2,Kebbi state,12.2175,4.379167,3.0,adm1_name
13951,NG-AD,2004,2,Adamawa state,9.466667,12.033333,132.0,adm1_name
16377,NG-KN,2004,2,Kano state,12.23385,8.24063,1.0,adm1_name
15973,NG-BO,2006,2,Borno state,11.84644,13.160274,21.0,adm1_name
15754,NG-BA,2006,2,Bauchi state,10.313441,9.843273,7.0,adm1_name
15747,NG-BA,2006,2,Bauchi state,10.313441,9.843273,18.0,adm1_name
15691,NG-AN,2006,2,Anambra state,6.200643,6.733845,5.0,adm1_name
15710,NG-AN,2006,2,Anambra state,6.14543,6.788452,32.0,adm1_name
15708,NG-AN,2006,2,Anambra state,6.14543,6.788452,19.0,adm1_name
13226,NG-AN,2006,2,Anambra state,6.14543,6.788452,20.0,adm1_name
15709,NG-AN,2006,2,Anambra state,6.14543,6.788452,9.0,adm1_name
16573,NG-NI,2006,2,Niger state,10.399893,5.469491,9.0,adm1_name
16285,NG-EN,2006,2,Enugu state,6.4402,7.4943,1.0,adm1_name
16334,NG-GO,2007,2,Gombe state,10.25,11.166667,1.0,adm1_name
13892,NG-KN,2007,2,Kano state,11.994354,8.513807,9.0,adm1_name
15746,NG-BA,2007,2,Bauchi state,10.313441,9.843273,6.0,adm1_name
15750,NG-BA,2009,2,Bauchi state,10.313441,9.843273,11.0,adm1_name
62425,NG-PL,2010,2,Plateau state,9.766667,8.8,2.0,adm1_name
16721,NG-PL,2010,2,Plateau state,9.166667,9.75,10.0,adm1_name
16733,NG-PL,2010,2,Plateau state,9.83333,8.83333,51.0,adm1_name
16761,NG-PL,2010,2,Plateau state,9.916667,8.9,12.0,adm1_name
16749,NG-PL,2010,2,Plateau state,9.916667,8.9,14.0,adm1_name
16768,NG-PL,2010,2,Plateau state,9.8,8.866667,5.0,adm1_name
16745,NG-PL,2010,2,Plateau state,9.916667,8.9,0.0,adm1_name
16760,NG-PL,2010,2,Plateau state,9.916667,8.9,0.0,adm1_name
15763,NG-BA,2010,2,Bauchi state,9.733333,9.233333,0.0,adm1_name
16753,NG-PL,2010,2,Plateau state,9.916667,8.9,1.0,adm1_name
17159,NG-TA,2010,2,Taraba state,7.85,9.783333,0.0,adm1_name
16737,NG-PL,2010,2,Plateau state,10.083333,8.733333,8.0,adm1_name
16742,NG-PL,2010,2,Plateau state,9.83333,8.83333,1.0,adm1_name
16747,NG-PL,2010,2,Plateau state,9.916667,8.9,0.0,adm1_name
42136,NG-PL,2011,2,Plateau state,9.8,8.95,8.0,adm1_name
62423,NG-PL,2011,2,Plateau state,9.916667,8.9,34.0,adm1_name
42138,NG-PL,2011,2,Plateau state,9.916667,8.9,1.0,adm1_name
42139,NG-PL,2011,2,Plateau state,9.916667,8.9,4.0,adm1_name
42140,NG-PL,2011,2,Plateau state,9.916667,8.9,0.0,adm1_name
42237,NG-PL,2011,2,Plateau state,9.54969,8.9344,12.0,adm1_name
42162,NG-PL,2011,2,Plateau state,9.716667,8.85,0.0,adm1_name
42142,NG-PL,2011,2,Plateau state,9.766667,8.8,0.0,adm1_name
42133,NG-PL,2011,2,Plateau state,9.916667,8.9,5.0,adm1_name
42150,NG-AD,2011,2,Adamawa state,9.333333,12.5,8.0,adm1_name
42143,NG-BA,2011,2,Bauchi state,11.41543,10.22258,6.0,adm1_name
42144,NG-BA,2011,2,Bauchi state,11.89382,10.04862,6.0,adm1_name
42145,NG-BA,2011,2,Bauchi state,10.31583,9.84417,8.0,adm1_name
42146,NG-BA,2011,2,Bauchi state,9.88979,10.48004,6.0,adm1_name
42147,NG-BA,2011,2,Bauchi state,11.7042,10.32696,6.0,adm1_name
186201,NG-YO,2011,2,Yobe state,12.0,11.5,8.0,adm1_name
186202,NG-NI,2011,2,Niger state,10.0,6.0,8.0,adm1_name
186203,NG-KT,2011,2,Katsina state,12.25,7.5,8.0,adm1_name
186204,NG-KN,2011,2,Kano state,11.5,8.5,7.0,adm1_name
186205,NG-KD,2011,2,Kaduna state,10.333333,7.75,7.0,adm1_name
186206,NG-JI,2011,2,Jigawa state,12.1,9.56,7.0,adm1_name
186207,NG-GO,2011,2,Gombe state,10.25,11.166667,7.0,adm1_name
186208,NG-BO,2011,2,Borno state,11.5,13.0,7.0,adm1_name
186209,NG-SO,2011,2,Sokoto state,13.083333,5.25,7.0,adm1_name
186210,NG-BA,2011,2,Bauchi state,10.5,10.0,7.0,adm1_name
186211,NG-ZA,2011,2,Zamfara state,12.16667,6.25,7.0,adm1_name
42148,NG-KD,2011,2,Kaduna state,9.78333,8.28333,126.0,adm1_name
42149,NG-KD,2011,2,Kaduna state,10.52224,7.43828,90.0,adm1_name
62268,NG-KD,2011,2,Kaduna state,11.082083,7.716097,90.0,adm1_name
62269,NG-KD,2011,2,Kaduna state,9.58333,8.3,125.0,adm1_name
62270,NG-KD,2011,2,Kaduna state,9.58333,8.3,125.0,adm1_name
62271,NG-KD,2011,2,Kaduna state,9.702073,8.048501,125.0,adm1_name
42152,NG-PL,2011,2,Plateau state,9.916667,8.9,5.0,adm1_name
42151,NG-PL,2011,2,Plateau state,9.916667,8.9,2.0,adm1_name
42153,NG-PL,2011,2,Plateau state,9.916667,8.9,4.0,adm1_name
42155,NG-PL,2011,2,Plateau state,9.916667,8.9,4.0,adm1_name
42157,NG-KD,2011,2,Kaduna state,9.702073,8.048501,0.0,adm1_name
41724,NG-ED,2012,2,Edo state,6.335045,5.627492,5.0,adm1_name
41726,NG-AD,2012,2,Adamawa state,9.333333,12.5,2.0,adm1_name
41727,NG-PL,2012,2,Plateau state,9.916667,8.9,3.0,adm1_name
41728,NG-PL,2012,2,Plateau state,9.916667,8.9,10.0,adm1_name
41730,NG-PL,2012,2,Plateau state,9.916667,8.9,3.0,adm1_name
41807,NG-AD,2012,2,Adamawa state,9.5705,11.71792,6.0,adm1_name
41732,NG-PL,2012,2,Plateau state,9.916667,8.9,7.0,adm1_name
41733,NG-KD,2012,2,Kaduna state,11.082083,7.716097,1.0,adm1_name
41734,NG-KD,2012,2,Kaduna state,10.52224,7.43828,79.0,adm1_name
41736,NG-KD,2012,2,Kaduna state,10.52224,7.43828,3.0,adm1_name
41738,NG-TA,2012,2,Taraba state,8.18333,9.75,3.0,adm1_name
41737,NG-KN,2012,2,Kano state,12.23385,8.24063,4.0,adm1_name
128826,NG-KD,2014,2,Kaduna state,9.66875,8.513,5.0,adm1_name
193465,NG-PL,2014,2,Plateau state,9.05651,9.82247,1.0,adm1_name
162725,NG-PL,2014,2,Plateau state,9.018754,9.865065,2.0,adm1_name
128883,NG-KD,2014,2,Kaduna state,9.66875,8.513,8.0,adm1_name
129182,NG-KD,2014,2,Kaduna state,9.61232,8.46992,51.0,adm1_name
156547,NG-KD,2014,2,Kaduna state,9.61232,8.46992,26.0,adm1_name
156548,NG-KD,2014,2,Kaduna state,9.693856,8.569912,25.0,adm1_name
142090,NG-TA,2014,2,Taraba state,7.8116,10.58387,0.0,adm1_name
142958,NG-TA,2014,2,Taraba state,7.85,9.783333,100.0,adm1_name
156166,NG-TA,2014,2,Taraba state,7.85,9.783333,2.0,adm1_name
143367,NG-KD,2014,2,Kaduna state,9.25,8.45,21.0,adm1_name
143368,NG-KD,2014,2,Kaduna state,9.21667,8.46667,17.0,adm1_name
144086,NG-KD,2014,2,Kaduna state,9.25,8.45,0.0,adm1_name
162576,NG-PL,2014,2,Plateau state,9.26667,8.95,2.0,adm1_name
162577,NG-PL,2014,2,Plateau state,9.26667,8.95,2.0,adm1_name
144543,NG-PL,2014,2,Plateau state,9.26667,8.95,5.0,adm1_name
144548,NG-KD,2014,2,Kaduna state,9.376254,8.586333,13.0,adm1_name
144549,NG-KD,2014,2,Kaduna state,9.25,8.45,31.0,adm1_name
144550,NG-KD,2014,2,Kaduna state,9.25,8.45,2.0,adm1_name
156217,NG-TA,2014,2,Taraba state,7.59094,10.2133,10.0,adm1_name
156233,NG-KD,2014,2,Kaduna state,9.21667,8.46667,10.0,adm1_name
188416,NG-PL,2014,2,Plateau state,9.48304,9.050015,3.0,adm1_name
188437,NG-PL,2015,2,Plateau state,9.39052,9.17968,10.0,adm1_name
188412,NG-KD,2015,2,Kaduna state,9.25,8.45,15.0,adm1_name
234852,NG-KD,2016,2,Kaduna state,9.38269,8.26813,54.0,adm1_name
226618,NG-KN,2016,2,Kano state,11.994354,8.513807,1.0,adm1_name
226578,NG-NI,2016,2,Niger state,10.40999,6.3985,1.0,adm1_name
231714,NG-KD,2016,2,Kaduna state,9.41031,8.36137,11.0,adm1_name
231713,NG-KD,2016,2,Kaduna state,9.41031,8.36137,7.0,adm1_name
231189,NG-KD,2016,2,Kaduna state,9.43251,8.35371,3.0,adm1_name
236029,NG-NA,2016,2,Nasarawa state,8.36667,8.76667,1.0,adm1_name
231709,NG-KD,2016,2,Kaduna state,9.41031,8.36137,2.0,adm1_name
231710,NG-KD,2016,2,Kaduna state,9.41031,8.36137,1.0,adm1_name
231761,NG-KD,2016,2,Kaduna state,9.38269,8.26813,3.0,adm1_name
231894,NG-KD,2016,2,Kaduna state,9.43251,8.35371,30.0,adm1_name
231899,NG-KD,2016,2,Kaduna state,9.43251,8.35371,14.0,adm1_name
234773,NG-AD,2016,2,Adamawa state,9.39843,12.36436,1.0,adm1_name
234869,NG-KD,2016,2,Kaduna state,9.58333,8.3,0.0,adm1_name
237011,NG-KD,2017,2,Kaduna state,9.571742,8.362417,5.0,adm1_name
237012,NG-KD,2017,2,Kaduna state,9.58333,8.3,5.0,adm1_name
237291,NG-KD,2017,2,Kaduna state,9.49213,8.2729,7.0,adm1_name
237377,NG-KD,2017,2,Kaduna state,9.6588,8.32302,0.0,adm1_name
237376,NG-KD,2017,2,Kaduna state,9.38269,8.26813,0.0,adm1_name
237697,NG-KD,2017,2,Kaduna state,9.43412,8.16565,0.0,adm1_name
238140,NG-KD,2017,2,Kaduna state,10.333333,7.75,3.0,adm1_name
256474,NG-TA,2018,2,Taraba state,7.165487,10.254784,9.0,adm1_name
279153,NG-AD,2018,2,Adamawa state,9.45371,11.836653,17.0,adm1_name
279154,NG-AD,2018,2,Adamawa state,9.38213,11.62305,5.0,adm1_name
266472,NG-AD,2018,2,Adamawa state,9.363747,11.600432,5.0,adm1_name
277093,NG-KD,2018,2,Kaduna state,9.43251,8.35371,0.0,adm1_name
277094,NG-KD,2018,2,Kaduna state,9.38269,8.26813,0.0,adm1_name
277095,NG-KD,2018,2,Kaduna state,9.43251,8.35371,0.0,adm1_name
277090,NG-KD,2018,2,Kaduna state,9.38269,8.26813,0.0,adm1_name
331751,NG-AD,2020,2,Adamawa state,9.5705,11.71792,1.0,adm1_name
338873,NG-KD,2020,2,Kaduna state,10.22988,8.294221,5.0,adm1_name
348556,NG-KD,2020,2,Kaduna state,9.776148,8.587123,5.0,adm1_name
359166,NG-KD,2020,2,Kaduna state,10.22988,8.294221,1.0,adm1_name
434506,NG-KD,2022,2,Kaduna state,11.131655,7.380811,0.0,adm1_name
16043,NG-DE,1998,2,Delta state,5.9,5.733333,50.0,adm1_name
15814,NG-BY,2003,2,Bayelsa state,4.533333,6.416667,31.0,adm1_name
181241,NG-CR,2010,2,Cross River state,6.28428,8.92062,15.0,adm1_name
15997,NG-CR,2010,2,Cross River state,6.32438,8.75981,15.0,adm1_name
41758,NG-CR,2012,2,Cross River state,6.2555,9.0263,3.0,adm1_name
16740,NG-PL,2002,2,Plateau state,9.85,8.683333,10.0,adm1_name
16791,NG-PL,2002,2,Plateau state,9.56796,8.68476,6.0,adm1_name
16722,NG-PL,2002,2,Plateau state,9.54969,8.9344,16.0,adm1_name
16790,NG-PL,2002,2,Plateau state,9.549489,8.749844,14.0,adm1_name
16789,NG-PL,2002,2,Plateau state,9.549489,8.749844,2.0,adm1_name
62413,NG-PL,2010,2,Plateau state,9.619901,8.808338,16.0,adm1_name
62402,NG-PL,2010,2,Plateau state,9.54969,8.9344,8.0,adm1_name
62403,NG-PL,2010,2,Plateau state,9.54969,8.9344,33.0,adm1_name
62404,NG-PL,2010,2,Plateau state,9.54969,8.9344,22.0,adm1_name
62407,NG-PL,2010,2,Plateau state,9.54969,8.9344,17.0,adm1_name
62408,NG-PL,2010,2,Plateau state,9.66667,8.95,7.0,adm1_name
62410,NG-PL,2010,2,Plateau state,9.54969,8.9344,10.0,adm1_name
62411,NG-PL,2010,2,Plateau state,9.39052,9.17968,9.0,adm1_name
62409,NG-PL,2010,2,Plateau state,9.66667,8.95,2.0,adm1_name
16788,NG-PL,2010,2,Plateau state,9.55,8.8,0.0,adm1_name
16777,NG-PL,2010,2,Plateau state,9.716667,8.85,4.0,adm1_name
62415,NG-PL,2010,2,Plateau state,9.8,8.95,164.0,adm1_name
16793,NG-PL,2010,2,Plateau state,9.56796,8.68476,13.0,adm1_name
16781,NG-PL,2010,2,Plateau state,9.683333,8.733333,0.0,adm1_name
16729,NG-PL,2010,2,Plateau state,9.665247,8.949358,1.0,adm1_name
16373,NG-KD,2010,2,Kaduna state,10.575977,8.14782,6.0,adm1_name
16778,NG-PL,2010,2,Plateau state,9.637344,8.760619,5.0,adm1_name
16792,NG-PL,2010,2,Plateau state,9.56796,8.68476,7.0,adm1_name
16725,NG-PL,2010,2,Plateau state,9.54969,8.9344,3.0,adm1_name
16748,NG-PL,2010,2,Plateau state,9.916667,8.9,0.0,adm1_name
16374,NG-KD,2010,2,Kaduna state,9.716667,8.583333,0.0,adm1_name
16786,NG-PL,2010,2,Plateau state,9.56796,8.68476,1.0,adm1_name
15767,NG-BA,2010,2,Bauchi state,10.116572,9.252069,0.0,adm1_name
16732,NG-PL,2010,2,Plateau state,9.71667,8.98333,1.0,adm1_name
42158,NG-PL,2011,2,Plateau state,9.619901,8.808338,15.0,adm1_name
42160,NG-PL,2011,2,Plateau state,9.53333,8.9,0.0,adm1_name
42159,NG-PL,2011,2,Plateau state,9.53333,8.9,12.0,adm1_name
42163,NG-PL,2011,2,Plateau state,9.73276,8.79701,3.0,adm1_name
42161,NG-PL,2011,2,Plateau state,9.567314,9.049964,17.0,adm1_name
42141,NG-PL,2011,2,Plateau state,9.44945,8.733086,5.0,adm1_name
42164,NG-PL,2011,2,Plateau state,9.54969,8.9344,1.0,adm1_name
42165,NG-PL,2011,2,Plateau state,9.7,8.95,3.0,adm1_name
42170,NG-PL,2011,2,Plateau state,9.73276,8.79701,2.0,adm1_name
42172,NG-PL,2011,2,Plateau state,9.664135,8.96095,6.0,adm1_name
193453,NG-PL,2011,2,Plateau state,9.54969,8.9344,6.0,adm1_name
42171,NG-PL,2011,2,Plateau state,9.73276,8.79701,14.0,adm1_name
42174,NG-PL,2011,2,Plateau state,9.54969,8.9344,25.0,adm1_name
42169,NG-PL,2011,2,Plateau state,9.166667,9.75,3.0,adm1_name
41370,NG-PL,2012,2,Plateau state,9.56796,8.68476,2.0,adm1_name
41371,NG-PL,2012,2,Plateau state,9.56796,8.68476,2.0,adm1_name
41303,NG-PL,2012,2,Plateau state,9.166667,9.75,1.0,adm1_name
41291,NG-PL,2012,2,Plateau state,9.54969,8.9344,1.0,adm1_name
41269,NG-PL,2012,2,Plateau state,9.51667,8.7,1.0,adm1_name
41264,NG-PL,2012,2,Plateau state,9.93936,8.90222,1.0,adm1_name
41412,NG-PL,2012,2,Plateau state,9.56796,8.68476,1.0,adm1_name
41699,NG-PL,2012,2,Plateau state,9.52344,8.83614,1.0,adm1_name
41702,NG-PL,2012,2,Plateau state,9.637344,8.760619,5.0,adm1_name
41704,NG-PL,2012,2,Plateau state,9.549489,8.749844,10.0,adm1_name
62288,NG-PL,2012,2,Plateau state,9.56796,8.68476,10.0,adm1_name
62289,NG-PL,2012,2,Plateau state,9.53333,8.7,3.0,adm1_name
41705,NG-PL,2012,2,Plateau state,9.56796,8.68476,3.0,adm1_name
41706,NG-PL,2012,2,Plateau state,9.56796,8.68476,4.0,adm1_name
41334,NG-PL,2012,2,Plateau state,9.549489,8.749844,2.0,adm1_name
41811,NG-PL,2012,2,Plateau state,9.549489,8.749844,3.0,adm1_name
41810,NG-PL,2012,2,Plateau state,9.549489,8.749844,3.0,adm1_name
41812,NG-PL,2012,2,Plateau state,9.52344,8.83614,2.0,adm1_name
41713,NG-PL,2012,2,Plateau state,9.41667,8.85,1.0,adm1_name
41716,NG-PL,2012,2,Plateau state,9.54111,8.887027,2.0,adm1_name
41717,NG-PL,2012,2,Plateau state,9.54111,8.887027,1.0,adm1_name
41718,NG-PL,2012,2,Plateau state,9.56796,8.68476,1.0,adm1_name
41708,NG-PL,2012,2,Plateau state,9.56796,8.68476,1.0,adm1_name
41719,NG-PL,2012,2,Plateau state,9.56796,8.68476,8.0,adm1_name
41720,NG-PL,2012,2,Plateau state,9.56796,8.68476,4.0,adm1_name
41721,NG-PL,2012,2,Plateau state,9.55,8.8,2.0,adm1_name
41820,NG-PL,2012,2,Plateau state,9.56796,8.68476,4.0,adm1_name
41821,NG-PL,2012,2,Plateau state,9.56796,8.68476,2.0,adm1_name
41722,NG-PL,2012,2,Plateau state,9.54111,8.887027,1.0,adm1_name
41723,NG-PL,2012,2,Plateau state,9.54969,8.9344,1.0,adm1_name
41332,NG-PL,2012,2,Plateau state,9.44945,8.733086,2.0,adm1_name
41324,NG-PL,2012,2,Plateau state,9.56796,8.68476,2.0,adm1_name
45955,NG-PL,2013,2,Plateau state,9.727682,8.758259,10.0,adm1_name
64835,NG-PL,2013,2,Plateau state,9.275917,8.715473,4.0,adm1_name
64837,NG-PL,2013,2,Plateau state,9.275917,8.715473,2.0,adm1_name
65464,NG-PL,2013,2,Plateau state,9.66667,9.06667,2.0,adm1_name
62421,NG-PL,2013,2,Plateau state,9.54969,8.9344,3.0,adm1_name
62247,NG-PL,2013,2,Plateau state,9.54969,8.9344,13.0,adm1_name
62248,NG-PL,2013,2,Plateau state,9.54969,8.9344,8.0,adm1_name
62249,NG-PL,2013,2,Plateau state,9.54969,8.9344,9.0,adm1_name
62250,NG-PL,2013,2,Plateau state,9.53198,9.031519,7.0,adm1_name
128827,NG-PL,2014,2,Plateau state,9.51667,8.7,0.0,adm1_name
128825,NG-PL,2014,2,Plateau state,9.56796,8.68476,34.0,adm1_name
128929,NG-PL,2014,2,Plateau state,9.54969,8.9344,0.0,adm1_name
162544,NG-PL,2014,2,Plateau state,9.408242,8.946735,0.0,adm1_name
129116,NG-PL,2014,2,Plateau state,9.56796,8.68476,0.0,adm1_name
193468,NG-PL,2014,2,Plateau state,9.579771,8.75456,0.0,adm1_name
193469,NG-PL,2014,2,Plateau state,9.56796,8.68476,0.0,adm1_name
155180,NG-PL,2014,2,Plateau state,9.466366,8.705568,0.0,adm1_name
155564,NG-PL,2014,2,Plateau state,9.549489,8.749844,0.0,adm1_name
155565,NG-PL,2014,2,Plateau state,9.56796,8.68476,0.0,adm1_name
155566,NG-PL,2014,2,Plateau state,9.56796,8.68476,0.0,adm1_name
193446,NG-PL,2015,2,Plateau state,9.53333,8.9,9.0,adm1_name
193623,NG-PL,2015,2,Plateau state,9.54969,8.9344,9.0,adm1_name
194744,NG-PL,2015,2,Plateau state,9.668433,9.002233,17.0,adm1_name
194751,NG-PL,2015,2,Plateau state,9.670184,9.00465,13.0,adm1_name
194754,NG-PL,2015,2,Plateau state,9.664135,8.96095,2.0,adm1_name
195138,NG-PL,2015,2,Plateau state,9.50158,8.92788,20.0,adm1_name
195140,NG-PL,2015,2,Plateau state,9.54969,8.9344,7.0,adm1_name
195657,NG-PL,2015,2,Plateau state,9.54111,8.887027,4.0,adm1_name
216233,NG-PL,2015,2,Plateau state,9.7,8.95,4.0,adm1_name
197952,NG-PL,2015,2,Plateau state,9.623304,8.893227,0.0,adm1_name
197957,NG-PL,2015,2,Plateau state,9.58851,8.89688,0.0,adm1_name
216653,NG-PL,2015,2,Plateau state,9.71667,8.91667,10.0,adm1_name
198282,NG-PL,2015,2,Plateau state,9.58851,8.89688,2.0,adm1_name
205501,NG-PL,2015,2,Plateau state,9.670184,9.00465,20.0,adm1_name
247303,NG-PL,2017,2,Plateau state,9.5161,8.97149,0.0,adm1_name
247305,NG-PL,2017,2,Plateau state,9.56796,8.68476,1.0,adm1_name
244715,NG-PL,2017,2,Plateau state,9.56796,8.68476,1.0,adm1_name
244713,NG-PL,2017,2,Plateau state,9.55,8.8,2.0,adm1_name
247323,NG-PL,2017,2,Plateau state,9.549489,8.749844,0.0,adm1_name
247378,NG-PL,2017,2,Plateau state,9.619901,8.808338,0.0,adm1_name
255411,NG-PL,2018,2,Plateau state,9.58021,8.94046,7.0,adm1_name
256700,NG-PL,2018,2,Plateau state,9.45205,8.7716,2.0,adm1_name
267509,NG-PL,2018,2,Plateau state,9.50158,8.92788,1.0,adm1_name
258782,NG-PL,2018,2,Plateau state,9.44945,8.733086,4.0,adm1_name
258553,NG-PL,2018,2,Plateau state,9.64543,8.89212,0.0,adm1_name
258525,NG-PL,2018,2,Plateau state,9.54969,8.9344,35.0,adm1_name
279167,NG-PL,2018,2,Plateau state,9.56796,8.68476,34.0,adm1_name
279168,NG-PL,2018,2,Plateau state,9.39052,9.17968,34.0,adm1_name
279152,NG-PL,2018,2,Plateau state,9.54969,8.9344,1.0,adm1_name
258517,NG-PL,2018,2,Plateau state,9.521941,9.097433,1.0,adm1_name
258513,NG-PL,2018,2,Plateau state,9.50158,8.92788,18.0,adm1_name
279163,NG-PL,2018,2,Plateau state,9.54969,8.9344,17.0,adm1_name
279164,NG-PL,2018,2,Plateau state,9.40066,8.74224,17.0,adm1_name
279165,NG-PL,2018,2,Plateau state,9.41667,8.85,17.0,adm1_name
279166,NG-PL,2018,2,Plateau state,9.50158,8.92788,17.0,adm1_name
258514,NG-PL,2018,2,Plateau state,9.626886,8.744073,6.0,adm1_name
258559,NG-PL,2018,2,Plateau state,9.61116,8.854091,1.0,adm1_name
258572,NG-PL,2018,2,Plateau state,9.8,8.95,0.0,adm1_name
258617,NG-PL,2018,2,Plateau state,9.54969,8.9344,0.0,adm1_name
262486,NG-PL,2018,2,Plateau state,9.665247,8.949358,2.0,adm1_name
262552,NG-PL,2018,2,Plateau state,9.61116,8.854091,1.0,adm1_name
279002,NG-PL,2018,2,Plateau state,9.56796,8.68476,1.0,adm1_name
279003,NG-PL,2018,2,Plateau state,9.58021,8.94046,1.0,adm1_name
262547,NG-PL,2018,2,Plateau state,9.64543,8.89212,2.0,adm1_name
262557,NG-PL,2018,2,Plateau state,9.7,8.95,3.0,adm1_name
262571,NG-PL,2018,2,Plateau state,9.54969,8.9344,0.0,adm1_name
262395,NG-PL,2018,2,Plateau state,9.5161,8.97149,1.0,adm1_name
262392,NG-PL,2018,2,Plateau state,9.54969,8.9344,12.0,adm1_name
262420,NG-PL,2018,2,Plateau state,9.75,8.88333,11.0,adm1_name
265645,NG-PL,2018,2,Plateau state,9.54969,8.9344,5.0,adm1_name
265564,NG-PL,2018,2,Plateau state,9.584307,8.942079,0.0,adm1_name
265791,NG-PL,2018,2,Plateau state,9.67913,8.76126,2.0,adm1_name
265790,NG-PL,2018,2,Plateau state,9.75,8.88333,3.0,adm1_name
268619,NG-PL,2018,2,Plateau state,9.56796,8.68476,1.0,adm1_name
265811,NG-PL,2018,2,Plateau state,9.55,8.8,13.0,adm1_name
274683,NG-PL,2018,2,Plateau state,9.58021,8.94046,4.0,adm1_name
274684,NG-PL,2018,2,Plateau state,9.660349,8.985194,2.0,adm1_name
277110,NG-PL,2018,2,Plateau state,9.584307,8.942079,7.0,adm1_name
287554,NG-PL,2019,2,Plateau state,9.56796,8.68476,6.0,adm1_name
305427,NG-PL,2019,2,Plateau state,9.54969,8.9344,0.0,adm1_name
305426,NG-PL,2019,2,Plateau state,9.668433,9.002233,2.0,adm1_name
312873,NG-PL,2019,2,Plateau state,9.668433,9.002233,3.0,adm1_name
346932,NG-PL,2020,2,Plateau state,9.668433,9.002233,2.0,adm1_name
358528,NG-PL,2020,2,Plateau state,9.54969,8.9344,0.0,adm1_name
364568,NG-PL,2020,2,Plateau state,9.619901,8.808338,0.0,adm1_name
449701,NG-PL,2022,2,Plateau state,9.56796,8.68476,1.0,adm1_name
449695,NG-PL,2022,2,Plateau state,9.53333,8.7,1.0,adm1_name
453275,NG-PL,2022,2,Plateau state,9.55,8.8,1.0,adm1_name
469991,NG-PL,2023,2,Plateau state,9.680926,8.635579,3.0,adm1_name
474989,NG-PL,2023,2,Plateau state,9.61116,8.854091,1.0,adm1_name
474625,NG-PL,2023,2,Plateau state,9.64543,8.89212,4.0,adm1_name
512196,NG-PL,2023,2,Plateau state,9.7,8.95,2.0,adm1_name
512197,NG-PL,2023,2,Plateau state,9.556909,8.74244,3.0,adm1_name
512198,NG-PL,2023,2,Plateau state,9.51667,8.7,2.0,adm1_name
473999,NG-PL,2023,2,Plateau state,9.67913,8.76126,6.0,adm1_name
512710,NG-PL,2023,2,Plateau state,9.549489,8.749844,2.0,adm1_name
512711,NG-PL,2023,2,Plateau state,9.55,8.8,7.0,adm1_name
512712,NG-PL,2023,2,Plateau state,9.61116,8.854091,11.0,adm1_name
512713,NG-PL,2023,2,Plateau state,9.50158,8.92788,1.0,adm1_name
478643,NG-PL,2023,2,Plateau state,9.549489,8.749844,2.0,adm1_name
481170,NG-PL,2023,2,Plateau state,9.584307,8.942079,3.0,adm1_name
512191,NG-PL,2023,2,Plateau state,9.54969,8.9344,3.0,adm1_name
480956,NG-PL,2023,2,Plateau state,9.550376,8.787025,3.0,adm1_name
482711,NG-PL,2023,2,Plateau state,9.673128,8.783516,8.0,adm1_name
483319,NG-PL,2023,2,Plateau state,9.556909,8.74244,2.0,adm1_name
489652,NG-PL,2023,2,Plateau state,9.64543,8.89212,21.0,adm1_name
489989,NG-PL,2023,2,Plateau state,9.61116,8.854091,2.0,adm1_name
515140,NG-PL,2024,2,Plateau state,9.53198,9.031519,2.0,adm1_name
526087,NG-PL,2024,2,Plateau state,9.7,8.95,1.0,adm1_name
549213,NG-PL,2024,2,Plateau state,9.55,8.8,1.0,adm1_name
556479,NG-PL,2024,2,Plateau state,9.54969,8.9344,3.0,adm1_name
16048,NG-DE,1999,2,Delta state,5.412096,6.139415,47.0,adm1_name
42130,NG-BA,2011,2,Bauchi state,9.76017,9.55172,35.0,adm1_name
42131,NG-BA,2011,2,Bauchi state,9.76017,9.55172,5.0,adm1_name
42134,NG-BA,2011,2,Bauchi state,9.632323,9.615457,0.0,adm1_name
42135,NG-BA,2011,2,Bauchi state,9.632323,9.615457,0.0,adm1_name
41725,NG-BA,2012,2,Bauchi state,9.82542,9.5824,3.0,adm1_name
41298,NG-BA,2012,2,Bauchi state,9.632323,9.615457,3.0,adm1_name
286793,NG-BA,2019,2,Bauchi state,10.313441,9.843273,3.0,adm1_name
16206,NG-EB,2008,2,Ebonyi state,6.4277,7.7926,6.0,adm1_name
16214,NG-EB,2008,2,Ebonyi state,6.42714,7.83583,14.0,adm1_name
16210,NG-EB,2009,2,Ebonyi state,6.4277,7.7926,2.0,adm1_name
16208,NG-EB,2009,2,Ebonyi state,6.42714,7.83583,12.0,adm1_name
16212,NG-EB,2010,2,Ebonyi state,6.42714,7.83583,10.0,adm1_name
16215,NG-EB,2010,2,Ebonyi state,6.452449,7.799797,0.0,adm1_name
16211,NG-EB,2010,2,Ebonyi state,6.42714,7.83583,10.0,adm1_name
16207,NG-EB,2010,2,Ebonyi state,6.42714,7.83583,2.0,adm1_name
42175,NG-EB,2011,2,Ebonyi state,6.42714,7.83583,50.0,adm1_name
15875,NG-BE,2005,2,Benue state,7.2896,9.5533,14.0,adm1_name
15920,NG-BE,2008,2,Benue state,7.7411,8.5121,1.0,adm1_name
15872,NG-BE,2010,2,Benue state,7.582597,8.528943,4.0,adm1_name
42176,NG-BE,2011,2,Benue state,7.5834,8.2055,27.0,adm1_name
42177,NG-BE,2011,2,Benue state,7.7042,8.53588,2.0,adm1_name
42178,NG-BE,2011,2,Benue state,7.96667,8.76667,26.0,adm1_name
42179,NG-BE,2011,2,Benue state,8.06667,8.51667,15.0,adm1_name
100717,NG-BE,2011,2,Benue state,7.96667,8.76667,15.0,adm1_name
42180,NG-BE,2011,2,Benue state,7.96667,8.76667,25.0,adm1_name
42181,NG-BE,2011,2,Benue state,8.06667,8.51667,10.0,adm1_name
42183,NG-NA,2011,2,Nasarawa state,8.20323,8.30466,0.0,adm1_name
42184,NG-NA,2011,2,Nasarawa state,8.23333,8.56667,2.0,adm1_name
42185,NG-NA,2011,2,Nasarawa state,8.28333,8.48333,2.0,adm1_name
176288,NG-NA,2011,2,Nasarawa state,8.20323,8.30466,1.0,adm1_name
42182,NG-BE,2011,2,Benue state,7.9974,8.4467,7.0,adm1_name
100720,NG-BE,2011,2,Benue state,7.96667,8.76667,43.0,adm1_name
42186,NG-NA,2011,2,Nasarawa state,8.2,8.63333,2.0,adm1_name
42187,NG-TA,2011,2,Taraba state,7.41158,10.04478,4.0,adm1_name
41739,NG-NA,2012,2,Nasarawa state,8.23333,8.56667,4.0,adm1_name
41351,NG-TA,2012,2,Taraba state,7.51344,9.92906,2.0,adm1_name
41363,NG-TA,2012,2,Taraba state,7.41158,10.04478,1.0,adm1_name
41742,NG-BE,2012,2,Benue state,7.63211,8.21656,6.0,adm1_name
41743,NG-BE,2012,2,Benue state,7.63211,8.21656,6.0,adm1_name
41744,NG-BE,2012,2,Benue state,7.645407,8.084792,6.0,adm1_name
41745,NG-BE,2012,2,Benue state,7.63211,8.21656,6.0,adm1_name
41746,NG-BE,2012,2,Benue state,7.63211,8.21656,6.0,adm1_name
41740,NG-NA,2012,2,Nasarawa state,8.23333,8.56667,11.0,adm1_name
41747,NG-TA,2012,2,Taraba state,7.41158,10.04478,2.0,adm1_name
41748,NG-TA,2012,2,Taraba state,7.41158,10.04478,3.0,adm1_name
41749,NG-TA,2012,2,Taraba state,7.41158,10.04478,3.0,adm1_name
41750,NG-TA,2012,2,Taraba state,7.41158,10.04478,3.0,adm1_name
41751,NG-TA,2012,2,Taraba state,7.41158,10.04478,3.0,adm1_name
41752,NG-BE,2012,2,Benue state,7.63211,8.21656,3.0,adm1_name
41753,NG-BE,2012,2,Benue state,7.63211,8.21656,3.0,adm1_name
41754,NG-BE,2012,2,Benue state,7.63211,8.21656,4.0,adm1_name
41338,NG-BE,2012,2,Benue state,7.63211,8.21656,10.0,adm1_name
41755,NG-BE,2012,2,Benue state,7.7411,8.5121,30.0,adm1_name
65197,NG-BE,2013,2,Benue state,7.96667,8.76667,2.0,adm1_name
65232,NG-BE,2013,2,Benue state,7.842145,8.861159,2.0,adm1_name
65325,NG-BE,2013,2,Benue state,7.9974,8.4467,3.0,adm1_name
65333,NG-BE,2013,2,Benue state,7.7042,8.53588,27.0,adm1_name
65365,NG-BE,2013,2,Benue state,7.8155,8.8604,4.0,adm1_name
65373,NG-BE,2013,2,Benue state,7.96667,8.76667,10.0,adm1_name
65379,NG-BE,2013,2,Benue state,7.7042,8.53588,6.0,adm1_name
65406,NG-BE,2013,2,Benue state,7.96667,8.76667,7.0,adm1_name
65414,NG-NA,2013,2,Nasarawa state,8.23333,8.56667,1.0,adm1_name
65415,NG-NA,2013,2,Nasarawa state,8.23333,8.56667,1.0,adm1_name
51430,NG-BE,2013,2,Benue state,7.96667,8.76667,17.0,adm1_name
65427,NG-BE,2013,2,Benue state,7.96667,8.76667,8.0,adm1_name
65935,NG-NA,2013,2,Nasarawa state,8.27456,9.1849,2.0,adm1_name
51469,NG-BE,2013,2,Benue state,8.00143,9.04323,20.0,adm1_name
65468,NG-BE,2013,2,Benue state,7.96667,8.76667,34.0,adm1_name
51481,NG-NA,2013,2,Nasarawa state,8.1,9.13333,9.0,adm1_name
65470,NG-NA,2013,2,Nasarawa state,8.18333,9.05,3.0,adm1_name
60701,NG-NA,2013,2,Nasarawa state,8.16746,8.76829,6.0,adm1_name
65482,NG-NA,2013,2,Nasarawa state,8.16746,8.76829,16.0,adm1_name
65532,NG-NA,2013,2,Nasarawa state,8.1,9.13333,20.0,adm1_name
64377,NG-BE,2013,2,Benue state,7.7166,8.899,7.0,adm1_name
128871,NG-BE,2014,2,Benue state,7.672047,8.519238,3.0,adm1_name
129117,NG-BE,2014,2,Benue state,6.80099,9.47021,0.0,adm1_name
129119,NG-BE,2014,2,Benue state,7.561399,9.206222,0.0,adm1_name
192530,NG-BE,2014,2,Benue state,7.68922,9.25049,0.0,adm1_name
163184,NG-BE,2014,2,Benue state,7.48185,9.2948,0.0,adm1_name
163167,NG-BE,2014,2,Benue state,7.96903,8.6355,0.0,adm1_name
163173,NG-BE,2014,2,Benue state,7.91846,8.59469,0.0,adm1_name
163174,NG-BE,2014,2,Benue state,7.981381,8.762348,0.0,adm1_name
129130,NG-BE,2014,2,Benue state,7.96667,8.76667,0.0,adm1_name
129179,NG-BE,2014,2,Benue state,7.68922,9.25049,8.0,adm1_name
129180,NG-BE,2014,2,Benue state,7.772936,9.130232,7.0,adm1_name
129181,NG-BE,2014,2,Benue state,7.68922,9.25049,7.0,adm1_name
129196,NG-BE,2014,2,Benue state,7.8155,8.8604,13.0,adm1_name
129207,NG-BE,2014,2,Benue state,7.3,8.48333,7.0,adm1_name
140608,NG-BE,2014,2,Benue state,7.653429,8.381733,2.0,adm1_name
140734,NG-TA,2014,2,Taraba state,8.47269,10.5442,0.0,adm1_name
216287,NG-TA,2014,2,Taraba state,7.64205,10.21043,7.0,adm1_name
143690,NG-TA,2014,2,Taraba state,8.15541,10.96853,10.0,adm1_name
143687,NG-TA,2014,2,Taraba state,8.15541,10.96853,3.0,adm1_name
143688,NG-TA,2014,2,Taraba state,8.15541,10.96853,2.0,adm1_name
143693,NG-TA,2014,2,Taraba state,8.15541,10.96853,10.0,adm1_name
143694,NG-TA,2014,2,Taraba state,8.15541,10.96853,10.0,adm1_name
143695,NG-TA,2014,2,Taraba state,8.15541,10.96853,10.0,adm1_name
155570,NG-BE,2014,2,Benue state,7.787948,8.518014,2.0,adm1_name
193291,NG-BE,2015,2,Benue state,7.629936,9.645133,0.0,adm1_name
216264,NG-BE,2015,2,Benue state,7.68922,9.25049,5.0,adm1_name
216288,NG-TA,2015,2,Taraba state,7.64205,10.21043,5.0,adm1_name
216289,NG-BE,2015,2,Benue state,7.68922,9.25049,12.0,adm1_name
216388,NG-BE,2015,2,Benue state,7.96667,8.76667,2.0,adm1_name
194236,NG-BE,2015,2,Benue state,7.68922,9.25049,0.0,adm1_name
194346,NG-BE,2015,2,Benue state,7.96667,8.76667,10.0,adm1_name
195169,NG-BE,2015,2,Benue state,7.68922,9.25049,23.0,adm1_name
216655,NG-TA,2015,2,Taraba state,8.238208,9.696992,5.0,adm1_name
216659,NG-TA,2015,2,Taraba state,8.35088,9.88731,5.0,adm1_name
206501,NG-TA,2015,2,Taraba state,7.96327,9.84767,0.0,adm1_name
235921,NG-BE,2016,2,Benue state,7.47121,9.19473,12.0,adm1_name
235972,NG-BE,2016,2,Benue state,7.36534,9.26074,6.0,adm1_name
218966,NG-BE,2016,2,Benue state,7.68922,9.25049,8.0,adm1_name
235976,NG-BE,2016,2,Benue state,7.68922,9.25049,3.0,adm1_name
226172,NG-BE,2016,2,Benue state,7.47121,9.19473,7.0,adm1_name
235998,NG-TA,2016,2,Taraba state,8.47269,10.5442,12.0,adm1_name
226506,NG-BE,2016,2,Benue state,7.48724,9.23692,5.0,adm1_name
235927,NG-BE,2016,2,Benue state,7.72399,9.59998,5.0,adm1_name
235924,NG-BE,2016,2,Benue state,7.59649,9.70555,5.0,adm1_name
235926,NG-BE,2016,2,Benue state,7.629936,9.645133,15.0,adm1_name
226737,NG-BE,2016,2,Benue state,7.68922,9.25049,6.0,adm1_name
226728,NG-BE,2016,2,Benue state,7.81875,9.24534,3.0,adm1_name
226729,NG-BE,2016,2,Benue state,7.76143,9.08752,1.0,adm1_name
226730,NG-TA,2016,2,Taraba state,7.8878,9.55641,4.0,adm1_name
226734,NG-TA,2016,2,Taraba state,7.84479,9.20169,5.0,adm1_name
226870,NG-BE,2016,2,Benue state,7.629936,9.645133,41.0,adm1_name
236103,NG-BE,2016,2,Benue state,7.68922,9.25049,40.0,adm1_name
226873,NG-BE,2016,2,Benue state,7.68922,9.25049,2.0,adm1_name
226874,NG-BE,2016,2,Benue state,7.68922,9.25049,1.0,adm1_name
226875,NG-BE,2016,2,Benue state,7.68922,9.25049,2.0,adm1_name
226951,NG-BE,2016,2,Benue state,7.68922,9.25049,10.0,adm1_name
234864,NG-TA,2016,2,Taraba state,8.47269,10.5442,2.0,adm1_name
234865,NG-TA,2016,2,Taraba state,8.23331,10.39236,12.0,adm1_name
234866,NG-TA,2016,2,Taraba state,8.23331,10.39236,4.0,adm1_name
234867,NG-TA,2016,2,Taraba state,8.47269,10.5442,2.0,adm1_name
234868,NG-TA,2016,2,Taraba state,8.47269,10.5442,11.0,adm1_name
240921,NG-BE,2017,2,Benue state,7.3,8.48333,5.0,adm1_name
237398,NG-BE,2017,2,Benue state,7.36534,9.26074,6.0,adm1_name
237689,NG-BE,2017,2,Benue state,6.80099,9.47021,4.0,adm1_name
237690,NG-BE,2017,2,Benue state,6.80099,9.47021,11.0,adm1_name
237695,NG-BE,2017,2,Benue state,6.89857,9.49676,2.0,adm1_name
240925,NG-BE,2017,2,Benue state,6.80099,9.47021,5.0,adm1_name
240927,NG-BE,2017,2,Benue state,6.80099,9.47021,2.0,adm1_name
240929,NG-BE,2017,2,Benue state,7.572469,8.596875,3.0,adm1_name
240930,NG-BE,2017,2,Benue state,7.96667,8.76667,4.0,adm1_name
238141,NG-BE,2017,2,Benue state,7.68922,9.25049,15.0,adm1_name
240493,NG-BE,2017,2,Benue state,7.752484,9.404171,2.0,adm1_name
240497,NG-BE,2017,2,Benue state,7.36534,9.26074,2.0,adm1_name
238193,NG-TA,2017,2,Taraba state,7.96457,10.872,4.0,adm1_name
239848,NG-TA,2017,2,Taraba state,7.8116,10.58387,4.0,adm1_name
239849,NG-TA,2017,2,Taraba state,8.15541,10.96853,3.0,adm1_name
244767,NG-BE,2017,2,Benue state,7.80004,9.02429,1.0,adm1_name
254294,NG-BE,2018,2,Benue state,7.96667,8.76667,16.0,adm1_name
249699,NG-BE,2018,2,Benue state,7.716274,8.882735,4.0,adm1_name
249700,NG-BE,2018,2,Benue state,7.772936,9.130232,3.0,adm1_name
249701,NG-BE,2018,2,Benue state,7.68922,9.25049,3.0,adm1_name
249686,NG-BE,2018,2,Benue state,7.981381,8.762348,4.0,adm1_name
278822,NG-NA,2018,2,Nasarawa state,8.27456,9.1849,1.0,adm1_name
253790,NG-BE,2018,2,Benue state,7.68922,9.25049,16.0,adm1_name
253692,NG-NA,2018,2,Nasarawa state,8.16746,8.76829,2.0,adm1_name
253687,NG-BE,2018,2,Benue state,7.96667,8.76667,1.0,adm1_name
253689,NG-NA,2018,2,Nasarawa state,8.27456,9.1849,2.0,adm1_name
254299,NG-TA,2018,2,Taraba state,7.96327,9.84767,5.0,adm1_name
253698,NG-BE,2018,2,Benue state,7.77177,9.24385,6.0,adm1_name
253703,NG-BE,2018,2,Benue state,7.68922,9.25049,10.0,adm1_name
253760,NG-BE,2018,2,Benue state,7.68922,9.25049,4.0,adm1_name
253761,NG-BE,2018,2,Benue state,7.68922,9.25049,6.0,adm1_name
254314,NG-TA,2018,2,Taraba state,8.128486,9.543621,4.0,adm1_name
253898,NG-EK,2018,2,Ekiti state,7.893474,5.511104,1.0,adm1_name
254315,NG-TA,2018,2,Taraba state,8.35088,9.88731,1.0,adm1_name
254316,NG-TA,2018,2,Taraba state,8.238208,9.696992,4.0,adm1_name
253900,NG-BE,2018,2,Benue state,7.96667,8.76667,2.0,adm1_name
253901,NG-BE,2018,2,Benue state,7.68922,9.25049,2.0,adm1_name
253904,NG-EK,2018,2,Ekiti state,7.83229,5.23819,1.0,adm1_name
254324,NG-BE,2018,2,Benue state,7.96667,8.76667,4.0,adm1_name
254326,NG-BE,2018,2,Benue state,7.96667,8.76667,1.0,adm1_name
253937,NG-TA,2018,2,Taraba state,7.96327,9.84767,2.0,adm1_name
278889,NG-TA,2018,2,Taraba state,8.109785,9.775277,1.0,adm1_name
253932,NG-NA,2018,2,Nasarawa state,8.23333,8.56667,2.0,adm1_name
254340,NG-NA,2018,2,Nasarawa state,8.23333,8.56667,7.0,adm1_name
253960,NG-BE,2018,2,Benue state,7.32275,9.00108,7.0,adm1_name
278887,NG-TA,2018,2,Taraba state,8.47269,10.5442,6.0,adm1_name
278878,NG-TA,2018,2,Taraba state,7.96327,9.84767,5.0,adm1_name
254372,NG-TA,2018,2,Taraba state,8.47269,10.5442,4.0,adm1_name
254037,NG-NA,2018,2,Nasarawa state,8.36667,8.76667,5.0,adm1_name
254038,NG-NA,2018,2,Nasarawa state,8.4,8.55,5.0,adm1_name
254039,NG-NA,2018,2,Nasarawa state,8.39307,8.35544,5.0,adm1_name
254034,NG-NA,2018,2,Nasarawa state,8.31667,8.85,5.0,adm1_name
254374,NG-NA,2018,2,Nasarawa state,8.23333,8.56667,2.0,adm1_name
254375,NG-NA,2018,2,Nasarawa state,8.284135,8.990488,2.0,adm1_name
254376,NG-NA,2018,2,Nasarawa state,8.385338,8.763083,2.0,adm1_name
254377,NG-NA,2018,2,Nasarawa state,8.34738,8.72769,2.0,adm1_name
254019,NG-BE,2018,2,Benue state,7.81875,9.24534,3.0,adm1_name
254266,NG-BE,2018,2,Benue state,7.96667,8.76667,0.0,adm1_name
254970,NG-BE,2018,2,Benue state,7.981381,8.762348,2.0,adm1_name
254972,NG-BE,2018,2,Benue state,6.97437,7.977584,30.0,adm1_name
255944,NG-TA,2018,2,Taraba state,7.59094,10.2133,1.0,adm1_name
255389,NG-BE,2018,2,Benue state,7.63211,8.21656,0.0,adm1_name
255407,NG-BE,2018,2,Benue state,8.160068,8.591141,0.0,adm1_name
255423,NG-NA,2018,2,Nasarawa state,8.23333,8.8,2.0,adm1_name
255940,NG-TA,2018,2,Taraba state,8.15541,10.96853,4.0,adm1_name
255424,NG-NA,2018,2,Nasarawa state,8.23333,8.56667,3.0,adm1_name
255961,NG-BE,2018,2,Benue state,7.81875,9.24534,1.0,adm1_name
255962,NG-NA,2018,2,Nasarawa state,8.27456,9.1849,1.0,adm1_name
255963,NG-NA,2018,2,Nasarawa state,8.23333,8.56667,5.0,adm1_name
255427,NG-BE,2018,2,Benue state,7.807136,9.476681,3.0,adm1_name
255429,NG-BE,2018,2,Benue state,7.807136,9.476681,7.0,adm1_name
255431,NG-NA,2018,2,Nasarawa state,8.23333,8.56667,1.0,adm1_name
255433,NG-TA,2018,2,Taraba state,7.96327,9.84767,25.0,adm1_name
255434,NG-BE,2018,2,Benue state,7.812061,9.379453,3.0,adm1_name
267884,NG-BE,2018,2,Benue state,7.629936,9.645133,26.0,adm1_name
267871,NG-BE,2018,2,Benue state,7.752484,9.404171,2.0,adm1_name
267865,NG-BE,2018,2,Benue state,7.68922,9.25049,3.0,adm1_name
255432,NG-BE,2018,2,Benue state,7.7411,8.5121,2.0,adm1_name
255798,NG-NA,2018,2,Nasarawa state,8.34738,8.72769,15.0,adm1_name
255799,NG-NA,2018,2,Nasarawa state,8.27456,9.1849,15.0,adm1_name
255800,NG-NA,2018,2,Nasarawa state,8.20323,8.30466,15.0,adm1_name
255801,NG-NA,2018,2,Nasarawa state,8.64007,8.69959,15.0,adm1_name
255502,NG-NA,2018,2,Nasarawa state,8.16746,8.76829,15.0,adm1_name
255522,NG-BE,2018,2,Benue state,7.7166,8.899,6.0,adm1_name
255967,NG-BE,2018,2,Benue state,7.81875,9.24534,3.0,adm1_name
271406,NG-BE,2018,2,Benue state,7.680516,9.132059,4.0,adm1_name
271407,NG-BE,2018,2,Benue state,7.583686,9.179771,4.0,adm1_name
271408,NG-BE,2018,2,Benue state,7.731484,8.977781,3.0,adm1_name
271409,NG-BE,2018,2,Benue state,7.660732,9.153375,3.0,adm1_name
255783,NG-BE,2018,2,Benue state,7.96667,8.76667,11.0,adm1_name
255796,NG-BE,2018,2,Benue state,7.807136,9.476681,1.0,adm1_name
255816,NG-BE,2018,2,Benue state,7.507617,8.443174,16.0,adm1_name
255823,NG-BE,2018,2,Benue state,7.981381,8.762348,15.0,adm1_name
255843,NG-NA,2018,2,Nasarawa state,8.27456,9.1849,7.0,adm1_name
279882,NG-BE,2018,2,Benue state,7.96667,8.76667,24.0,adm1_name
255977,NG-BE,2018,2,Benue state,7.68922,9.25049,7.0,adm1_name
256416,NG-BE,2018,2,Benue state,8.160068,8.591141,10.0,adm1_name
256503,NG-KO,2018,2,Kogi state,8.016496,5.833247,5.0,adm1_name
279789,NG-KO,2018,2,Kogi state,7.852032,5.946572,5.0,adm1_name
256665,NG-BE,2018,2,Benue state,7.572469,8.596875,0.0,adm1_name
256657,NG-BE,2018,2,Benue state,7.68922,9.25049,3.0,adm1_name
256658,NG-BE,2018,2,Benue state,7.68922,9.25049,3.0,adm1_name
256860,NG-BE,2018,2,Benue state,7.81875,9.24534,5.0,adm1_name
256862,NG-BE,2018,2,Benue state,7.650111,8.377199,3.0,adm1_name
256864,NG-BE,2018,2,Benue state,7.68922,9.25049,2.0,adm1_name
256865,NG-BE,2018,2,Benue state,7.96667,8.76667,1.0,adm1_name
256850,NG-BE,2018,2,Benue state,7.96667,8.76667,5.0,adm1_name
256867,NG-BE,2018,2,Benue state,7.81875,9.24534,2.0,adm1_name
256749,NG-BE,2018,2,Benue state,6.56975,9.56372,7.0,adm1_name
258346,NG-BE,2018,2,Benue state,8.160068,8.591141,2.0,adm1_name
258338,NG-BE,2018,2,Benue state,7.96667,8.76667,8.0,adm1_name
258353,NG-BE,2018,2,Benue state,7.838852,9.32397,5.0,adm1_name
258373,NG-BE,2018,2,Benue state,7.89098,8.76118,9.0,adm1_name
258422,NG-NA,2018,2,Nasarawa state,8.34738,8.72769,1.0,adm1_name
258769,NG-NA,2018,2,Nasarawa state,8.16746,8.76829,4.0,adm1_name
258800,NG-BE,2018,2,Benue state,7.68922,9.25049,3.0,adm1_name
269193,NG-BE,2018,2,Benue state,7.96667,8.76667,2.0,adm1_name
269189,NG-BE,2018,2,Benue state,7.9974,8.4467,1.0,adm1_name
274656,NG-BE,2018,2,Benue state,7.68922,9.25049,4.0,adm1_name
274544,NG-BE,2018,2,Benue state,7.68922,9.25049,1.0,adm1_name
277264,NG-BE,2019,2,Benue state,7.5987,8.0907,4.0,adm1_name
277267,NG-BE,2019,2,Benue state,7.68922,9.25049,0.0,adm1_name
277262,NG-BE,2019,2,Benue state,7.96667,8.76667,0.0,adm1_name
277335,NG-BE,2019,2,Benue state,7.716274,8.882735,2.0,adm1_name
282417,NG-BE,2019,2,Benue state,7.96667,8.76667,0.0,adm1_name
282585,NG-BE,2019,2,Benue state,7.772936,9.130232,4.0,adm1_name
294277,NG-NA,2019,2,Nasarawa state,8.34738,8.72769,2.0,adm1_name
322915,NG-TA,2019,2,Taraba state,8.47269,10.5442,2.0,adm1_name
328556,NG-BE,2020,2,Benue state,7.68922,9.25049,0.0,adm1_name
327542,NG-NA,2020,2,Nasarawa state,8.16746,8.76829,4.0,adm1_name
328563,NG-TA,2020,2,Taraba state,8.129947,10.984596,3.0,adm1_name
334865,NG-BE,2020,2,Benue state,6.87456,9.60949,9.0,adm1_name
335105,NG-BE,2020,2,Benue state,7.86616,8.66509,4.0,adm1_name
335112,NG-BE,2020,2,Benue state,7.87783,8.65665,2.0,adm1_name
335121,NG-BE,2020,2,Benue state,7.90629,8.674,1.0,adm1_name
336342,NG-BE,2020,2,Benue state,6.80099,9.47021,1.0,adm1_name
338868,NG-BE,2020,2,Benue state,7.96667,8.76667,1.0,adm1_name
339943,NG-BE,2020,2,Benue state,7.86616,8.66509,1.0,adm1_name
339759,NG-BE,2020,2,Benue state,7.63211,8.21656,2.0,adm1_name
343762,NG-BE,2020,2,Benue state,6.80099,9.47021,1.0,adm1_name
343393,NG-BE,2020,2,Benue state,7.63211,8.21656,1.0,adm1_name
343381,NG-BE,2020,2,Benue state,8.160068,8.591141,2.0,adm1_name
343450,NG-BE,2020,2,Benue state,7.7166,8.899,2.0,adm1_name
345982,NG-BE,2020,2,Benue state,7.96667,8.76667,3.0,adm1_name
358383,NG-NA,2020,2,Nasarawa state,8.23333,8.56667,2.0,adm1_name
358512,NG-BE,2020,2,Benue state,7.96667,8.76667,2.0,adm1_name
374413,NG-BE,2020,2,Benue state,7.697829,8.455739,4.0,adm1_name
396795,NG-BE,2021,2,Benue state,7.96667,8.76667,2.0,adm1_name
396798,NG-BE,2021,2,Benue state,7.850271,8.562258,2.0,adm1_name
396799,NG-BE,2021,2,Benue state,7.805479,8.057261,2.0,adm1_name
396854,NG-BE,2021,2,Benue state,7.96667,8.76667,17.0,adm1_name
396838,NG-NA,2021,2,Nasarawa state,8.20323,8.30466,11.0,adm1_name
397295,NG-NA,2021,2,Nasarawa state,8.16746,8.76829,2.0,adm1_name
396950,NG-BE,2021,2,Benue state,7.7411,8.5121,7.0,adm1_name
397065,NG-BE,2021,2,Benue state,7.96667,8.76667,4.0,adm1_name
430240,NG-BE,2021,2,Benue state,7.63211,8.21656,1.0,adm1_name
397204,NG-BE,2021,2,Benue state,7.676118,8.206273,2.0,adm1_name
397205,NG-BE,2021,2,Benue state,7.454937,8.193221,15.0,adm1_name
401773,NG-TA,2021,2,Taraba state,8.15541,10.96853,4.0,adm1_name
401855,NG-TA,2021,2,Taraba state,8.15541,10.96853,1.0,adm1_name
401776,NG-TA,2021,2,Taraba state,8.15541,10.96853,2.0,adm1_name
402337,NG-TA,2021,2,Taraba state,8.15541,10.96853,7.0,adm1_name
401823,NG-NA,2021,2,Nasarawa state,8.16746,8.76829,3.0,adm1_name
401852,NG-BE,2021,2,Benue state,8.160068,8.591141,3.0,adm1_name
402069,NG-TA,2021,2,Taraba state,7.8116,10.58387,6.0,adm1_name
402103,NG-BE,2021,2,Benue state,7.618016,8.318488,1.0,adm1_name
402101,NG-BE,2021,2,Benue state,7.63227,8.343638,2.0,adm1_name
402102,NG-BE,2021,2,Benue state,7.63211,8.21656,1.0,adm1_name
402061,NG-TA,2021,2,Taraba state,8.15541,10.96853,10.0,adm1_name
403159,NG-TA,2021,2,Taraba state,7.41158,10.04478,5.0,adm1_name
402595,NG-BE,2021,2,Benue state,7.63211,8.21656,20.0,adm1_name
402423,NG-BE,2021,2,Benue state,7.63211,8.21656,1.0,adm1_name
403158,NG-TA,2021,2,Taraba state,8.129947,10.984596,2.0,adm1_name
402626,NG-NA,2021,2,Nasarawa state,8.16746,8.76829,1.0,adm1_name
403157,NG-TA,2021,2,Taraba state,8.47269,10.5442,12.0,adm1_name
404694,NG-BE,2021,2,Benue state,7.805479,8.057261,27.0,adm1_name
405591,NG-BE,2021,2,Benue state,7.787948,8.518014,5.0,adm1_name
405594,NG-BE,2021,2,Benue state,7.55352,9.79349,6.0,adm1_name
404840,NG-NA,2021,2,Nasarawa state,8.16746,8.76829,6.0,adm1_name
404887,NG-BE,2021,2,Benue state,7.805479,8.057261,2.0,adm1_name
411579,NG-TA,2021,2,Taraba state,8.15541,10.96853,3.0,adm1_name
410241,NG-BE,2021,2,Benue state,7.96667,8.76667,8.0,adm1_name
410244,NG-NA,2021,2,,7.97088,7.90203,0.0,point_in_polygon
410354,NG-NA,2021,2,Nasarawa state,8.197938,8.58322,5.0,adm1_name
414025,NG-BE,2021,2,Benue state,8.160068,8.591141,6.0,adm1_name
416976,NG-BE,2021,2,Benue state,8.160068,8.591141,2.0,adm1_name
416504,NG-BE,2021,2,Benue state,7.96667,8.76667,9.0,adm1_name
423864,NG-TA,2021,2,Taraba state,8.47269,10.5442,10.0,adm1_name
423866,NG-TA,2021,2,Taraba state,8.399647,10.145724,1.0,adm1_name
425858,NG-NA,2021,2,Nasarawa state,8.5,8.25,1.0,adm1_name
425846,NG-NA,2021,2,Nasarawa state,8.5,8.25,45.0,adm1_name
430691,NG-BE,2022,2,Benue state,7.618016,8.318488,3.0,adm1_name
447578,NG-BE,2022,2,Benue state,7.751059,8.151201,2.0,adm1_name
430688,NG-BE,2022,2,Benue state,7.96667,8.76667,3.0,adm1_name
437496,NG-TA,2022,2,Taraba state,7.717252,9.95949,26.0,adm1_name
434240,NG-BE,2022,2,Benue state,7.96667,8.76667,5.0,adm1_name
437506,NG-BE,2022,2,Benue state,7.993851,8.883353,6.0,adm1_name
437713,NG-BE,2022,2,Benue state,7.5834,8.2055,3.0,adm1_name
434492,NG-BE,2022,2,Benue state,8.00955,8.48377,3.0,adm1_name
434495,NG-BE,2022,2,Benue state,7.96667,8.76667,1.0,adm1_name
434512,NG-BE,2022,2,Benue state,7.96667,8.76667,2.0,adm1_name
438425,NG-BE,2022,2,Benue state,6.80099,9.47021,2.0,adm1_name
436229,NG-BE,2022,2,Benue state,7.717954,8.785039,9.0,adm1_name
436230,NG-BE,2022,2,Benue state,8.019232,8.726093,8.0,adm1_name
440144,NG-BE,2022,2,Benue state,6.89857,9.49676,8.0,adm1_name
438827,NG-BE,2022,2,Benue state,7.745997,8.913496,5.0,adm1_name
441449,NG-BE,2022,2,Benue state,7.772936,9.130232,2.0,adm1_name
442142,NG-BE,2022,2,Benue state,8.06667,8.51667,5.0,adm1_name
447695,NG-BE,2022,2,Benue state,7.999177,8.594213,6.0,adm1_name
450147,NG-BE,2022,2,Benue state,7.96667,8.76667,3.0,adm1_name
450055,NG-BE,2022,2,Benue state,7.9974,8.4467,3.0,adm1_name
450057,NG-BE,2022,2,Benue state,7.96667,8.76667,1.0,adm1_name
449544,NG-NA,2022,2,Nasarawa state,8.16746,8.76829,3.0,adm1_name
450139,NG-BE,2022,2,Benue state,7.96667,8.76667,3.0,adm1_name
450039,NG-BE,2022,2,Benue state,7.81875,9.24534,12.0,adm1_name
450784,NG-BE,2022,2,Benue state,7.68922,9.25049,3.0,adm1_name
453261,NG-NA,2022,2,Nasarawa state,8.23333,8.56667,2.0,adm1_name
452690,NG-NA,2022,2,Nasarawa state,8.197938,8.58322,9.0,adm1_name
452698,NG-BE,2022,2,Benue state,8.160068,8.591141,5.0,adm1_name
452766,NG-BE,2022,2,Benue state,7.810381,9.463429,36.0,adm1_name
453448,NG-NA,2022,2,Nasarawa state,8.34738,8.72769,2.0,adm1_name
453423,NG-BE,2022,2,Benue state,7.834274,9.249262,1.0,adm1_name
453421,NG-BE,2022,2,Benue state,7.834274,9.249262,2.0,adm1_name
453473,NG-BE,2022,2,Benue state,7.834274,9.249262,3.0,adm1_name
456271,NG-BE,2022,2,Benue state,7.96667,8.76667,18.0,adm1_name
456270,NG-BE,2022,2,Benue state,7.787948,8.518014,2.0,adm1_name
458680,NG-BE,2022,2,Benue state,7.697829,8.455739,3.0,adm1_name
462818,NG-BE,2023,2,Benue state,7.7411,8.5121,9.0,adm1_name
463728,NG-BE,2023,2,Benue state,7.68922,9.25049,2.0,adm1_name
463730,NG-BE,2023,2,Benue state,8.06667,8.51667,2.0,adm1_name
512152,NG-BE,2023,2,Benue state,8.025084,8.896986,3.0,adm1_name
466530,NG-BE,2023,2,Benue state,7.5834,8.2055,6.0,adm1_name
467166,NG-BE,2023,2,Benue state,7.834198,9.305473,1.0,adm1_name
467160,NG-BE,2023,2,Benue state,7.7166,8.899,1.0,adm1_name
467164,NG-BE,2023,2,Benue state,7.7164,8.1359,2.0,adm1_name
469982,NG-BE,2023,2,Benue state,6.80099,9.47021,37.0,adm1_name
466856,NG-BE,2023,2,Benue state,7.91846,8.59469,2.0,adm1_name
496028,NG-BE,2023,2,Benue state,7.96667,8.76667,11.0,adm1_name
470256,NG-BE,2023,2,Benue state,8.06667,8.51667,4.0,adm1_name
512829,NG-BE,2023,2,Benue state,7.96667,8.76667,1.0,adm1_name
512830,NG-BE,2023,2,Benue state,7.86616,8.66509,1.0,adm1_name
470020,NG-BE,2023,2,Benue state,7.834198,9.305473,1.0,adm1_name
474397,NG-BE,2023,2,Benue state,8.00955,8.48377,39.0,adm1_name
475015,NG-BE,2023,2,Benue state,8.06667,8.51667,2.0,adm1_name
475756,NG-BE,2023,2,Benue state,7.96667,8.76667,1.0,adm1_name
512827,NG-BE,2023,2,Benue state,7.982061,8.564771,4.0,adm1_name
512828,NG-BE,2023,2,Benue state,7.96667,8.76667,2.0,adm1_name
512925,NG-BE,2023,2,Benue state,7.63211,8.21656,6.0,adm1_name
476465,NG-BE,2023,2,Benue state,7.842145,8.861159,19.0,adm1_name
482485,NG-BE,2023,2,Benue state,7.96903,8.6355,1.0,adm1_name
489656,NG-BE,2023,2,Benue state,8.096734,8.574348,3.0,adm1_name
512823,NG-BE,2023,2,Benue state,7.785545,8.656427,2.0,adm1_name
489973,NG-BE,2023,2,Benue state,7.96667,8.76667,2.0,adm1_name
494542,NG-NA,2023,2,Nasarawa state,8.16746,8.76829,1.0,adm1_name
494539,NG-NA,2023,2,Nasarawa state,8.34738,8.72769,2.0,adm1_name
494540,NG-NA,2023,2,Nasarawa state,8.39307,8.35544,1.0,adm1_name
498739,NG-BE,2023,2,Benue state,7.68922,9.25049,3.0,adm1_name
498789,NG-BE,2023,2,Benue state,7.693824,8.18816,4.0,adm1_name
498465,NG-BE,2023,2,Benue state,7.772936,9.130232,5.0,adm1_name
498903,NG-BE,2023,2,Benue state,8.005823,8.554136,3.0,adm1_name
498917,NG-BE,2023,2,Benue state,7.693824,8.18816,3.0,adm1_name
512819,NG-BE,2023,2,Benue state,7.63211,8.21656,4.0,adm1_name
518135,NG-BE,2024,2,Benue state,6.89857,9.49676,2.0,adm1_name
518145,NG-BE,2024,2,Benue state,7.805479,8.057261,2.0,adm1_name
518160,NG-BE,2024,2,Benue state,7.507617,8.443174,16.0,adm1_name
546583,NG-BE,2024,2,Benue state,7.834198,9.305473,2.0,adm1_name
518450,NG-BE,2024,2,Benue state,7.834198,9.305473,5.0,adm1_name
519087,NG-NA,2024,2,Nasarawa state,8.16746,8.76829,2.0,adm1_name
518529,NG-NA,2024,2,Nasarawa state,8.23333,8.56667,4.0,adm1_name
526193,NG-BE,2024,2,Benue state,7.63211,8.21656,4.0,adm1_name
530479,NG-TA,2024,2,Taraba state,7.99864,10.9983,6.0,adm1_name
527859,NG-TA,2024,2,Taraba state,8.033333,9.433333,2.0,adm1_name
546879,NG-BE,2024,2,Benue state,6.87456,9.60949,2.0,adm1_name
542937,NG-BE,2024,2,Benue state,7.5834,8.2055,7.0,adm1_name
552977,NG-BE,2024,2,Benue state,7.772936,9.130232,3.0,adm1_name
551083,NG-BE,2024,2,Benue state,7.76143,9.08752,4.0,adm1_name
549530,NG-BE,2024,2,Benue state,7.81875,9.24534,16.0,adm1_name
550511,NG-BE,2024,2,Benue state,7.772936,9.130232,3.0,adm1_name
550513,NG-BE,2024,2,Benue state,7.772936,9.130232,3.0,adm1_name
555622,NG-BE,2024,2,Benue state,7.80004,9.02429,20.0,adm1_name
17004,NG-RI,2005,2,Rivers state,5.00674,6.74739,1.0,adm1_name
17028,NG-RI,2005,2,Rivers state,4.62484,7.267676,1.0,adm1_name
17038,NG-RI,2005,2,Rivers state,4.62484,7.267676,1.0,adm1_name
17045,NG-RI,2005,2,Rivers state,4.63404,7.28717,9.0,adm1_name
17044,NG-RI,2006,2,Rivers state,4.62484,7.267676,10.0,adm1_name
17021,NG-RI,2006,2,Rivers state,4.87396,6.85996,5.0,adm1_name
17040,NG-RI,2006,2,Rivers state,4.62484,7.267676,7.0,adm1_name
17043,NG-RI,2006,2,Rivers state,4.62484,7.267676,4.0,adm1_name
17002,NG-RI,2006,2,Rivers state,5.00674,6.74739,6.0,adm1_name
17039,NG-RI,2006,2,Rivers state,4.62484,7.267676,2.0,adm1_name
17012,NG-RI,2007,2,Rivers state,4.66049,7.28347,2.0,adm1_name
16998,NG-RI,2007,2,Rivers state,4.87396,6.85996,4.0,adm1_name
17069,NG-RI,2007,2,Rivers state,4.683333,7.4,1.0,adm1_name
17068,NG-RI,2007,2,Rivers state,4.683333,7.4,1.0,adm1_name
16827,NG-RI,2007,2,Rivers state,4.733922,7.230038,6.0,adm1_name
17064,NG-RI,2007,2,Rivers state,4.69962,7.42264,4.0,adm1_name
17117,NG-RI,2007,2,Rivers state,4.728842,7.299994,1.0,adm1_name
15862,NG-BY,2008,2,Bayelsa state,4.91191,6.27495,2.0,adm1_name
13957,NG-BY,2008,2,Bayelsa state,4.90599,6.26161,1.0,adm1_name
16997,NG-RI,2008,2,Rivers state,4.96768,6.81565,12.0,adm1_name
16833,NG-RI,2009,2,Rivers state,4.777423,7.013404,2.0,adm1_name
16835,NG-RI,2009,2,Rivers state,4.777423,7.013404,1.0,adm1_name
17116,NG-RI,2010,2,Rivers state,4.73292,6.96919,1.0,adm1_name
42226,NG-RI,2011,2,Rivers state,4.69962,7.42264,1.0,adm1_name
64763,NG-RI,2013,2,Rivers state,5.00674,6.74739,2.0,adm1_name
64714,NG-RI,2013,2,Rivers state,5.02676,6.88406,3.0,adm1_name
305899,NG-RI,2014,2,Rivers state,5.1,7.2,4.0,adm1_name
305901,NG-RI,2014,2,Rivers state,4.990833,7.054444,3.0,adm1_name
216216,NG-RI,2015,2,Rivers state,4.990833,7.054444,3.0,adm1_name
216213,NG-RI,2015,2,Rivers state,4.78741,7.14369,2.0,adm1_name
195395,NG-IM,2015,2,Imo state,5.40237,6.82451,4.0,adm1_name
195397,NG-IM,2015,2,Imo state,5.48333,7.03041,1.0,adm1_name
216192,NG-RI,2015,2,Rivers state,5.341667,6.655556,19.0,adm1_name
304173,NG-IM,2016,2,Imo state,5.3504,6.76755,8.0,adm1_name
304177,NG-IM,2016,2,Imo state,5.40237,6.82451,1.0,adm1_name
304180,NG-IM,2016,2,Imo state,5.40237,6.82451,1.0,adm1_name
313283,NG-RI,2019,2,Rivers state,5.13895,7.13915,1.0,adm1_name
315573,NG-RI,2019,2,Rivers state,5.13895,7.13915,1.0,adm1_name
315574,NG-RI,2019,2,Rivers state,5.13895,7.13915,1.0,adm1_name
315568,NG-RI,2019,2,Rivers state,5.13895,7.13915,1.0,adm1_name
432628,NG-IM,2022,2,Imo state,5.40237,6.82451,7.0,adm1_name
442341,NG-BY,2022,2,Bayelsa state,4.91191,6.27495,3.0,adm1_name
449132,NG-BY,2022,2,Bayelsa state,4.924722,6.264167,1.0,adm1_name
542179,NG-RI,2024,2,Rivers state,4.733922,7.230038,7.0,adm1_name
16839,NG-RI,2007,2,Rivers state,4.777423,7.013404,20.0,adm1_name
16854,NG-RI,2007,2,Rivers state,4.777423,7.013404,69.0,adm1_name
16842,NG-RI,2007,2,Rivers state,4.777423,7.013404,11.0,adm1_name
41700,NG-NA,2012,2,Nasarawa state,8.64007,8.69959,2.0,adm1_name
41701,NG-NA,2012,2,Nasarawa state,8.6,8.85,48.0,adm1_name
41690,NG-NA,2012,2,Nasarawa state,8.4,8.55,10.0,adm1_name
60766,NG-NA,2013,2,Nasarawa state,8.36667,8.76667,30.0,adm1_name
65529,NG-NA,2013,2,Nasarawa state,8.6,8.85,3.0,adm1_name
65549,NG-NA,2013,2,Nasarawa state,8.34738,8.72769,2.0,adm1_name
164047,NG-NA,2014,2,Nasarawa state,8.48333,8.51667,1.0,adm1_name
15616,NG-KD,2003,2,,10.0,8.0,1.0,point_in_polygon
15838,NG-BY,2009,2,Bayelsa state,4.924722,6.264167,2.0,adm1_name
16072,NG-DE,2009,2,Delta state,5.33141,6.05926,13.0,adm1_name
15843,NG-BY,2009,2,Bayelsa state,4.924722,6.264167,3.0,adm1_name
16888,NG-RI,2009,2,Rivers state,4.777423,7.013404,4.0,adm1_name
42224,NG-RI,2011,2,Rivers state,4.777423,7.013404,6.0,adm1_name
42230,NG-BY,2011,2,Bayelsa state,5.098546,6.263999,14.0,adm1_name
42225,NG-BY,2011,2,Bayelsa state,4.924722,6.264167,5.0,adm1_name
42229,NG-BY,2011,2,Bayelsa state,4.924722,6.264167,4.0,adm1_name
41757,NG-BY,2012,2,Bayelsa state,4.67675,5.94156,1.0,adm1_name
41759,NG-RI,2012,2,Rivers state,4.777423,7.013404,20.0,adm1_name
41760,NG-RI,2012,2,Rivers state,4.777423,7.013404,15.0,adm1_name
41762,NG-RI,2012,2,Rivers state,4.777423,7.013404,0.0,adm1_name
41763,NG-RI,2012,2,Rivers state,4.777423,7.013404,0.0,adm1_name
41764,NG-RI,2012,2,Rivers state,4.777423,7.013404,5.0,adm1_name
41765,NG-RI,2012,2,Rivers state,4.777423,7.013404,7.0,adm1_name
45619,NG-RI,2013,2,Rivers state,4.53231,7.44084,8.0,adm1_name
64627,NG-RI,2013,2,Rivers state,4.95442,6.59153,6.0,adm1_name
183917,NG-RI,2014,2,Rivers state,4.85989,6.66175,2.0,adm1_name
183918,NG-RI,2014,2,Rivers state,4.82976,6.56739,2.0,adm1_name
240873,NG-RI,2014,2,Rivers state,4.96768,6.81565,10.0,adm1_name
216209,NG-RI,2015,2,Rivers state,4.57414,6.93798,1.0,adm1_name
193591,NG-RI,2015,2,Rivers state,4.777423,7.013404,9.0,adm1_name
236092,NG-RI,2016,2,Rivers state,5.24657,6.59181,6.0,adm1_name
240874,NG-RI,2016,2,Rivers state,4.96768,6.81565,6.0,adm1_name
235291,NG-RI,2016,2,Rivers state,5.3435,6.65321,11.0,adm1_name
252181,NG-RI,2016,2,Rivers state,4.94107,6.77227,5.0,adm1_name
252183,NG-RI,2016,2,Rivers state,5.27426,6.68129,2.0,adm1_name
231756,NG-RI,2016,2,Rivers state,5.3114,6.65442,4.0,adm1_name
231760,NG-RI,2016,2,Rivers state,5.25114,6.61298,2.0,adm1_name
238764,NG-RI,2017,2,Rivers state,4.748189,7.197842,12.0,adm1_name
353277,NG-RI,2020,2,Rivers state,4.79887,7.41777,3.0,adm1_name
456310,NG-RI,2022,2,Rivers state,5.070269,6.643021,5.0,adm1_name
470259,NG-RI,2023,2,Rivers state,5.058168,6.512937,6.0,adm1_name
475873,NG-RI,2023,2,Rivers state,5.070269,6.643021,3.0,adm1_name
521732,NG-BY,2024,2,Bayelsa state,4.924722,6.264167,1.0,adm1_name
15827,NG-BY,2000,2,Bayelsa state,4.539402,6.400344,2.0,adm1_name
15822,NG-BY,2002,2,Bayelsa state,4.539402,6.400344,9.0,adm1_name
15824,NG-BY,2002,2,Bayelsa state,4.539402,6.400344,30.0,adm1_name
17020,NG-RI,2005,2,Rivers state,4.93101,6.67463,2.0,adm1_name
17022,NG-RI,2005,2,Rivers state,4.87396,6.85996,60.0,adm1_name
16707,NG-OY,1998,2,Oyo state,8.03333,3.9,20.0,adm1_name
65608,NG-KW,2013,2,Kwara state,8.61667,4.38333,1.0,adm1_name
65609,NG-KW,2013,2,Kwara state,8.61667,4.38333,3.0,adm1_name
195691,NG-KW,2014,2,Kwara state,8.61667,4.38333,4.0,adm1_name
193593,NG-OG,2015,2,Ogun state,6.88333,2.85,1.0,adm1_name
195697,NG-KW,2015,2,Kwara state,8.33333,5.23333,2.0,adm1_name
240935,NG-OY,2017,2,Oyo state,8.66762,3.39393,1.0,adm1_name
240943,NG-ON,2017,2,Ondo state,6.74716,4.8761,1.0,adm1_name
253685,NG-ON,2018,2,Ondo state,7.20501,5.18766,1.0,adm1_name
254345,NG-OY,2018,2,Oyo state,7.60167,3.89972,2.0,adm1_name
254050,NG-OY,2018,2,Oyo state,7.87401,3.54943,1.0,adm1_name
254054,NG-OG,2018,2,Ogun state,6.98333,3.36667,4.0,adm1_name
279963,NG-OY,2018,2,Oyo state,7.976911,3.593346,12.0,adm1_name
285274,NG-OG,2019,2,Ogun state,7.662212,2.864021,4.0,adm1_name
293273,NG-OG,2019,2,Ogun state,7.31667,3.5,1.0,adm1_name
321398,NG-OG,2019,2,Ogun state,7.27627,3.12819,1.0,adm1_name
343771,NG-OY,2020,2,Oyo state,7.55914,3.921705,0.0,adm1_name
353392,NG-OY,2020,2,Oyo state,7.59773,3.45035,0.0,adm1_name
353350,NG-OY,2020,2,Oyo state,8.244723,4.170458,0.0,adm1_name
374417,NG-OY,2020,2,Oyo state,7.681753,3.183679,1.0,adm1_name
380549,NG-OY,2021,2,Oyo state,7.681753,3.183679,3.0,adm1_name
380506,NG-OG,2021,2,Ogun state,7.14729,2.91795,1.0,adm1_name
387008,NG-ON,2021,2,Ondo state,7.684634,5.908727,1.0,adm1_name
385770,NG-OG,2021,2,Ogun state,7.14729,2.91795,3.0,adm1_name
385769,NG-OG,2021,2,Ogun state,7.662212,2.864021,1.0,adm1_name
385772,NG-OG,2021,2,Ogun state,7.14729,2.91795,2.0,adm1_name
381575,NG-OG,2021,2,Ogun state,7.14729,2.91795,4.0,adm1_name
385771,NG-OG,2021,2,Ogun state,7.14729,2.91795,3.0,adm1_name
396545,NG-OY,2021,2,Oyo state,7.607652,3.089152,1.0,adm1_name
404641,NG-OY,2021,2,Oyo state,7.681753,3.183679,15.0,adm1_name
404794,NG-KW,2021,2,Kwara state,8.36667,4.41667,4.0,adm1_name
405578,NG-KW,2021,2,Kwara state,8.40003,4.42046,3.0,adm1_name
427751,NG-OG,2022,2,Ogun state,7.433232,2.8034,2.0,adm1_name
555976,NG-OG,2024,2,Ogun state,7.662212,2.864021,1.0,adm1_name
17125,NG-TA,2001,2,Taraba state,8.0,10.5,20.0,adm1_name
507697,NG-BE,2024,2,Benue state,7.68922,9.25049,7.0,adm1_name
559099,NG-BE,2024,2,Benue state,6.80099,9.47021,20.0,adm1_name
16681,NG-OY,2002,2,Oyo state,8.0,4.0,3.0,adm1_name
16601,NG-OG,2004,2,Ogun state,6.936204,3.921992,2.0,adm1_name
16694,NG-OY,2004,2,Oyo state,7.387778,3.896389,3.0,adm1_name
16687,NG-OY,2004,2,Oyo state,7.387778,3.896389,4.0,adm1_name
13888,NG-ED,2005,2,Edo state,6.5,6.0,7.0,adm1_name
16263,NG-ED,2005,2,Edo state,6.491994,5.588268,7.0,adm1_name
16232,NG-ED,2006,2,Edo state,6.742063,6.139003,7.0,adm1_name
16507,NG-LA,2007,2,Lagos state,6.46508,3.14827,3.0,adm1_name
16250,NG-ED,2008,2,Edo state,6.335045,5.627492,8.0,adm1_name
16246,NG-ED,2008,2,Edo state,6.335045,5.627492,2.0,adm1_name
16249,NG-ED,2009,2,Edo state,6.335045,5.627492,8.0,adm1_name
16495,NG-LA,2009,2,Lagos state,6.61526,3.5069,2.0,adm1_name
16508,NG-LA,2009,2,Lagos state,6.497892,3.382923,3.0,adm1_name
16614,NG-OG,2010,2,Ogun state,6.816093,3.915877,1.0,adm1_name
16627,NG-OG,2010,2,Ogun state,6.88436,3.66058,1.0,adm1_name
16621,NG-OG,2010,2,Ogun state,6.88436,3.66058,5.0,adm1_name
16623,NG-OG,2010,2,Ogun state,6.88436,3.66058,1.0,adm1_name
307797,NG-ED,2010,2,Edo state,6.491994,5.588268,2.0,adm1_name
16264,NG-ED,2010,2,Edo state,6.335045,5.627492,11.0,adm1_name
42198,NG-ED,2011,2,Edo state,6.335045,5.627492,8.0,adm1_name
41300,NG-LA,2011,2,Lagos state,6.55727,3.99122,1.0,adm1_name
41308,NG-LA,2011,2,Lagos state,6.62641,3.55167,2.0,adm1_name
306419,NG-ED,2011,2,Edo state,6.5,6.0,12.0,adm1_name
42201,NG-ED,2011,2,Edo state,6.335045,5.627492,2.0,adm1_name
42202,NG-ED,2011,2,Edo state,6.335045,5.627492,4.0,adm1_name
41274,NG-LA,2011,2,Lagos state,6.61526,3.5069,3.0,adm1_name
41325,NG-OG,2011,2,Ogun state,6.82292,3.89387,1.0,adm1_name
41772,NG-ED,2012,2,Edo state,6.335045,5.627492,8.0,adm1_name
41771,NG-OG,2012,2,Ogun state,6.82292,3.89387,3.0,adm1_name
41777,NG-LA,2012,2,Lagos state,6.453056,3.395833,3.0,adm1_name
307920,NG-ED,2012,2,Edo state,6.335045,5.627492,3.0,adm1_name
41778,NG-ED,2012,2,Edo state,6.335045,5.627492,6.0,adm1_name
41776,NG-KD,2012,2,,10.0,8.0,1.0,point_in_polygon
45884,NG-LA,2013,2,Lagos state,6.458956,3.189083,1.0,adm1_name
64767,NG-LA,2013,2,Lagos state,6.55752,3.3807,1.0,adm1_name
64738,NG-LA,2013,2,Lagos state,6.55578,3.34418,1.0,adm1_name
64725,NG-LA,2013,2,Lagos state,6.458956,3.189083,5.0,adm1_name
64711,NG-LA,2013,2,Lagos state,6.55752,3.3807,1.0,adm1_name
51445,NG-ED,2013,2,Edo state,6.335045,5.627492,20.0,adm1_name
64701,NG-LA,2013,2,Lagos state,6.55752,3.3807,1.0,adm1_name
64699,NG-LA,2013,2,Lagos state,6.55752,3.3807,2.0,adm1_name
64675,NG-LA,2013,2,Lagos state,6.55578,3.34418,2.0,adm1_name
64667,NG-LA,2013,2,Lagos state,6.453056,3.395833,1.0,adm1_name
60743,NG-LA,2013,2,Lagos state,6.58333,3.75,1.0,adm1_name
60744,NG-LA,2013,2,Lagos state,6.453056,3.395833,3.0,adm1_name
64389,NG-ED,2014,2,Edo state,6.335045,5.627492,4.0,adm1_name
216154,NG-LA,2014,2,Lagos state,6.453056,3.395833,1.0,adm1_name
216155,NG-LA,2014,2,Lagos state,6.453056,3.395833,1.0,adm1_name
306866,NG-OG,2014,2,Ogun state,6.816093,3.915877,2.0,adm1_name
306864,NG-OG,2014,2,Ogun state,6.816093,3.915877,4.0,adm1_name
216156,NG-LA,2014,2,Lagos state,6.453056,3.395833,1.0,adm1_name
306875,NG-OG,2014,2,Ogun state,6.816093,3.915877,1.0,adm1_name
306878,NG-OG,2014,2,Ogun state,6.816093,3.915877,2.0,adm1_name
216157,NG-LA,2014,2,Lagos state,6.453056,3.395833,1.0,adm1_name
216159,NG-LA,2014,2,Lagos state,6.453056,3.395833,4.0,adm1_name
155893,NG-OG,2014,2,Ogun state,6.97198,3.99938,3.0,adm1_name
216150,NG-LA,2014,2,Lagos state,6.453056,3.395833,2.0,adm1_name
216152,NG-LA,2014,2,Lagos state,6.453056,3.395833,1.0,adm1_name
190712,NG-LA,2014,2,Lagos state,6.61526,3.5069,1.0,adm1_name
306895,NG-ED,2014,2,Edo state,6.335045,5.627492,32.0,adm1_name
306894,NG-ED,2014,2,Edo state,6.335045,5.627492,4.0,adm1_name
216134,NG-LA,2015,2,Lagos state,6.453056,3.395833,1.0,adm1_name
216142,NG-ED,2015,2,Edo state,6.335045,5.627492,2.0,adm1_name
216144,NG-ED,2015,2,Edo state,6.335045,5.627492,1.0,adm1_name
306899,NG-OG,2015,2,Ogun state,6.816093,3.915877,9.0,adm1_name
306898,NG-OG,2015,2,Ogun state,6.816093,3.915877,1.0,adm1_name
306904,NG-LA,2015,2,Lagos state,6.453056,3.395833,2.0,adm1_name
198231,NG-KW,2015,2,Kwara state,8.5,4.55,16.0,adm1_name
216198,NG-OG,2015,2,Ogun state,7.23079,3.16845,3.0,adm1_name
216207,NG-ON,2015,2,Ondo state,7.25256,5.19312,1.0,adm1_name
216218,NG-LA,2015,2,Lagos state,6.453056,3.395833,1.0,adm1_name
216219,NG-OG,2015,2,Ogun state,6.62366,3.08626,2.0,adm1_name
216225,NG-LA,2015,2,Lagos state,6.453056,3.395833,3.0,adm1_name
207706,NG-LA,2015,2,Lagos state,6.453056,3.395833,1.0,adm1_name
306921,NG-LA,2016,2,Lagos state,6.61526,3.5069,5.0,adm1_name
218849,NG-LA,2016,2,Lagos state,6.58333,3.75,2.0,adm1_name
236069,NG-LA,2016,2,Lagos state,6.55752,3.3807,3.0,adm1_name
236071,NG-OG,2016,2,Ogun state,6.7053,3.23981,1.0,adm1_name
236055,NG-DE,2016,2,Delta state,6.25183,6.19337,4.0,adm1_name
236056,NG-ED,2016,2,Edo state,6.335045,5.627492,4.0,adm1_name
236057,NG-OY,2016,2,Oyo state,7.44917,3.87222,3.0,adm1_name
236076,NG-OG,2016,2,Ogun state,6.606,3.08193,8.0,adm1_name
236077,NG-OG,2016,2,Ogun state,6.62366,3.08626,3.0,adm1_name
306925,NG-LA,2016,2,Lagos state,6.453056,3.395833,2.0,adm1_name
236086,NG-OG,2016,2,Ogun state,6.7053,3.23981,2.0,adm1_name
231210,NG-ED,2016,2,Edo state,6.335045,5.627492,1.0,adm1_name
231211,NG-ED,2016,2,Edo state,6.335045,5.627492,2.0,adm1_name
236087,NG-LA,2016,2,Lagos state,6.58333,3.75,2.0,adm1_name
236059,NG-LA,2016,2,Lagos state,6.62641,3.55167,2.0,adm1_name
236088,NG-LA,2016,2,Lagos state,6.4545,3.94318,1.0,adm1_name
236061,NG-LA,2016,2,Lagos state,6.58333,3.75,5.0,adm1_name
306938,NG-ED,2016,2,Edo state,7.066667,6.266667,4.0,adm1_name
236089,NG-DE,2016,2,Delta state,6.17657,6.62929,4.0,adm1_name
306954,NG-OG,2016,2,Ogun state,6.7053,3.23981,1.0,adm1_name
306948,NG-OG,2017,2,Ogun state,6.7053,3.23981,2.0,adm1_name
240837,NG-LA,2017,2,Lagos state,6.456226,3.336325,2.0,adm1_name
240838,NG-OG,2017,2,Ogun state,6.99551,3.97085,1.0,adm1_name
237693,NG-KW,2017,2,Kwara state,8.5,4.55,7.0,adm1_name
240881,NG-OG,2017,2,Ogun state,6.78197,3.25195,1.0,adm1_name
238862,NG-ON,2017,2,Ondo state,7.25256,5.19312,10.0,adm1_name
306961,NG-KW,2017,2,Kwara state,8.5,4.55,1.0,adm1_name
240871,NG-ON,2017,2,Ondo state,7.09316,4.83528,2.0,adm1_name
306962,NG-LA,2017,2,Lagos state,6.66362,3.66945,5.0,adm1_name
249968,NG-LA,2017,2,Lagos state,6.46962,3.56287,2.0,adm1_name
256693,NG-OG,2018,2,Ogun state,6.88901,3.01416,1.0,adm1_name
262299,NG-KW,2018,2,Kwara state,8.5,4.55,1.0,adm1_name
262298,NG-KW,2018,2,Kwara state,8.5,4.55,4.0,adm1_name
306975,NG-LA,2018,2,Lagos state,6.63483,3.88052,1.0,adm1_name
306983,NG-LA,2018,2,Lagos state,6.61526,3.5069,2.0,adm1_name
307154,NG-LA,2018,2,Lagos state,6.53333,3.55,2.0,adm1_name
274558,NG-ON,2018,2,Ondo state,7.09316,4.83528,0.0,adm1_name
274555,NG-LA,2019,2,Lagos state,6.431495,2.887913,1.0,adm1_name
306580,NG-LA,2019,2,Lagos state,6.453056,3.395833,16.0,adm1_name
307204,NG-ED,2019,2,Edo state,6.335045,5.627492,7.0,adm1_name
307194,NG-ON,2019,2,Ondo state,7.09316,4.83528,1.0,adm1_name
307196,NG-ON,2019,2,Ondo state,7.09316,4.83528,1.0,adm1_name
276962,NG-ED,2019,2,Edo state,6.335045,5.627492,3.0,adm1_name
307207,NG-ED,2019,2,Edo state,6.335045,5.627492,1.0,adm1_name
307208,NG-ED,2019,2,Edo state,6.335045,5.627492,7.0,adm1_name
307210,NG-ED,2019,2,Edo state,6.335045,5.627492,1.0,adm1_name
282370,NG-OG,2019,2,Ogun state,6.82292,3.89387,10.0,adm1_name
307213,NG-OG,2019,2,Ogun state,6.816093,3.915877,3.0,adm1_name
307217,NG-ON,2019,2,Ondo state,7.09316,4.83528,2.0,adm1_name
307216,NG-LA,2019,2,Lagos state,6.46421,3.1822,1.0,adm1_name
285177,NG-LA,2019,2,Lagos state,6.46962,3.56287,4.0,adm1_name
307220,NG-OG,2019,2,Ogun state,6.91002,3.66557,1.0,adm1_name
307221,NG-OG,2019,2,Ogun state,6.8485,3.64633,0.0,adm1_name
307218,NG-OG,2019,2,Ogun state,6.8485,3.64633,6.0,adm1_name
285241,NG-LA,2019,2,Lagos state,6.49666,3.1208,1.0,adm1_name
286743,NG-ED,2019,2,Edo state,6.335045,5.627492,2.0,adm1_name
307225,NG-LA,2019,2,Lagos state,6.62641,3.55167,1.0,adm1_name
307237,NG-LA,2019,2,Lagos state,6.62641,3.55167,1.0,adm1_name
307241,NG-LA,2019,2,Lagos state,6.62641,3.55167,1.0,adm1_name
307224,NG-LA,2019,2,Lagos state,6.62641,3.55167,1.0,adm1_name
286736,NG-ED,2019,2,Edo state,6.335045,5.627492,5.0,adm1_name
286742,NG-ED,2019,2,Edo state,6.335045,5.627492,4.0,adm1_name
307228,NG-LA,2019,2,Lagos state,6.62641,3.55167,1.0,adm1_name
307309,NG-LA,2019,2,Lagos state,6.453056,3.395833,1.0,adm1_name
307302,NG-LA,2019,2,Lagos state,6.453056,3.395833,1.0,adm1_name
307287,NG-LA,2019,2,Lagos state,6.62641,3.55167,2.0,adm1_name
307323,NG-LA,2019,2,Lagos state,6.453056,3.395833,4.0,adm1_name
290295,NG-LA,2019,2,Lagos state,6.62641,3.55167,3.0,adm1_name
307315,NG-LA,2019,2,Lagos state,6.453056,3.395833,1.0,adm1_name
293037,NG-LA,2019,2,Lagos state,6.431495,2.887913,1.0,adm1_name
307379,NG-LA,2019,2,Lagos state,6.453056,3.395833,4.0,adm1_name
299526,NG-LA,2019,2,Lagos state,6.594734,3.976805,2.0,adm1_name
299527,NG-LA,2019,2,Lagos state,6.453056,3.395833,1.0,adm1_name
307397,NG-LA,2019,2,Lagos state,6.453056,3.395833,1.0,adm1_name
307399,NG-LA,2019,2,Lagos state,6.66362,3.66945,1.0,adm1_name
307400,NG-LA,2019,2,Lagos state,6.62641,3.55167,4.0,adm1_name
306594,NG-LA,2019,2,Lagos state,6.61526,3.5069,3.0,adm1_name
306600,NG-LA,2019,2,Lagos state,6.453056,3.395833,1.0,adm1_name
336259,NG-LA,2020,2,Lagos state,6.453056,3.395833,2.0,adm1_name
328505,NG-KW,2020,2,Kwara state,8.5,4.55,1.0,adm1_name
336260,NG-ED,2020,2,Edo state,6.335045,5.627492,10.0,adm1_name
333633,NG-ED,2020,2,Edo state,6.335045,5.627492,10.0,adm1_name
336261,NG-LA,2020,2,Lagos state,6.62641,3.55167,3.0,adm1_name
336264,NG-LA,2020,2,Lagos state,6.453056,3.395833,1.0,adm1_name
338637,NG-ED,2020,2,Edo state,6.5,6.0,1.0,adm1_name
338638,NG-ED,2020,2,Edo state,6.335045,5.627492,2.0,adm1_name
338636,NG-ED,2020,2,Edo state,6.720473,6.214253,1.0,adm1_name
358418,NG-LA,2020,2,Lagos state,6.664254,3.605005,1.0,adm1_name
386337,NG-ED,2020,2,Edo state,6.335045,5.627492,13.0,adm1_name
370655,NG-ED,2020,2,Edo state,6.335045,5.627492,1.0,adm1_name
370653,NG-ED,2020,2,Edo state,6.335045,5.627492,2.0,adm1_name
370652,NG-ED,2020,2,Edo state,6.335045,5.627492,2.0,adm1_name
375951,NG-OS,2020,2,Osun state,7.766104,4.556521,0.0,adm1_name
385799,NG-OS,2021,2,Osun state,7.766104,4.556521,1.0,adm1_name
419055,NG-LA,2021,2,Lagos state,6.61526,3.5069,3.0,adm1_name
419062,NG-LA,2021,2,Lagos state,6.61526,3.5069,2.0,adm1_name
427183,NG-LA,2021,2,Lagos state,6.453056,3.395833,1.0,adm1_name
380053,NG-LA,2021,2,Lagos state,6.453056,3.395833,2.0,adm1_name
390313,NG-KW,2021,2,Kwara state,8.5,4.55,2.0,adm1_name
390968,NG-OS,2021,2,Osun state,7.766104,4.556521,2.0,adm1_name
390969,NG-OS,2021,2,Osun state,7.766104,4.556521,2.0,adm1_name
390999,NG-LA,2021,2,Lagos state,6.535,3.394722,1.0,adm1_name
396566,NG-EK,2021,2,Ekiti state,7.499002,5.231334,6.0,adm1_name
402098,NG-LA,2021,2,Lagos state,6.61526,3.5069,3.0,adm1_name
404695,NG-OS,2021,2,Osun state,7.766104,4.556521,1.0,adm1_name
410175,NG-LA,2021,2,Lagos state,6.46841,3.18329,1.0,adm1_name
428454,NG-ON,2021,2,Ondo state,6.502481,4.779515,6.0,adm1_name
425889,NG-ON,2021,2,Ondo state,6.352986,4.796996,5.0,adm1_name
432859,NG-LA,2022,2,Lagos state,6.608319,3.393763,4.0,adm1_name
432861,NG-LA,2022,2,Lagos state,6.608319,3.393763,1.0,adm1_name
430789,NG-OS,2022,2,Osun state,7.62789,4.74161,10.0,adm1_name
437530,NG-ON,2022,2,Ondo state,7.5248,5.766788,1.0,adm1_name
437689,NG-OG,2022,2,Ogun state,7.15571,3.34509,6.0,adm1_name
437688,NG-OG,2022,2,Ogun state,7.15571,3.34509,1.0,adm1_name
437698,NG-LA,2022,2,Lagos state,6.381101,2.712381,1.0,adm1_name
437694,NG-OG,2022,2,Ogun state,6.88436,3.66058,8.0,adm1_name
437693,NG-OG,2022,2,Ogun state,6.88901,3.01416,1.0,adm1_name
440151,NG-OG,2022,2,Ogun state,7.15571,3.34509,1.0,adm1_name
440167,NG-KW,2022,2,Kwara state,8.5,4.55,1.0,adm1_name
444370,NG-LA,2022,2,Lagos state,6.431495,2.887913,1.0,adm1_name
444368,NG-LA,2022,2,Lagos state,6.431495,2.887913,1.0,adm1_name
444452,NG-OG,2022,2,Ogun state,7.15571,3.34509,1.0,adm1_name
444460,NG-OG,2022,2,Ogun state,7.15571,3.34509,2.0,adm1_name
444528,NG-KW,2022,2,Kwara state,8.5,4.55,3.0,adm1_name
442345,NG-OG,2022,2,Ogun state,6.8485,3.64633,4.0,adm1_name
442343,NG-OS,2022,2,Osun state,7.766104,4.556521,2.0,adm1_name
443968,NG-KW,2022,2,Kwara state,8.5,4.55,1.0,adm1_name
447359,NG-LA,2022,2,Lagos state,6.596401,3.389368,1.0,adm1_name
447358,NG-LA,2022,2,Lagos state,6.596401,3.389368,1.0,adm1_name
447356,NG-LA,2022,2,Lagos state,6.596401,3.389368,1.0,adm1_name
446513,NG-KW,2022,2,Kwara state,8.5,4.55,0.0,adm1_name
447660,NG-ED,2022,2,Edo state,6.335045,5.627492,2.0,adm1_name
447665,NG-LA,2022,2,Lagos state,6.608319,3.393763,0.0,adm1_name
452739,NG-OS,2022,2,Osun state,7.759634,4.57625,1.0,adm1_name
453503,NG-KW,2022,2,Kwara state,8.5,4.55,1.0,adm1_name
453504,NG-KW,2022,2,Kwara state,8.5,4.55,2.0,adm1_name
457466,NG-LA,2022,2,Lagos state,6.497892,3.382923,1.0,adm1_name
458675,NG-OS,2022,2,Osun state,7.766104,4.556521,1.0,adm1_name
467010,NG-LA,2023,2,Lagos state,6.49666,3.1208,2.0,adm1_name
470262,NG-OG,2023,2,Ogun state,7.15571,3.34509,2.0,adm1_name
470264,NG-OG,2023,2,Ogun state,7.15571,3.34509,1.0,adm1_name
474909,NG-LA,2023,2,Lagos state,6.49666,3.1208,4.0,adm1_name
474478,NG-OG,2023,2,Ogun state,6.701858,3.580506,1.0,adm1_name
474692,NG-KW,2023,2,Kwara state,8.5,4.55,2.0,adm1_name
474689,NG-KW,2023,2,Kwara state,8.5,4.55,1.0,adm1_name
474718,NG-OG,2023,2,Ogun state,6.88436,3.66058,2.0,adm1_name
476383,NG-OG,2023,2,Ogun state,6.8485,3.64633,3.0,adm1_name
480958,NG-OG,2023,2,Ogun state,6.707576,3.242763,1.0,adm1_name
494507,NG-KW,2023,2,Kwara state,8.5,4.55,3.0,adm1_name
494235,NG-OS,2023,2,Osun state,7.62789,4.74161,2.0,adm1_name
494246,NG-OS,2023,2,Osun state,7.62789,4.74161,2.0,adm1_name
494248,NG-OS,2023,2,Osun state,7.62789,4.74161,1.0,adm1_name
494288,NG-OG,2023,2,Ogun state,6.8485,3.64633,16.0,adm1_name
494285,NG-OG,2023,2,Ogun state,6.88436,3.66058,4.0,adm1_name
498718,NG-KW,2023,2,Kwara state,8.5,4.55,3.0,adm1_name
498729,NG-OG,2023,2,Ogun state,6.68414,3.23274,3.0,adm1_name
498907,NG-ED,2023,2,Edo state,6.491994,5.588268,3.0,adm1_name
502570,NG-OG,2023,2,Ogun state,6.8485,3.64633,2.0,adm1_name
502589,NG-OG,2023,2,Ogun state,6.8485,3.64633,3.0,adm1_name
502884,NG-LA,2023,2,Lagos state,6.46841,3.18329,1.0,adm1_name
502890,NG-LA,2023,2,Lagos state,6.49666,3.1208,2.0,adm1_name
507669,NG-ED,2023,2,Edo state,6.335045,5.627492,2.0,adm1_name
511415,NG-OG,2024,2,Ogun state,6.68414,3.23274,2.0,adm1_name
511465,NG-ED,2024,2,Edo state,6.335045,5.627492,3.0,adm1_name
515021,NG-OS,2024,2,Osun state,7.62789,4.74161,3.0,adm1_name
515023,NG-OS,2024,2,Osun state,7.470092,4.678513,3.0,adm1_name
518712,NG-OG,2024,2,Ogun state,7.15571,3.34509,1.0,adm1_name
521734,NG-LA,2024,2,Lagos state,6.453056,3.395833,1.0,adm1_name
521611,NG-OG,2024,2,Ogun state,7.296459,3.520289,2.0,adm1_name
521595,NG-OG,2024,2,Ogun state,7.15571,3.34509,1.0,adm1_name
521621,NG-ED,2024,2,Edo state,7.066667,6.266667,1.0,adm1_name
521717,NG-KW,2024,2,Kwara state,8.43005,4.426,0.0,adm1_name
526106,NG-OG,2024,2,Ogun state,7.15571,3.34509,1.0,adm1_name
526168,NG-OG,2024,2,Ogun state,6.68414,3.23274,3.0,adm1_name
534291,NG-OG,2024,2,Ogun state,6.816093,3.915877,1.0,adm1_name
542177,NG-LA,2024,2,Lagos state,6.453056,3.395833,3.0,adm1_name
534831,NG-OY,2024,2,Oyo state,7.387778,3.896389,1.0,adm1_name
539316,NG-KW,2024,2,Kwara state,8.5,4.55,1.0,adm1_name
539452,NG-OG,2024,2,Ogun state,6.816093,3.915877,1.0,adm1_name
547331,NG-LA,2024,2,Lagos state,6.62641,3.55167,1.0,adm1_name
547256,NG-LA,2024,2,Lagos state,6.617497,3.328208,1.0,adm1_name
547228,NG-OY,2024,2,Oyo state,7.387778,3.896389,2.0,adm1_name
556415,NG-DE,2024,2,Delta state,5.70773,6.43402,2.0,adm1_name
559953,NG-OY,2024,2,Oyo state,7.387778,3.896389,1.0,adm1_name
16850,NG-RI,2002,2,Rivers state,4.777423,7.013404,7.0,adm1_name
15996,NG-CR,2002,2,Cross River state,4.95,8.325,10.0,adm1_name
16198,NG-EB,2003,2,Ebonyi state,6.316249,8.116908,6.0,adm1_name
16197,NG-EB,2004,2,Ebonyi state,6.316249,8.116908,18.0,adm1_name
16230,NG-ED,2005,2,Edo state,6.742063,6.139003,2.0,adm1_name
16239,NG-ED,2005,2,Edo state,7.066667,6.266667,5.0,adm1_name
16292,NG-EN,2005,2,Enugu state,6.5,7.5,10.0,adm1_name
16202,NG-EB,2006,2,Ebonyi state,6.316249,8.116908,2.0,adm1_name
16226,NG-ED,2006,2,Edo state,6.742063,6.139003,4.0,adm1_name
13881,NG-IM,2007,2,Imo state,5.43226,6.98041,4.0,adm1_name
16248,NG-ED,2008,2,Edo state,6.335045,5.627492,0.0,adm1_name
13235,NG-ED,2008,2,Edo state,6.335045,5.627492,0.0,adm1_name
15687,NG-AN,2008,2,Anambra state,6.3277,7.0537,4.0,adm1_name
15689,NG-AN,2008,2,Anambra state,6.1856,7.0575,3.0,adm1_name
306520,NG-FC,2009,2,Federal Capital territory,9.083333,7.533333,3.0,adm1_name
42227,NG-NA,2011,2,Nasarawa state,8.48333,8.51667,1.0,adm1_name
306534,NG-ED,2012,2,Edo state,6.742063,6.139003,2.0,adm1_name
41774,NG-AK,2012,2,Akwa Ibom state,5.0,7.83333,4.0,adm1_name
194277,NG-DE,2015,2,Delta state,5.48986,6.00743,5.0,adm1_name
236054,NG-AK,2016,2,Akwa Ibom state,4.63664,7.95365,4.0,adm1_name
234857,NG-ED,2016,2,Edo state,7.066667,6.266667,2.0,adm1_name
240866,NG-CR,2017,2,Cross River state,5.80865,8.08098,2.0,adm1_name
253912,NG-AN,2017,2,Anambra state,6.21269,7.07199,1.0,adm1_name
253911,NG-AN,2017,2,Anambra state,6.21269,7.07199,1.0,adm1_name
258333,NG-AN,2018,2,Anambra state,6.21269,7.07199,16.0,adm1_name
282503,NG-IM,2019,2,Imo state,5.400818,7.011724,1.0,adm1_name
279609,NG-DE,2019,2,Delta state,5.48986,6.00743,1.0,adm1_name
282338,NG-AN,2019,2,Anambra state,6.09862,6.80809,2.0,adm1_name
305628,NG-AK,2019,2,Akwa Ibom state,4.66485,7.83273,3.0,adm1_name
320148,NG-KO,2019,2,Kogi state,7.493493,7.173171,1.0,adm1_name
320149,NG-KO,2019,2,Kogi state,7.493493,7.173171,1.0,adm1_name
315617,NG-KO,2019,2,Kogi state,7.493493,7.173171,0.0,adm1_name
320150,NG-KO,2019,2,Kogi state,7.493493,7.173171,1.0,adm1_name
320152,NG-KO,2019,2,Kogi state,7.493493,7.173171,2.0,adm1_name
370697,NG-DE,2020,2,Delta state,5.48986,6.00743,6.0,adm1_name
370674,NG-ED,2020,2,Edo state,6.335045,5.627492,3.0,adm1_name
390740,NG-AN,2021,2,Anambra state,6.21269,7.07199,2.0,adm1_name
397019,NG-EN,2021,2,Enugu state,6.4402,7.4943,4.0,adm1_name
401876,NG-AK,2021,2,Akwa Ibom state,4.642144,8.075884,8.0,adm1_name
439092,NG-DE,2022,2,Delta state,6.181348,6.530267,4.0,adm1_name
457479,NG-DE,2022,2,Delta state,6.181348,6.530267,3.0,adm1_name
463611,NG-AN,2023,2,Anambra state,6.15038,6.83042,1.0,adm1_name
482572,NG-ED,2023,2,Edo state,7.066667,6.266667,4.0,adm1_name
515255,NG-DE,2024,2,Delta state,6.181348,6.530267,1.0,adm1_name
518254,NG-AB,2024,2,Abia state,5.830465,7.419008,1.0,adm1_name
518438,NG-DE,2024,2,Delta state,6.181348,6.530267,2.0,adm1_name
518715,NG-AN,2024,2,Anambra state,6.21269,7.07199,2.0,adm1_name
521546,NG-AN,2024,2,Anambra state,6.21269,7.07199,3.0,adm1_name
521550,NG-AN,2024,2,Anambra state,6.21269,7.07199,1.0,adm1_name
526195,NG-BE,2024,2,Benue state,7.5834,8.2055,2.0,adm1_name
568147,NG-AN,2024,2,Anambra state,6.21269,7.07199,1.0,adm1_name
542171,NG-AN,2024,2,Anambra state,6.333333,7.0,2.0,adm1_name
542172,NG-AN,2024,2,Anambra state,6.21269,7.07199,1.0,adm1_name
542173,NG-IM,2024,2,Imo state,5.48333,7.03041,1.0,adm1_name
542180,NG-AN,2024,2,Anambra state,6.333333,7.0,2.0,adm1_name
542095,NG-AN,2024,2,Anambra state,6.21269,7.07199,1.0,adm1_name
539270,NG-DE,2024,2,Delta state,5.48986,6.00743,2.0,adm1_name
539271,NG-DE,2024,2,Delta state,5.48986,6.00743,2.0,adm1_name
549311,NG-AK,2024,2,Akwa Ibom state,4.679139,8.265152,2.0,adm1_name
549320,NG-AN,2024,2,Anambra state,6.17197,7.06736,13.0,adm1_name
568146,NG-AN,2024,2,Anambra state,6.21269,7.07199,1.0,adm1_name
554903,NG-BE,2024,2,Benue state,7.7411,8.5121,1.0,adm1_name
554864,NG-BE,2024,2,Benue state,7.7411,8.5121,1.0,adm1_name
554901,NG-BE,2024,2,Benue state,7.7411,8.5121,3.0,adm1_name
16069,NG-DE,2007,2,Delta state,5.79023,6.10473,4.0,adm1_name
16247,NG-ED,2009,2,Edo state,6.335045,5.627492,15.0,adm1_name
16236,NG-ED,2010,2,Edo state,7.066667,6.266667,3.0,adm1_name
16227,NG-ED,2010,2,Edo state,6.742063,6.139003,0.0,adm1_name
16229,NG-ED,2010,2,Edo state,6.742063,6.139003,11.0,adm1_name
42214,NG-DE,2011,2,Delta state,5.79023,6.10473,1.0,adm1_name
307957,NG-ED,2014,2,Edo state,6.742063,6.139003,1.0,adm1_name
216208,NG-ED,2015,2,Edo state,6.742063,6.139003,25.0,adm1_name
236053,NG-ED,2016,2,Edo state,6.335045,5.627492,5.0,adm1_name
313519,NG-ED,2019,2,Edo state,6.335045,5.627492,1.0,adm1_name
371100,NG-DE,2020,2,Delta state,5.48986,6.00743,1.0,adm1_name
371102,NG-DE,2020,2,Delta state,5.48986,6.00743,1.0,adm1_name
371103,NG-DE,2020,2,Delta state,5.48986,6.00743,1.0,adm1_name
453253,NG-ED,2022,2,Edo state,6.335045,5.627492,1.0,adm1_name
470720,NG-ED,2023,2,Edo state,6.335045,5.627492,1.0,adm1_name
498706,NG-ED,2023,2,Edo state,6.335045,5.627492,1.0,adm1_name
498707,NG-ED,2023,2,Edo state,6.335045,5.627492,2.0,adm1_name
482687,NG-ED,2023,2,Edo state,6.335045,5.627492,1.0,adm1_name
482734,NG-ED,2023,2,Edo state,6.335045,5.627492,1.0,adm1_name
482740,NG-ED,2023,2,Edo state,6.335045,5.627492,2.0,adm1_name
489712,NG-DE,2023,2,Delta state,5.735897,5.935848,1.0,adm1_name
526214,NG-ED,2024,2,Edo state,6.335045,5.627492,3.0,adm1_name
542178,NG-ED,2024,2,Edo state,6.742063,6.139003,2.0,adm1_name
16726,NG-PL,2001,2,Plateau state,9.68333,8.76667,21.0,adm1_name
16815,NG-PL,2002,2,Plateau state,9.68333,8.76667,21.0,adm1_name
62376,NG-PL,2010,2,Plateau state,9.716667,8.85,174.0,adm1_name
62389,NG-PL,2010,2,Plateau state,9.766667,8.8,41.0,adm1_name
62395,NG-PL,2010,2,Plateau state,9.766667,8.8,62.0,adm1_name
62397,NG-PL,2010,2,Plateau state,9.766667,8.8,56.0,adm1_name
62399,NG-PL,2010,2,Plateau state,9.8,8.95,0.0,adm1_name
42232,NG-OY,2011,2,Oyo state,7.387778,3.896389,2.0,adm1_name
42233,NG-OY,2011,2,Oyo state,8.0,4.0,25.0,adm1_name
64496,NG-BO,2013,2,Borno state,11.84644,13.160274,1.0,adm1_name
51493,NG-BO,2013,2,Borno state,11.83022,12.63067,5.0,adm1_name
60731,NG-BO,2013,2,Borno state,11.5221,13.68558,18.0,adm1_name
45628,NG-BO,2013,2,Borno state,13.09771,12.4952,6.0,adm1_name
45625,NG-BO,2013,2,Borno state,12.57852,13.61727,24.0,adm1_name
60739,NG-BO,2013,2,Borno state,11.8072,12.4909,18.0,adm1_name
60773,NG-AD,2013,2,Adamawa state,10.61592,13.3849,4.0,adm1_name
64480,NG-AD,2013,2,Adamawa state,10.26761,13.26436,4.0,adm1_name
64328,NG-BO,2013,2,Borno state,12.37066,14.21731,0.0,adm1_name
61463,NG-BO,2013,2,Borno state,11.58605,13.00278,3.0,adm1_name
64344,NG-BO,2013,2,Borno state,13.375603,13.507019,8.0,adm1_name
64396,NG-BO,2013,2,Borno state,11.84644,13.160274,1.0,adm1_name
128855,NG-BO,2014,2,Borno state,11.925833,13.605556,5.0,adm1_name
142092,NG-BO,2014,2,Borno state,12.28295,14.47243,220.0,adm1_name
143364,NG-BO,2014,2,Borno state,10.83642,12.7705,6.0,adm1_name
143686,NG-BO,2014,2,Borno state,11.58605,13.00278,7.0,adm1_name
143684,NG-BO,2014,2,Borno state,12.42499,13.9373,1.0,adm1_name
143896,NG-BO,2014,2,Borno state,10.74025,13.21742,20.0,adm1_name
143981,NG-BO,2014,2,Borno state,12.37066,14.21731,0.0,adm1_name
164110,NG-BO,2014,2,Borno state,11.15604,12.75758,4.0,adm1_name
201659,NG-BO,2014,2,Borno state,11.103593,13.712982,30.0,adm1_name
144386,NG-AD,2014,2,Adamawa state,10.61592,13.3849,70.0,adm1_name
144540,NG-BO,2014,2,Borno state,11.8826,13.3434,13.0,adm1_name
155592,NG-BO,2014,2,Borno state,10.4331,12.24682,7.0,adm1_name
156252,NG-BO,2014,2,Borno state,11.09826,12.76417,5.0,adm1_name
155905,NG-AD,2014,2,Adamawa state,9.99668,13.21673,75.0,adm1_name
156013,NG-BO,2014,2,Borno state,12.8847,12.5081,15.0,adm1_name
156155,NG-BO,2014,2,Borno state,12.499,12.7848,15.0,adm1_name
198486,NG-AD,2015,2,Adamawa state,9.90663,11.92753,4.0,adm1_name
198496,NG-AD,2015,2,Adamawa state,10.38396,12.82425,3.0,adm1_name
193305,NG-BO,2015,2,Borno state,10.65808,12.1628,36.0,adm1_name
193333,NG-AD,2015,2,Adamawa state,10.4685,12.98571,5.0,adm1_name
236937,NG-BO,2017,2,Borno state,11.84644,13.160274,2.0,adm1_name
237433,NG-BO,2017,2,Borno state,11.869642,13.253906,1.0,adm1_name
237435,NG-BO,2017,2,Borno state,11.869642,13.253906,1.0,adm1_name
237247,NG-BO,2017,2,Borno state,11.925833,13.605556,3.0,adm1_name
237425,NG-BO,2017,2,Borno state,11.84644,13.160274,7.0,adm1_name
237673,NG-BO,2017,2,Borno state,11.84644,13.160274,4.0,adm1_name
237859,NG-BO,2017,2,Borno state,11.84644,13.160274,4.0,adm1_name
237674,NG-BO,2017,2,Borno state,11.84644,13.160274,1.0,adm1_name
239654,NG-BO,2017,2,Borno state,11.656358,13.248506,4.0,adm1_name
239667,NG-BO,2017,2,Borno state,11.76002,13.26606,4.0,adm1_name
244931,NG-BO,2017,2,Borno state,11.65583,13.42133,4.0,adm1_name
239682,NG-BO,2017,2,Borno state,11.857136,13.208858,5.0,adm1_name
238776,NG-BO,2017,2,Borno state,11.691757,13.222078,8.0,adm1_name
239702,NG-BO,2017,2,Borno state,11.05476,12.80919,12.0,adm1_name
239483,NG-BO,2017,2,Borno state,11.755521,13.106469,4.0,adm1_name
239484,NG-BO,2017,2,Borno state,11.84644,13.160274,8.0,adm1_name
239486,NG-BO,2017,2,Borno state,11.755521,13.106469,2.0,adm1_name
239487,NG-BO,2017,2,Borno state,11.84644,13.160274,2.0,adm1_name
239739,NG-BO,2017,2,Borno state,11.76002,13.26606,1.0,adm1_name
239742,NG-BO,2017,2,Borno state,11.58605,13.00278,3.0,adm1_name
239744,NG-BO,2017,2,Borno state,11.042969,12.646934,3.0,adm1_name
241442,NG-BO,2017,2,Borno state,12.337716,14.180516,6.0,adm1_name
244454,NG-BO,2017,2,Borno state,11.691757,13.222078,5.0,adm1_name
254969,NG-BO,2018,2,Borno state,11.869642,13.253906,3.0,adm1_name
268150,NG-BO,2018,2,Borno state,11.84644,13.160274,5.0,adm1_name
256639,NG-BO,2018,2,Borno state,11.65583,13.42133,4.0,adm1_name
256504,NG-BO,2018,2,Borno state,11.65583,13.42133,1.0,adm1_name
258401,NG-BO,2018,2,Borno state,12.459779,13.193997,2.0,adm1_name
263044,NG-AD,2018,2,Adamawa state,10.85219,13.54889,1.0,adm1_name
279401,NG-BO,2019,2,Borno state,11.84644,13.160274,2.0,adm1_name
287548,NG-BO,2019,2,Borno state,11.790977,13.116846,7.0,adm1_name
343493,NG-BO,2020,2,Borno state,11.65583,13.42133,4.0,adm1_name
423832,NG-BO,2021,2,Borno state,11.86447,12.63353,3.0,adm1_name
61440,NG-KD,2013,2,Kaduna state,9.56667,8.5,1.0,adm1_name
61441,NG-KD,2013,2,Kaduna state,9.61232,8.46992,1.0,adm1_name
46053,NG-PL,2013,2,Plateau state,9.56796,8.68476,11.0,adm1_name
46054,NG-PL,2013,2,Plateau state,9.56796,8.68476,12.0,adm1_name
48375,NG-KD,2013,2,Kaduna state,9.56667,8.5,7.0,adm1_name
48376,NG-KD,2013,2,Kaduna state,9.58333,8.5,7.0,adm1_name
48377,NG-KD,2013,2,Kaduna state,9.61667,8.53333,7.0,adm1_name
48367,NG-KD,2013,2,Kaduna state,9.58333,8.5,7.0,adm1_name
48512,NG-KD,2013,2,Kaduna state,9.61667,8.53333,12.0,adm1_name
65509,NG-KD,2013,2,Kaduna state,9.61232,8.46992,2.0,adm1_name
65266,NG-KD,2013,2,Kaduna state,9.61232,8.46992,10.0,adm1_name
128906,NG-PL,2014,2,Plateau state,9.58407,8.6007,0.0,adm1_name
188443,NG-KD,2015,2,Kaduna state,9.61667,8.53333,1.0,adm1_name
237290,NG-KD,2017,2,Kaduna state,9.61232,8.46992,19.0,adm1_name
300033,NG-KD,2019,2,Kaduna state,9.61232,8.46992,5.0,adm1_name
300238,NG-PL,2019,2,Plateau state,9.58407,8.6007,8.0,adm1_name
332233,NG-KD,2020,2,Kaduna state,9.61667,8.53333,2.0,adm1_name
385881,NG-KD,2020,2,Kaduna state,9.61667,8.53333,3.0,adm1_name
385882,NG-KD,2020,2,Kaduna state,9.61667,8.53333,1.0,adm1_name
45963,NG-TA,2013,2,Taraba state,7.85,9.783333,31.0,adm1_name
48472,NG-TA,2013,2,Taraba state,7.85,9.783333,39.0,adm1_name
140656,NG-TA,2014,2,Taraba state,7.85,9.783333,15.0,adm1_name
51436,NG-NA,2013,2,Nasarawa state,7.9308,8.305,40.0,adm1_name
65439,NG-BE,2013,2,Benue state,7.7411,8.5121,2.0,adm1_name
236121,NG-BE,2013,2,Benue state,7.5834,8.2055,1.0,adm1_name
236123,NG-BE,2013,2,Benue state,7.63211,8.21656,1.0,adm1_name
48485,NG-BE,2013,2,Benue state,7.940585,7.799793,38.0,adm1_name
48486,NG-BE,2013,2,Benue state,7.9061,7.85487,7.0,adm1_name
65480,NG-BE,2013,2,Benue state,7.9061,7.85487,8.0,adm1_name
65540,NG-BE,2013,2,Benue state,7.7248,7.85927,4.0,adm1_name
65541,NG-BE,2013,2,Benue state,7.9061,7.85487,9.0,adm1_name
65544,NG-BE,2013,2,Benue state,7.333333,8.75,20.0,adm1_name
65552,NG-BE,2013,2,Benue state,7.9919,7.6557,3.0,adm1_name
65561,NG-BE,2013,2,Benue state,7.856119,7.942503,2.0,adm1_name
61450,NG-BE,2013,2,Benue state,7.9061,7.85487,30.0,adm1_name
100493,NG-BE,2013,2,Benue state,7.9411,7.7622,4.0,adm1_name
100494,NG-BE,2013,2,Benue state,7.8677,8.0949,3.0,adm1_name
62219,NG-BE,2013,2,Benue state,7.9061,7.85487,6.0,adm1_name
128867,NG-BE,2014,2,Benue state,7.96685,7.8239,4.0,adm1_name
128868,NG-BE,2014,2,Benue state,7.9061,7.85487,3.0,adm1_name
140649,NG-BE,2014,2,Benue state,7.886747,7.913429,0.0,adm1_name
190731,NG-BE,2015,2,Benue state,7.9061,7.85487,0.0,adm1_name
193292,NG-BE,2015,2,Benue state,7.9061,7.85487,0.0,adm1_name
193592,NG-NA,2015,2,Nasarawa state,7.99895,7.84062,2.0,adm1_name
193586,NG-BE,2015,2,Benue state,7.879744,7.959716,82.0,adm1_name
193676,NG-KO,2015,2,Kogi state,7.44848,7.63174,2.0,adm1_name
216236,NG-BE,2015,2,Benue state,7.879744,7.959716,81.0,adm1_name
216676,NG-NA,2015,2,Nasarawa state,8.26937,7.59744,1.0,adm1_name
218816,NG-NA,2016,2,Nasarawa state,8.2502,7.19827,2.0,adm1_name
231612,NG-NA,2016,2,Nasarawa state,8.26937,7.59744,30.0,adm1_name
236108,NG-BE,2016,2,Benue state,7.872,8.00833,3.0,adm1_name
235968,NG-BE,2016,2,Benue state,7.9061,7.85487,10.0,adm1_name
218899,NG-BE,2016,2,Benue state,7.8677,8.0949,2.0,adm1_name
218900,NG-BE,2016,2,Benue state,7.955671,7.964322,2.0,adm1_name
218901,NG-BE,2016,2,Benue state,7.966016,7.823497,2.0,adm1_name
218914,NG-BE,2016,2,Benue state,7.8677,8.0949,17.0,adm1_name
218915,NG-BE,2016,2,Benue state,7.65321,7.8841,17.0,adm1_name
218916,NG-BE,2016,2,Benue state,7.87311,8.04485,17.0,adm1_name
218917,NG-BE,2016,2,Benue state,7.89777,8.1134,17.0,adm1_name
218918,NG-BE,2016,2,Benue state,7.86896,8.06156,16.0,adm1_name
218919,NG-BE,2016,2,Benue state,7.872,8.00833,16.0,adm1_name
235975,NG-BE,2016,2,Benue state,7.886747,7.913429,3.0,adm1_name
237244,NG-BE,2017,2,Benue state,7.242532,7.843158,15.0,adm1_name
255048,NG-BE,2018,2,Benue state,7.9061,7.85487,2.0,adm1_name
255950,NG-BE,2018,2,Benue state,7.8677,8.0949,2.0,adm1_name
279503,NG-BE,2019,2,Benue state,7.982037,7.833218,17.0,adm1_name
430554,NG-BE,2022,2,Benue state,7.9061,7.85487,0.0,adm1_name
501069,NG-BE,2023,2,Benue state,7.768717,7.950988,2.0,adm1_name
470228,NG-BE,2023,2,Benue state,7.742912,7.923417,2.0,adm1_name
511417,NG-BE,2024,2,Benue state,7.9061,7.85487,2.0,adm1_name
511473,NG-BE,2024,2,Benue state,7.8677,8.0949,2.0,adm1_name
511570,NG-BE,2024,2,Benue state,7.9919,7.6557,8.0,adm1_name
510342,NG-BE,2024,2,Benue state,7.9061,7.85487,15.0,adm1_name
518444,NG-BE,2024,2,Benue state,7.608969,7.931,15.0,adm1_name
524898,NG-BE,2024,2,Benue state,7.768717,7.950988,7.0,adm1_name
524899,NG-BE,2024,2,Benue state,7.768717,7.950988,6.0,adm1_name
536012,NG-BE,2024,2,Benue state,7.856119,7.942503,12.0,adm1_name
548061,NG-BE,2024,2,Benue state,7.9061,7.85487,1.0,adm1_name
539946,NG-BE,2024,2,Benue state,7.889144,7.715924,5.0,adm1_name
545310,NG-BE,2024,2,Benue state,7.856119,7.942503,4.0,adm1_name
65186,NG-BE,2013,2,Benue state,7.30736,8.07494,3.0,adm1_name
51438,NG-BE,2013,2,Benue state,6.90555,7.78962,1.0,adm1_name
240887,NG-BE,2017,2,Benue state,7.08515,7.91751,5.0,adm1_name
253899,NG-BE,2018,2,Benue state,7.01094,7.85102,1.0,adm1_name
441123,NG-BE,2022,2,Benue state,7.114674,7.817893,15.0,adm1_name
474389,NG-BE,2023,2,Benue state,7.519966,7.977031,3.0,adm1_name
474395,NG-BE,2023,2,Benue state,7.519966,7.977031,51.0,adm1_name
514985,NG-BE,2024,2,Benue state,7.453699,7.978458,10.0,adm1_name
515035,NG-BE,2024,2,Benue state,7.519966,7.977031,2.0,adm1_name
518431,NG-BE,2024,2,Benue state,7.474899,8.016634,2.0,adm1_name
521555,NG-BE,2024,2,Benue state,7.519966,7.977031,2.0,adm1_name
521613,NG-BE,2024,2,Benue state,7.453699,7.978458,3.0,adm1_name
65150,NG-NA,2013,2,Nasarawa state,8.20323,8.30466,6.0,adm1_name
65190,NG-NA,2013,2,Nasarawa state,8.43333,8.21667,2.0,adm1_name
65192,NG-NA,2013,2,Nasarawa state,8.74947,8.44035,0.0,adm1_name
64796,NG-NA,2013,2,Nasarawa state,8.34738,8.72769,1.0,adm1_name
163991,NG-NA,2014,2,Nasarawa state,8.64007,8.69959,2.0,adm1_name
163992,NG-NA,2014,2,Nasarawa state,8.71667,8.83333,2.0,adm1_name
163982,NG-NA,2014,2,Nasarawa state,8.71667,8.83333,17.0,adm1_name
163990,NG-NA,2014,2,Nasarawa state,8.71667,8.83333,17.0,adm1_name
144186,NG-NA,2014,2,Nasarawa state,8.6,8.85,15.0,adm1_name
144187,NG-NA,2014,2,Nasarawa state,8.64007,8.69959,15.0,adm1_name
144188,NG-NA,2014,2,Nasarawa state,8.45,8.53333,2.0,adm1_name
144191,NG-NA,2014,2,Nasarawa state,8.34738,8.72769,0.0,adm1_name
163993,NG-NA,2014,2,Nasarawa state,8.74947,8.44035,45.0,adm1_name
163994,NG-NA,2014,2,Nasarawa state,8.55,8.73333,6.0,adm1_name
163997,NG-NA,2014,2,Nasarawa state,8.34738,8.72769,1.0,adm1_name
144634,NG-NA,2014,2,Nasarawa state,8.64007,8.69959,15.0,adm1_name
163999,NG-NA,2014,2,Nasarawa state,8.57833,8.668333,3.0,adm1_name
164000,NG-NA,2014,2,Nasarawa state,8.74947,8.44035,3.0,adm1_name
155664,NG-NA,2014,2,Nasarawa state,8.64007,8.69959,0.0,adm1_name
155663,NG-NA,2014,2,Nasarawa state,8.64007,8.69959,0.0,adm1_name
164001,NG-NA,2014,2,Nasarawa state,8.64007,8.69959,32.0,adm1_name
164017,NG-NA,2014,2,Nasarawa state,8.64007,8.69959,15.0,adm1_name
164019,NG-NA,2014,2,Nasarawa state,8.578333,8.668333,12.0,adm1_name
163984,NG-NA,2014,2,Nasarawa state,8.64007,8.69959,0.0,adm1_name
163985,NG-NA,2014,2,Nasarawa state,8.578333,8.668333,0.0,adm1_name
164012,NG-NA,2014,2,Nasarawa state,8.56667,8.55,0.0,adm1_name
164026,NG-NA,2014,2,Nasarawa state,8.16746,8.76829,0.0,adm1_name
164027,NG-NA,2014,2,Nasarawa state,8.20323,8.30466,0.0,adm1_name
236002,NG-NA,2016,2,Nasarawa state,8.85559,8.06111,1.0,adm1_name
348725,NG-NA,2020,2,Nasarawa state,8.8627,8.346387,1.0,adm1_name
65326,NG-TA,2013,2,Taraba state,7.41158,10.04478,6.0,adm1_name
216486,NG-TA,2015,2,Taraba state,8.0,10.5,5.0,adm1_name
216482,NG-TA,2015,2,Taraba state,7.171747,10.073664,30.0,adm1_name
216480,NG-TA,2015,2,Taraba state,7.266667,9.983333,29.0,adm1_name
65376,NG-CR,2012,2,Cross River state,5.18502,8.13314,41.0,adm1_name
140650,NG-TA,2014,2,Taraba state,7.85,9.783333,9.0,adm1_name
140671,NG-TA,2014,2,Taraba state,8.0,10.5,0.0,adm1_name
144184,NG-TA,2014,2,Taraba state,7.85,9.783333,13.0,adm1_name
144538,NG-TA,2014,2,Taraba state,7.91667,10.06667,21.0,adm1_name
155603,NG-TA,2014,2,Taraba state,7.910337,9.601728,27.0,adm1_name
162674,NG-TA,2014,2,Taraba state,7.10154,10.76534,4.0,adm1_name
162679,NG-TA,2014,2,Taraba state,7.96327,9.84767,3.0,adm1_name
216261,NG-TA,2015,2,Taraba state,7.85,9.783333,27.0,adm1_name
195739,NG-TA,2015,2,Taraba state,7.910337,9.601728,0.0,adm1_name
287344,NG-TA,2019,2,Taraba state,8.90904,11.39312,0.0,adm1_name
287898,NG-TA,2019,2,Taraba state,8.80359,11.16707,0.0,adm1_name
287351,NG-TA,2019,2,Taraba state,8.96059,11.2595,5.0,adm1_name
286755,NG-TA,2019,2,Taraba state,8.88333,11.36667,6.0,adm1_name
290321,NG-TA,2019,2,Taraba state,8.80359,11.16707,1.0,adm1_name
142966,NG-KW,2014,2,Kwara state,8.488361,4.534081,5.0,adm1_name
144034,NG-OS,2014,2,Osun state,7.62789,4.74161,2.0,adm1_name
190695,NG-KN,2015,2,Kano state,11.994354,8.513807,1.0,adm1_name
193379,NG-KN,2015,2,Kano state,11.88333,8.68333,4.0,adm1_name
193380,NG-LA,2015,2,Lagos state,6.453056,3.395833,2.0,adm1_name
193489,NG-KD,2015,2,Kaduna state,9.51667,8.18333,3.0,adm1_name
193700,NG-RI,2015,2,Rivers state,5.3435,6.65321,2.0,adm1_name
193711,NG-RI,2015,2,Rivers state,4.75,6.833333,3.0,adm1_name
193721,NG-OS,2015,2,Osun state,7.91283,4.66741,1.0,adm1_name
193722,NG-RI,2015,2,Rivers state,4.72798,7.30145,1.0,adm1_name
194268,NG-TA,2015,2,Taraba state,8.80359,11.16707,8.0,adm1_name
194269,NG-TA,2015,2,Taraba state,6.87463,11.21184,1.0,adm1_name
194270,NG-KD,2015,2,Kaduna state,10.41403,8.68279,6.0,adm1_name
207460,NG-TA,2015,2,Taraba state,7.85,9.783333,7.0,adm1_name
218818,NG-BY,2016,2,Bayelsa state,4.64306,6.08056,6.0,adm1_name
233678,NG-NI,2016,2,Niger state,10.0,6.0,3.0,adm1_name
218956,NG-RI,2016,2,Rivers state,4.73407,6.86345,1.0,adm1_name
226129,NG-RI,2016,2,Rivers state,4.73407,6.86345,1.0,adm1_name
226473,NG-BY,2016,2,Bayelsa state,4.533333,6.416667,2.0,adm1_name
241464,NG-BE,2017,2,Benue state,7.34815,8.0447,4.0,adm1_name
249568,NG-BE,2017,2,Benue state,7.34815,8.0447,0.0,adm1_name
277051,NG-BY,2019,2,Bayelsa state,5.147215,6.211274,1.0,adm1_name
279311,NG-KD,2019,2,,10.0,8.0,3.0,point_in_polygon
279309,NG-DE,2019,2,Delta state,5.5167,5.75,5.0,adm1_name
279463,NG-CR,2019,2,Cross River state,5.85894,8.79164,5.0,adm1_name
279583,NG-EB,2019,2,Ebonyi state,6.05316,8.16284,2.0,adm1_name
279568,NG-KN,2019,2,Kano state,11.554003,8.264631,2.0,adm1_name
282455,NG-BY,2019,2,Bayelsa state,4.539402,6.400344,1.0,adm1_name
282368,NG-TA,2019,2,Taraba state,8.88333,11.36667,6.0,adm1_name
282336,NG-ON,2019,2,Ondo state,6.785236,4.727327,4.0,adm1_name
282255,NG-OY,2019,2,Oyo state,7.35069,3.86551,2.0,adm1_name
313216,NG-KO,2019,2,Kogi state,7.493493,7.173171,0.0,adm1_name
319077,NG-BY,2019,2,Bayelsa state,4.539402,6.400344,0.0,adm1_name
319156,NG-KO,2019,2,Kogi state,7.30283,7.03817,1.0,adm1_name
328539,NG-OY,2020,2,Oyo state,8.13333,4.26667,1.0,adm1_name
402418,NG-EB,2020,2,Ebonyi state,6.25,8.08333,2.0,adm1_name
452740,NG-ZA,2022,2,Zamfara state,11.875554,6.619844,1.0,adm1_name
456827,NG-BO,2022,2,Borno state,11.84644,13.160274,0.0,adm1_name
459544,NG-OY,2022,2,Oyo state,7.85257,3.93125,0.0,adm1_name
466533,NG-JI,2023,2,Jigawa state,12.725354,9.585883,1.0,adm1_name
466880,NG-OS,2023,2,Osun state,7.68156,4.813949,0.0,adm1_name
470012,NG-BA,2023,2,Bauchi state,9.88979,10.48004,1.0,adm1_name
470145,NG-OY,2023,2,Oyo state,7.33437,3.90359,3.0,adm1_name
474386,NG-RI,2023,2,Rivers state,4.777423,7.013404,1.0,adm1_name
140722,NG-NA,2014,2,Nasarawa state,8.74947,8.44035,50.0,adm1_name
163988,NG-NA,2014,2,Nasarawa state,8.48333,8.51667,3.0,adm1_name
163989,NG-NA,2014,2,Nasarawa state,8.34738,8.72769,4.0,adm1_name
428980,NG-AN,2021,1,Anambra state,5.887071,6.95312,2.0,adm1_name
390581,NG-AB,2021,1,Abia state,5.106576,7.366667,0.0,adm1_name
395387,NG-AK,2021,1,Akwa Ibom state,5.106838,7.645326,3.0,adm1_name
415804,NG-IM,2021,1,Imo state,5.48333,7.03041,3.0,adm1_name
395382,NG-AK,2021,1,Akwa Ibom state,5.106838,7.645326,3.0,adm1_name
396856,NG-IM,2021,1,Imo state,5.691293,6.934317,11.0,adm1_name
396858,NG-IM,2021,1,Imo state,5.7569,6.94613,4.0,adm1_name
396861,NG-RI,2021,1,,5.153989,6.847268,5.0,point_in_polygon
396927,NG-RI,2021,1,Rivers state,4.853889,6.647862,4.0,adm1_name
397103,NG-AK,2021,1,Akwa Ibom state,5.309686,7.71987,2.0,adm1_name
400962,NG-EB,2021,1,Ebonyi state,6.041641,7.770475,0.0,adm1_name
400959,NG-AN,2021,1,Anambra state,6.09862,6.80809,0.0,adm1_name
401029,NG-IM,2021,1,Imo state,5.797661,7.036648,12.0,adm1_name
401046,NG-AK,2021,1,Akwa Ibom state,5.356633,7.751177,6.0,adm1_name
401491,NG-AK,2021,1,Akwa Ibom state,5.132301,7.715647,2.0,adm1_name
401679,NG-AK,2021,1,Akwa Ibom state,5.00485,7.61028,0.0,adm1_name
401850,NG-DE,2021,1,Delta state,6.014069,6.445016,0.0,adm1_name
402075,NG-AB,2021,1,Abia state,5.473852,7.436218,0.0,adm1_name
402346,NG-AN,2021,1,Anambra state,6.21269,7.07199,2.0,adm1_name
405078,NG-EB,2021,1,Ebonyi state,5.915296,7.883285,2.0,adm1_name
402463,NG-RI,2021,1,Rivers state,4.819748,7.141322,7.0,adm1_name
402464,NG-AN,2021,1,Anambra state,5.853805,6.859942,0.0,adm1_name
402602,NG-IM,2021,1,Imo state,5.48333,7.03041,1.0,adm1_name
402603,NG-IM,2021,1,Imo state,5.468805,7.197301,10.0,adm1_name
417173,NG-EN,2021,1,Enugu state,6.4402,7.4943,1.0,adm1_name
404638,NG-IM,2021,1,Imo state,5.48333,7.03041,5.0,adm1_name
413610,NG-EN,2021,1,Enugu state,6.733963,7.009526,2.0,adm1_name
417289,NG-IM,2021,1,Imo state,5.8,6.983333,0.0,adm1_name
410604,NG-IM,2021,1,Imo state,5.705874,7.003619,0.0,adm1_name
413776,NG-AN,2021,1,Anambra state,6.242364,6.939715,6.0,adm1_name
416049,NG-EB,2021,1,Ebonyi state,6.087659,7.809668,0.0,adm1_name
413818,NG-EN,2021,1,Enugu state,6.5,7.5,6.0,adm1_name
413842,NG-IM,2021,1,Imo state,5.634815,6.85941,5.0,adm1_name
414100,NG-IM,2021,1,Imo state,5.40237,6.82451,0.0,adm1_name
416987,NG-IM,2021,1,Imo state,5.797661,7.036648,3.0,adm1_name
416104,NG-AN,2021,1,Anambra state,5.887071,6.95312,3.0,adm1_name
416942,NG-IM,2021,1,Imo state,5.849072,6.961429,0.0,adm1_name
416985,NG-EB,2021,1,Ebonyi state,6.060361,7.878007,2.0,adm1_name
416577,NG-AN,2021,1,Anambra state,6.14543,6.788452,0.0,adm1_name
420627,NG-AB,2021,1,Abia state,5.394072,7.904714,3.0,adm1_name
420642,NG-EB,2021,1,Ebonyi state,5.865983,7.945669,4.0,adm1_name
420118,NG-AN,2021,1,Anambra state,6.023398,7.082162,2.0,adm1_name
420103,NG-AN,2021,1,Anambra state,6.048851,6.948648,5.0,adm1_name
423314,NG-IM,2021,1,Imo state,5.691293,6.934317,1.0,adm1_name
423313,NG-IM,2021,1,Imo state,5.889605,7.163152,0.0,adm1_name
423353,NG-AN,2021,1,Anambra state,6.333333,7.0,2.0,adm1_name
426268,NG-IM,2021,1,Imo state,5.807182,7.038857,0.0,adm1_name
437234,NG-AN,2022,1,Anambra state,5.887071,6.95312,2.0,adm1_name
437246,NG-IM,2022,1,Imo state,5.505952,7.325424,1.0,adm1_name
430542,NG-IM,2022,1,Imo state,5.725983,6.913894,2.0,adm1_name
430571,NG-IM,2022,1,Imo state,5.712997,7.003481,1.0,adm1_name
432670,NG-AN,2022,1,Anambra state,5.853805,6.859942,6.0,adm1_name
430640,NG-EN,2022,1,Enugu state,6.4402,7.4943,0.0,adm1_name
430760,NG-IM,2022,1,Imo state,5.688256,7.056476,2.0,adm1_name
430770,NG-AN,2022,1,Anambra state,6.333333,7.0,2.0,adm1_name
430795,NG-AN,2022,1,Anambra state,5.88329,6.899934,0.0,adm1_name
437309,NG-AN,2022,1,Anambra state,5.846835,6.859183,1.0,adm1_name
434791,NG-IM,2022,1,Imo state,5.467943,6.96588,2.0,adm1_name
434792,NG-IM,2022,1,Imo state,5.7569,6.94613,4.0,adm1_name
439075,NG-AN,2022,1,Anambra state,5.94211,6.92931,0.0,adm1_name
436750,NG-AN,2022,1,Anambra state,5.990815,7.081236,0.0,adm1_name
436751,NG-AN,2022,1,Anambra state,5.912741,6.750691,0.0,adm1_name
436350,NG-IM,2022,1,Imo state,5.642832,7.379118,1.0,adm1_name
436428,NG-IM,2022,1,Imo state,5.797661,7.036648,4.0,adm1_name
440154,NG-IM,2022,1,Imo state,5.797661,7.036648,2.0,adm1_name
438519,NG-IM,2022,1,Imo state,5.5,7.166667,2.0,adm1_name
436653,NG-AN,2022,1,Anambra state,5.95753,6.85305,0.0,adm1_name
438539,NG-IM,2022,1,Imo state,5.558244,6.88788,2.0,adm1_name
440272,NG-AB,2022,1,Abia state,5.10636,7.33232,0.0,adm1_name
438815,NG-IM,2022,1,Imo state,5.807182,7.038857,4.0,adm1_name
444406,NG-AN,2022,1,Anambra state,5.962155,7.238318,2.0,adm1_name
444407,NG-AN,2022,1,Anambra state,6.139845,6.901805,0.0,adm1_name
444419,NG-IM,2022,1,Imo state,5.8,6.983333,2.0,adm1_name
444422,NG-DE,2022,1,Delta state,5.77323,6.39223,0.0,adm1_name
438835,NG-IM,2022,1,Imo state,5.889183,6.987064,0.0,adm1_name
442180,NG-EB,2022,1,Ebonyi state,6.206142,8.034743,1.0,adm1_name
444049,NG-DE,2022,1,Delta state,6.421877,6.649113,1.0,adm1_name
446468,NG-IM,2022,1,Imo state,5.558244,6.88788,4.0,adm1_name
447603,NG-EN,2022,1,Enugu state,6.943161,7.459145,1.0,adm1_name
447657,NG-IM,2022,1,Imo state,5.634815,6.85941,5.0,adm1_name
450339,NG-AN,2022,1,Anambra state,5.846835,6.859183,2.0,adm1_name
447674,NG-IM,2022,1,Imo state,5.849072,6.961429,2.0,adm1_name
449655,NG-IM,2022,1,Imo state,5.849072,6.961429,3.0,adm1_name
452680,NG-EN,2022,1,Enugu state,6.112512,7.298923,0.0,adm1_name
453455,NG-IM,2022,1,Imo state,5.807182,7.038857,0.0,adm1_name
456825,NG-AB,2022,1,Abia state,5.67332,7.869261,10.0,adm1_name
456953,NG-AB,2022,1,Abia state,5.67332,7.869261,2.0,adm1_name
457030,NG-EN,2022,1,Enugu state,6.30416,7.562663,3.0,adm1_name
458155,NG-IM,2022,1,Imo state,5.527505,7.063871,1.0,adm1_name
458156,NG-IM,2022,1,Imo state,5.557823,7.013717,1.0,adm1_name
458159,NG-EN,2022,1,Enugu state,6.4402,7.4943,1.0,adm1_name
458207,NG-EB,2022,1,Ebonyi state,6.23278,7.760458,2.0,adm1_name
458189,NG-IM,2022,1,Imo state,5.48333,7.03041,0.0,adm1_name
459386,NG-EB,2022,1,Ebonyi state,6.598589,7.812847,2.0,adm1_name
463600,NG-IM,2023,1,Imo state,5.589976,7.021238,5.0,adm1_name
462926,NG-AN,2023,1,Anambra state,6.333333,7.0,0.0,adm1_name
499976,NG-EN,2023,1,Enugu state,6.5,7.5,0.0,adm1_name
499977,NG-AB,2023,1,Abia state,5.41667,7.5,0.0,adm1_name
463654,NG-IM,2023,1,Imo state,5.541246,7.268526,1.0,adm1_name
463201,NG-IM,2023,1,Imo state,5.642832,7.379118,1.0,adm1_name
466525,NG-IM,2023,1,Imo state,5.889183,6.987064,1.0,adm1_name
466242,NG-AN,2023,1,Anambra state,5.846835,6.859183,3.0,adm1_name
466215,NG-IM,2023,1,Imo state,5.838015,7.321857,1.0,adm1_name
465909,NG-AN,2023,1,Anambra state,6.207179,6.843753,9.0,adm1_name
466216,NG-AN,2023,1,Anambra state,6.1767,6.86187,4.0,adm1_name
466217,NG-AN,2023,1,Anambra state,6.1267,6.77736,4.0,adm1_name
466218,NG-AN,2023,1,Anambra state,5.846835,6.859183,2.0,adm1_name
466243,NG-AN,2023,1,Anambra state,6.24558,6.822647,5.0,adm1_name
465913,NG-AN,2023,1,Anambra state,6.09862,6.80809,7.0,adm1_name
465933,NG-EN,2023,1,Enugu state,6.52699,7.54014,6.0,adm1_name
466778,NG-EN,2023,1,Enugu state,6.52699,7.54014,1.0,adm1_name
466813,NG-DE,2023,1,Delta state,6.200643,6.733845,0.0,adm1_name
469571,NG-AN,2023,1,,5.94,6.93,15.0,point_in_polygon
474060,NG-IM,2023,1,Imo state,5.43361,7.256888,3.0,adm1_name
474363,NG-IM,2023,1,Imo state,5.911207,7.110473,1.0,adm1_name
474061,NG-IM,2023,1,Imo state,5.32019,7.158884,3.0,adm1_name
475909,NG-EB,2023,1,Ebonyi state,5.884264,7.623303,0.0,adm1_name
475888,NG-AN,2023,1,Anambra state,5.922746,7.012015,5.0,adm1_name
475890,NG-AN,2023,1,Anambra state,6.1767,6.86187,2.0,adm1_name
476842,NG-AB,2023,1,Abia state,5.106576,7.366667,0.0,adm1_name
475879,NG-IM,2023,1,Imo state,5.721291,6.946359,0.0,adm1_name
476457,NG-IM,2023,1,Imo state,5.312385,7.258133,2.0,adm1_name
482558,NG-EN,2023,1,Enugu state,6.389583,7.475833,4.0,adm1_name
483965,NG-EB,2023,1,Ebonyi state,6.034189,7.820857,2.0,adm1_name
482382,NG-DE,2023,1,Delta state,6.200643,6.733845,2.0,adm1_name
483206,NG-DE,2023,1,Delta state,6.23712,6.64743,0.0,adm1_name
483820,NG-IM,2023,1,Imo state,5.797661,7.036648,1.0,adm1_name
482387,NG-AN,2023,1,Anambra state,6.419516,6.790624,1.0,adm1_name
489450,NG-EN,2023,1,Enugu state,7.000175,7.436426,3.0,adm1_name
489773,NG-IM,2023,1,Imo state,5.626474,6.956992,1.0,adm1_name
493059,NG-EN,2023,1,Enugu state,6.533333,7.533333,0.0,adm1_name
494544,NG-EB,2023,1,Ebonyi state,6.098992,7.841334,1.0,adm1_name
494290,NG-AB,2023,1,Abia state,5.5191,7.7634,3.0,adm1_name
494296,NG-EN,2023,1,Enugu state,6.108348,7.486175,3.0,adm1_name
493056,NG-IM,2023,1,Imo state,5.678345,7.292126,0.0,adm1_name
494442,NG-AN,2023,1,Anambra state,5.952285,6.96666,1.0,adm1_name
494443,NG-IM,2023,1,Imo state,5.856445,7.371164,1.0,adm1_name
494548,NG-IM,2023,1,Imo state,5.856445,7.371164,1.0,adm1_name
499299,NG-IM,2023,1,Imo state,5.861326,7.319319,1.0,adm1_name
499300,NG-AB,2023,1,Abia state,5.900871,7.339156,0.0,adm1_name
498831,NG-IM,2023,1,Imo state,5.838015,7.321857,1.0,adm1_name
498913,NG-AN,2023,1,Anambra state,5.87205,6.935071,2.0,adm1_name
501765,NG-EB,2023,1,Ebonyi state,6.324871,8.107588,2.0,adm1_name
501766,NG-IM,2023,1,Imo state,5.532921,7.282635,3.0,adm1_name
506999,NG-IM,2023,1,Imo state,5.43361,7.256888,1.0,adm1_name
507048,NG-AN,2023,1,Anambra state,5.87205,6.935071,1.0,adm1_name
511416,NG-AN,2024,1,Anambra state,6.333333,7.0,3.0,adm1_name
513936,NG-IM,2024,1,Imo state,5.820571,7.33688,1.0,adm1_name
515258,NG-IM,2024,1,Imo state,5.669261,6.799903,7.0,adm1_name
515379,NG-IM,2024,1,Imo state,5.849072,6.961429,1.0,adm1_name
518724,NG-IM,2024,1,Imo state,5.669261,6.799903,6.0,adm1_name
518725,NG-EN,2024,1,Enugu state,6.061552,7.591369,6.0,adm1_name
518148,NG-IM,2024,1,Imo state,5.595238,6.923948,5.0,adm1_name
517934,NG-IM,2024,1,Imo state,5.875415,6.942888,20.0,adm1_name
518163,NG-EB,2024,1,Ebonyi state,6.324871,8.107588,7.0,adm1_name
514825,NG-DE,2024,1,Delta state,6.37397,6.56411,2.0,adm1_name
517984,NG-IM,2024,1,Imo state,5.849072,6.961429,1.0,adm1_name
518006,NG-EB,2024,1,Ebonyi state,6.435862,8.277314,1.0,adm1_name
518465,NG-IM,2024,1,Imo state,5.838015,7.321857,2.0,adm1_name
518709,NG-EN,2024,1,Enugu state,6.390685,7.476005,2.0,adm1_name
520898,NG-AN,2024,1,Anambra state,5.853805,6.859942,1.0,adm1_name
521387,NG-IM,2024,1,Imo state,5.849072,6.961429,1.0,adm1_name
526020,NG-EN,2024,1,Enugu state,6.72005,6.94859,0.0,adm1_name
521390,NG-IM,2024,1,Imo state,5.849072,6.961429,1.0,adm1_name
524902,NG-IM,2024,1,Imo state,5.849072,6.961429,3.0,adm1_name
526031,NG-EN,2024,1,Enugu state,6.4402,7.4943,2.0,adm1_name
524903,NG-AB,2024,1,Abia state,5.106576,7.366667,3.0,adm1_name
531030,NG-AN,2024,1,Anambra state,5.846835,6.859183,3.0,adm1_name
524904,NG-AB,2024,1,Abia state,5.106576,7.366667,11.0,adm1_name
531032,NG-AB,2024,1,Abia state,5.65835,7.76939,2.0,adm1_name
531033,NG-IM,2024,1,Imo state,5.84242,6.981596,1.0,adm1_name
529312,NG-AB,2024,1,Abia state,5.492247,7.793158,6.0,adm1_name
529314,NG-IM,2024,1,Imo state,5.56795,7.15338,3.0,adm1_name
530344,NG-IM,2024,1,Imo state,5.55,7.083333,3.0,adm1_name
530376,NG-EN,2024,1,Enugu state,6.68151,7.41959,2.0,adm1_name
530473,NG-AB,2024,1,Abia state,5.492247,7.793158,2.0,adm1_name
530480,NG-AN,2024,1,Anambra state,6.01986,6.91478,0.0,adm1_name
546790,NG-EN,2024,1,Enugu state,6.168366,7.280839,0.0,adm1_name
546791,NG-EN,2024,1,Enugu state,6.061552,7.591369,0.0,adm1_name
534424,NG-AB,2024,1,Abia state,5.962447,7.404445,0.0,adm1_name
530951,NG-EB,2024,1,Ebonyi state,5.884264,7.623303,5.0,adm1_name
531010,NG-IM,2024,1,Imo state,5.790665,7.227157,1.0,adm1_name
536065,NG-IM,2024,1,Imo state,5.617669,6.956947,5.0,adm1_name
538268,NG-EN,2024,1,Enugu state,6.5,7.5,2.0,adm1_name
546848,NG-AN,2024,1,Anambra state,5.952285,6.96666,1.0,adm1_name
542656,NG-IM,2024,1,Imo state,5.679698,7.173498,2.0,adm1_name
542678,NG-IM,2024,1,Imo state,5.55058,7.390769,0.0,adm1_name
539459,NG-AN,2024,1,Anambra state,6.07201,6.829892,1.0,adm1_name
543120,NG-IM,2024,1,Imo state,5.670128,7.014557,3.0,adm1_name
543121,NG-AN,2024,1,Anambra state,5.962155,7.238318,2.0,adm1_name
545201,NG-AN,2024,1,Anambra state,6.01798,7.02027,0.0,adm1_name
545330,NG-IM,2024,1,Imo state,5.632376,6.974612,1.0,adm1_name
551635,NG-AB,2024,1,Abia state,5.492247,7.793158,8.0,adm1_name
551636,NG-CR,2024,1,Cross River state,5.9429,8.37883,8.0,adm1_name
551289,NG-IM,2024,1,Imo state,5.84242,6.981596,8.0,adm1_name
549536,NG-AB,2024,1,Abia state,5.106576,7.366667,1.0,adm1_name
551266,NG-AN,2024,1,Anambra state,5.846835,6.859183,3.0,adm1_name
551267,NG-AN,2024,1,Anambra state,5.990815,7.081236,3.0,adm1_name
551264,NG-IM,2024,1,Imo state,5.84242,6.981596,3.0,adm1_name
551265,NG-AB,2024,1,Abia state,5.962447,7.404445,3.0,adm1_name
550410,NG-IM,2024,1,Imo state,5.426914,7.201844,1.0,adm1_name
554601,NG-EN,2024,1,Enugu state,6.814845,7.454505,4.0,adm1_name
554801,NG-AB,2024,1,Abia state,5.552686,7.418688,3.0,adm1_name
554918,NG-AN,2024,1,Anambra state,6.1254,6.925356,0.0,adm1_name
554922,NG-AN,2024,1,Anambra state,6.193908,6.971341,0.0,adm1_name
555011,NG-AB,2024,1,Abia state,5.62181,7.86041,0.0,adm1_name
557135,NG-IM,2024,1,Imo state,5.84242,6.981596,2.0,adm1_name
557133,NG-IM,2024,1,Imo state,5.84242,6.981596,1.0,adm1_name
557134,NG-AN,2024,1,Anambra state,5.846835,6.859183,1.0,adm1_name
555947,NG-AB,2024,1,Abia state,6.01118,7.35775,4.0,adm1_name
555950,NG-IM,2024,1,Imo state,5.889183,6.987064,3.0,adm1_name
555980,NG-AN,2024,1,Anambra state,6.102412,7.007144,0.0,adm1_name
560021,NG-IM,2024,1,Imo state,5.632376,6.974612,4.0,adm1_name
558991,NG-AN,2024,1,Anambra state,5.83381,6.91179,3.0,adm1_name
559960,NG-IM,2024,1,Imo state,5.543324,6.97555,0.0,adm1_name
559123,NG-IM,2024,1,Imo state,5.883333,7.1,2.0,adm1_name
560731,NG-IM,2024,1,Imo state,5.885365,7.131355,1.0,adm1_name
559414,NG-AN,2024,1,Anambra state,5.853805,6.859942,0.0,adm1_name
208241,NG-BO,2015,1,Borno state,11.189764,13.911289,71.0,adm1_name
218852,NG-BO,2016,1,Borno state,11.150053,13.847976,40.0,adm1_name
193604,NG-BO,2015,1,Borno state,11.84276,12.77548,3.0,adm1_name
198628,NG-BO,2015,1,Borno state,11.5221,13.68558,3.0,adm1_name
193675,NG-BO,2015,1,Borno state,11.5221,13.68558,14.0,adm1_name
193674,NG-BO,2015,1,Borno state,13.5145,13.0801,36.0,adm1_name
194245,NG-BO,2015,1,Borno state,11.226071,13.783778,1.0,adm1_name
193712,NG-BO,2015,1,Borno state,11.103593,13.712982,100.0,adm1_name
193718,NG-GO,2015,1,Gombe state,10.82379,10.77221,0.0,adm1_name
193726,NG-BO,2015,1,Borno state,13.43162,13.31319,57.0,adm1_name
194231,NG-BO,2015,1,Borno state,13.6169,13.26438,52.0,adm1_name
193723,NG-GO,2015,1,Gombe state,10.82223,10.60117,0.0,adm1_name
193724,NG-BA,2015,1,Bauchi state,9.76017,9.55172,0.0,adm1_name
194233,NG-BO,2015,1,Borno state,13.6734,13.3388,111.0,adm1_name
198635,NG-BO,2015,1,Borno state,10.8583,12.2005,24.0,adm1_name
194313,NG-YO,2015,1,Yobe state,11.7091,11.0694,2.0,adm1_name
194317,NG-BO,2015,1,Borno state,13.09466,13.82343,2.0,adm1_name
194332,NG-BO,2015,1,Borno state,13.148185,13.55959,3.0,adm1_name
194337,NG-BO,2015,1,Borno state,11.25,13.416667,4.0,adm1_name
194345,NG-BO,2015,1,Borno state,11.25,13.416667,3.0,adm1_name
194341,NG-PL,2015,1,Plateau state,9.56796,8.68476,0.0,adm1_name
194545,NG-BO,2015,1,Borno state,11.25,13.416667,2.0,adm1_name
194579,NG-BO,2015,1,Borno state,11.25,13.416667,4.0,adm1_name
194568,NG-BO,2015,1,Borno state,11.25,13.416667,202.0,adm1_name
198641,NG-AD,2015,1,Adamawa state,10.88942,13.62832,10.0,adm1_name
194814,NG-BO,2015,1,Borno state,11.25,13.416667,5.0,adm1_name
198645,NG-BO,2015,1,Borno state,11.25,13.416667,10.0,adm1_name
195100,NG-GO,2015,1,,10.569692,11.554794,250.0,point_in_polygon
195092,NG-BO,2015,1,Borno state,11.84644,13.160274,46.0,adm1_name
195119,NG-BO,2015,1,Borno state,11.25,13.416667,3.0,adm1_name
198651,NG-BO,2015,1,Borno state,11.25,13.416667,1.0,adm1_name
195143,NG-BO,2015,1,Borno state,11.25,13.416667,41.0,adm1_name
195153,NG-BO,2015,1,Borno state,11.92543,13.60269,30.0,adm1_name
195208,NG-BO,2015,1,Borno state,11.84644,13.160274,8.0,adm1_name
195355,NG-BO,2015,1,Borno state,10.61285,12.19458,1.0,adm1_name
195607,NG-BO,2015,1,Borno state,11.84644,13.160274,2.0,adm1_name
195440,NG-BO,2015,1,Borno state,11.527288,12.415715,21.0,adm1_name
195413,NG-BO,2015,1,Borno state,11.84644,13.160274,5.0,adm1_name
195429,NG-BO,2015,1,Borno state,11.84644,13.160274,17.0,adm1_name
196427,NG-BO,2015,1,Borno state,11.5,13.0,0.0,adm1_name
195450,NG-KD,2015,1,Kaduna state,10.315,7.274,0.0,adm1_name
195701,NG-YO,2015,1,Yobe state,12.1076,11.7539,42.0,adm1_name
196051,NG-BO,2015,1,Borno state,11.84276,12.77548,4.0,adm1_name
196061,NG-BO,2015,1,Borno state,12.37066,14.21731,8.0,adm1_name
196443,NG-BO,2015,1,Borno state,10.810416,12.45449,5.0,adm1_name
196530,NG-BO,2015,1,Borno state,12.92475,13.56617,3.0,adm1_name
196532,NG-BO,2015,1,Borno state,11.8072,12.4909,1.0,adm1_name
198747,NG-YO,2015,1,Yobe state,11.26889,11.99694,9.0,adm1_name
196563,NG-BO,2015,1,Borno state,11.64518,12.45165,3.0,adm1_name
196889,NG-BO,2015,1,Borno state,13.476418,12.952616,32.0,adm1_name
196894,NG-YO,2015,1,Yobe state,11.747,11.9608,9.0,adm1_name
197133,NG-BO,2015,1,Borno state,12.03609,13.91815,20.0,adm1_name
197642,NG-BO,2015,1,Borno state,10.74025,13.21742,11.0,adm1_name
197862,NG-BO,2015,1,Borno state,11.590585,13.578328,20.0,adm1_name
197850,NG-BO,2015,1,Borno state,11.591862,13.506214,20.0,adm1_name
197873,NG-BO,2015,1,Borno state,11.16667,13.41667,50.0,adm1_name
197942,NG-BO,2015,1,Borno state,12.84661,13.66632,13.0,adm1_name
198252,NG-BO,2015,1,Borno state,11.25,13.416667,24.0,adm1_name
198253,NG-BO,2015,1,Borno state,12.36532,13.8293,2.0,adm1_name
198254,NG-BO,2015,1,Borno state,12.94284,13.17831,3.0,adm1_name
198262,NG-BO,2015,1,Borno state,11.925833,13.605556,11.0,adm1_name
198295,NG-BO,2015,1,Borno state,11.84644,13.160274,3.0,adm1_name
208287,NG-BO,2015,1,Borno state,12.37066,14.21731,40.0,adm1_name
208305,NG-KD,2015,1,Kaduna state,10.52224,7.43828,10.0,adm1_name
205782,NG-KO,2015,1,Kogi state,7.79688,6.74048,1.0,adm1_name
208317,NG-BO,2015,1,Borno state,11.103593,13.712983,2.0,adm1_name
205783,NG-BO,2015,1,Borno state,11.103593,13.712983,1.0,adm1_name
205803,NG-BO,2015,1,Borno state,11.255863,14.152438,2.0,adm1_name
207576,NG-BO,2015,1,Borno state,11.5,13.0,4.0,adm1_name
205814,NG-FC,2015,1,Federal Capital territory,9.083333,7.533333,20.0,adm1_name
205822,NG-YO,2015,1,Yobe state,11.48451,12.31264,108.0,adm1_name
213449,NG-YO,2015,1,Yobe state,11.747,11.9608,3.0,adm1_name
206377,NG-YO,2015,1,Yobe state,12.716667,12.033333,6.0,adm1_name
206395,NG-KO,2015,1,Kogi state,7.55,6.233333,3.0,adm1_name
206397,NG-BO,2015,1,Borno state,12.49303,13.20914,0.0,adm1_name
206473,NG-AD,2015,1,Adamawa state,10.85219,13.54889,3.0,adm1_name
206469,NG-AD,2015,1,Adamawa state,10.826986,13.339133,31.0,adm1_name
206457,NG-BO,2015,1,Borno state,11.84644,13.160274,1.0,adm1_name
208365,NG-BO,2015,1,Borno state,11.103593,13.712983,40.0,adm1_name
206491,NG-AD,2015,1,Adamawa state,10.85219,13.54889,2.0,adm1_name
207414,NG-BO,2015,1,Borno state,11.220883,13.12123,30.0,adm1_name
207415,NG-AD,2015,1,Adamawa state,10.88084,13.57841,0.0,adm1_name
207420,NG-BO,2015,1,Borno state,11.52059,14.09661,4.0,adm1_name
208450,NG-BO,2015,1,Borno state,10.63582,12.8782,4.0,adm1_name
207423,NG-BO,2015,1,Borno state,12.36532,13.8293,1.0,adm1_name
207424,NG-BO,2015,1,Borno state,12.528833,13.964812,1.0,adm1_name
208451,NG-BO,2015,1,Borno state,11.52059,14.09661,10.0,adm1_name
207463,NG-BO,2015,1,Borno state,11.220883,13.12123,4.0,adm1_name
207467,NG-BO,2015,1,Borno state,12.94284,13.17831,10.0,adm1_name
207468,NG-BO,2015,1,Borno state,12.618096,13.332251,18.0,adm1_name
207471,NG-BO,2015,1,Borno state,11.5,13.0,2.0,adm1_name
207465,NG-BO,2015,1,Borno state,11.103593,13.712983,7.0,adm1_name
208452,NG-BO,2015,1,Borno state,11.89912,13.29155,4.0,adm1_name
208453,NG-BO,2015,1,Borno state,11.84644,13.160274,2.0,adm1_name
207472,NG-BO,2015,1,Borno state,11.103593,13.712982,7.0,adm1_name
207539,NG-BO,2015,1,Borno state,11.5,13.0,26.0,adm1_name
208468,NG-BO,2015,1,Borno state,11.226071,13.783778,3.0,adm1_name
207519,NG-BO,2015,1,Borno state,11.09826,12.76417,26.0,adm1_name
207573,NG-BO,2015,1,Borno state,12.94284,13.17831,144.0,adm1_name
207666,NG-BO,2015,1,Borno state,12.252155,13.105596,1.0,adm1_name
207668,NG-AD,2015,1,Adamawa state,10.79942,13.4622,21.0,adm1_name
207704,NG-BO,2015,1,Borno state,11.25,13.416667,6.0,adm1_name
207553,NG-BO,2015,1,Borno state,11.226071,13.783778,3.0,adm1_name
207554,NG-YO,2015,1,Yobe state,12.716667,12.033333,5.0,adm1_name
207556,NG-BO,2015,1,Borno state,11.46991,13.75786,2.0,adm1_name
208194,NG-BO,2015,1,Borno state,11.360833,13.762558,34.0,adm1_name
208195,NG-BO,2015,1,Borno state,11.5,13.0,15.0,adm1_name
208080,NG-BO,2015,1,Borno state,11.602226,13.485824,2.0,adm1_name
207563,NG-BO,2015,1,Borno state,11.52059,14.09661,2.0,adm1_name
207558,NG-BO,2015,1,Borno state,11.25,13.416667,1.0,adm1_name
208197,NG-BO,2015,1,Borno state,11.09826,12.76417,3.0,adm1_name
208198,NG-BO,2015,1,Borno state,11.98456,13.66256,9.0,adm1_name
218879,NG-BO,2015,1,Borno state,11.25,13.416667,3.0,adm1_name
207562,NG-BO,2015,1,Borno state,11.84644,13.160274,10.0,adm1_name
234969,NG-AD,2016,1,Adamawa state,10.78906,13.4505,2.0,adm1_name
231606,NG-BO,2016,1,Borno state,11.103593,13.712983,10.0,adm1_name
231613,NG-YO,2016,1,Yobe state,11.48451,12.31264,1.0,adm1_name
231614,NG-YO,2016,1,Yobe state,12.17837,11.80232,17.0,adm1_name
218880,NG-BO,2016,1,Borno state,11.37265,13.65412,1.0,adm1_name
218838,NG-BO,2016,1,Borno state,12.36532,13.8293,21.0,adm1_name
234972,NG-GO,2016,1,,10.569692,11.554794,32.0,point_in_polygon
234974,NG-BO,2016,1,Borno state,11.5,13.0,5.0,adm1_name
218837,NG-BO,2016,1,Borno state,11.09826,12.76417,3.0,adm1_name
218829,NG-BO,2016,1,Borno state,10.90484,12.08863,3.0,adm1_name
231608,NG-BO,2016,1,Borno state,10.76891,13.14579,2.0,adm1_name
231610,NG-BO,2016,1,Borno state,10.63582,12.8782,2.0,adm1_name
218831,NG-YO,2016,1,Yobe state,12.17837,11.80232,14.0,adm1_name
218833,NG-BO,2016,1,Borno state,11.84644,13.160274,3.0,adm1_name
218887,NG-BO,2016,1,Borno state,12.989201,13.832239,1.0,adm1_name
218886,NG-BO,2016,1,Borno state,11.1694,12.28329,3.0,adm1_name
231601,NG-BO,2016,1,Borno state,10.86583,12.84702,1.0,adm1_name
231602,NG-BO,2016,1,Borno state,11.7593,12.2561,5.0,adm1_name
218884,NG-BO,2016,1,Borno state,11.90069,14.02693,28.0,adm1_name
218885,NG-BO,2016,1,Borno state,11.5,13.0,28.0,adm1_name
231551,NG-BO,2016,1,Borno state,12.76429,13.70754,5.0,adm1_name
231552,NG-BO,2016,1,Borno state,12.76429,13.70754,1.0,adm1_name
231553,NG-BO,2016,1,Borno state,13.6734,13.3388,25.0,adm1_name
218894,NG-BO,2016,1,Borno state,11.83022,12.63067,2.0,adm1_name
218905,NG-BO,2016,1,Borno state,11.14164,13.77493,153.0,adm1_name
218898,NG-BO,2016,1,Borno state,11.103593,13.712983,10.0,adm1_name
218903,NG-BO,2016,1,Borno state,11.175034,13.793771,1.0,adm1_name
231527,NG-AD,2016,1,Adamawa state,10.874054,13.557687,2.0,adm1_name
231530,NG-BO,2016,1,Borno state,11.5,13.0,2.0,adm1_name
231534,NG-BO,2016,1,Borno state,11.25,13.416667,3.0,adm1_name
231535,NG-BO,2016,1,Borno state,11.90069,14.02693,2.0,adm1_name
218904,NG-BO,2016,1,Borno state,11.925833,13.605556,3.0,adm1_name
218908,NG-BO,2016,1,Borno state,11.52059,14.09661,20.0,adm1_name
218910,NG-BO,2016,1,Borno state,11.5,13.0,3.0,adm1_name
218912,NG-BO,2016,1,Borno state,11.3548,14.21296,94.0,adm1_name
218913,NG-BO,2016,1,Borno state,12.03609,13.91815,28.0,adm1_name
218921,NG-BO,2016,1,Borno state,11.90069,14.02693,37.0,adm1_name
218934,NG-BO,2016,1,Borno state,11.5,13.0,5.0,adm1_name
231486,NG-BO,2016,1,Borno state,13.6734,13.3388,58.0,adm1_name
231489,NG-BO,2016,1,Borno state,11.5221,13.68558,5.0,adm1_name
219054,NG-BO,2016,1,Borno state,11.5,13.0,5.0,adm1_name
218946,NG-BO,2016,1,Borno state,11.103593,13.712983,24.0,adm1_name
231491,NG-BO,2016,1,Borno state,10.81742,12.08845,2.0,adm1_name
218957,NG-BO,2016,1,Borno state,11.16667,13.41667,2.0,adm1_name
218959,NG-BO,2016,1,Borno state,11.226071,13.783778,16.0,adm1_name
226123,NG-BO,2016,1,Borno state,11.5,13.0,5.0,adm1_name
219055,NG-BO,2016,1,Borno state,12.803918,13.840996,1.0,adm1_name
219056,NG-BO,2016,1,Borno state,12.91849,13.21395,40.0,adm1_name
231482,NG-BO,2016,1,Borno state,12.96309,13.60899,1.0,adm1_name
226132,NG-BO,2016,1,Borno state,11.226071,13.783778,17.0,adm1_name
226134,NG-BO,2016,1,Borno state,11.255863,14.152438,4.0,adm1_name
226141,NG-BO,2016,1,Borno state,10.76891,13.14579,3.0,adm1_name
231459,NG-BO,2016,1,Borno state,11.09826,12.76417,1.0,adm1_name
231463,NG-BO,2016,1,Borno state,10.73798,13.13072,4.0,adm1_name
231464,NG-BO,2016,1,Borno state,11.09826,12.76417,2.0,adm1_name
226169,NG-BO,2016,1,Borno state,11.3548,14.21296,3.0,adm1_name
226153,NG-YO,2016,1,Yobe state,12.0,11.5,2.0,adm1_name
231466,NG-BO,2016,1,Borno state,11.58605,13.00278,1.0,adm1_name
226176,NG-BO,2016,1,Borno state,12.96309,13.60899,7.0,adm1_name
226180,NG-BO,2016,1,Borno state,11.8809,14.16468,19.0,adm1_name
226216,NG-BO,2016,1,Borno state,11.5,13.0,59.0,adm1_name
231440,NG-BO,2016,1,Borno state,12.07872,14.45192,2.0,adm1_name
231442,NG-BO,2016,1,Borno state,12.115443,14.477759,2.0,adm1_name
231443,NG-BO,2016,1,Borno state,12.29671,14.43079,2.0,adm1_name
231444,NG-BO,2016,1,Borno state,12.30301,14.41691,2.0,adm1_name
231445,NG-BO,2016,1,Borno state,12.36166,14.35716,2.0,adm1_name
231446,NG-BO,2016,1,Borno state,12.28295,14.47243,2.0,adm1_name
231447,NG-BO,2016,1,Borno state,12.04639,14.48093,10.0,adm1_name
226220,NG-BO,2016,1,Borno state,11.925833,13.605556,5.0,adm1_name
231449,NG-BO,2016,1,Borno state,12.36532,13.8293,3.0,adm1_name
231451,NG-BO,2016,1,Borno state,11.91161,12.80428,2.0,adm1_name
226225,NG-BO,2016,1,Borno state,11.755521,13.106469,1.0,adm1_name
231435,NG-BO,2016,1,Borno state,11.25,13.416667,16.0,adm1_name
226238,NG-BO,2016,1,Borno state,11.5,13.0,4.0,adm1_name
226232,NG-BO,2016,1,Borno state,11.38533,13.68943,25.0,adm1_name
226240,NG-BO,2016,1,Borno state,11.435861,13.792824,3.0,adm1_name
226241,NG-BO,2016,1,Borno state,11.374388,13.876097,1.0,adm1_name
226229,NG-BO,2016,1,Borno state,12.04639,14.48093,3.0,adm1_name
226292,NG-BO,2016,1,Borno state,12.30301,14.41691,5.0,adm1_name
226278,NG-BO,2016,1,Borno state,11.5,13.0,1.0,adm1_name
226285,NG-BO,2016,1,Borno state,12.04639,14.48093,35.0,adm1_name
226289,NG-BO,2016,1,Borno state,12.36166,14.35716,5.0,adm1_name
231453,NG-BO,2016,1,Borno state,12.29671,14.43079,5.0,adm1_name
226301,NG-BO,2016,1,Borno state,11.4266,13.98666,9.0,adm1_name
234880,NG-BO,2016,1,Borno state,11.90069,14.02693,1.0,adm1_name
235005,NG-BO,2016,1,Borno state,10.983528,13.350111,7.0,adm1_name
226316,NG-BO,2016,1,Borno state,11.49886,14.23515,15.0,adm1_name
226329,NG-BO,2016,1,Borno state,11.84644,13.160274,2.0,adm1_name
226330,NG-BO,2016,1,Borno state,11.84644,13.160274,1.0,adm1_name
226349,NG-BO,2016,1,Borno state,11.30946,14.11306,4.0,adm1_name
226351,NG-BO,2016,1,Borno state,11.34754,14.07459,4.0,adm1_name
226342,NG-BO,2016,1,Borno state,11.5,13.0,17.0,adm1_name
226363,NG-BO,2016,1,Borno state,12.21532,14.18319,28.0,adm1_name
226368,NG-BO,2016,1,Borno state,11.309954,14.187145,10.0,adm1_name
226365,NG-BO,2016,1,Borno state,11.5,13.0,2.0,adm1_name
226362,NG-BO,2016,1,Borno state,11.226071,13.783778,7.0,adm1_name
235009,NG-BO,2016,1,Borno state,11.36724,14.18608,2.0,adm1_name
226397,NG-BO,2016,1,Borno state,12.8847,12.5081,33.0,adm1_name
226402,NG-BO,2016,1,Borno state,11.52059,14.09661,3.0,adm1_name
235343,NG-BO,2016,1,Borno state,11.25,13.416667,22.0,adm1_name
226415,NG-BO,2016,1,Borno state,12.21532,14.18319,12.0,adm1_name
226418,NG-BO,2016,1,Borno state,12.04639,14.48093,8.0,adm1_name
226420,NG-BO,2016,1,Borno state,11.20281,13.011614,9.0,adm1_name
226425,NG-BO,2016,1,Borno state,11.25,13.416667,5.0,adm1_name
226441,NG-BO,2016,1,Borno state,12.96309,13.60899,7.0,adm1_name
231418,NG-BO,2016,1,Borno state,11.52059,14.09661,4.0,adm1_name
231419,NG-BO,2016,1,Borno state,11.09826,12.76417,4.0,adm1_name
226453,NG-BO,2016,1,Borno state,12.36166,14.35716,9.0,adm1_name
231420,NG-BO,2016,1,Borno state,12.337716,14.180516,3.0,adm1_name
231387,NG-BO,2016,1,Borno state,11.90069,14.02693,3.0,adm1_name
226499,NG-BO,2016,1,Borno state,11.25,13.416667,2.0,adm1_name
231388,NG-YO,2016,1,Yobe state,11.57782,12.24678,3.0,adm1_name
231389,NG-BO,2016,1,Borno state,12.1101,13.98946,1.0,adm1_name
231390,NG-BO,2016,1,Borno state,11.5,13.0,3.0,adm1_name
231391,NG-BO,2016,1,Borno state,11.01838,13.64683,3.0,adm1_name
231407,NG-BO,2016,1,Borno state,11.38533,13.68943,3.0,adm1_name
226489,NG-BO,2016,1,Borno state,11.25,13.416667,13.0,adm1_name
226490,NG-BO,2016,1,Borno state,11.52059,14.09661,2.0,adm1_name
231410,NG-BO,2016,1,Borno state,11.102476,13.599304,3.0,adm1_name
226501,NG-BO,2016,1,Borno state,11.25,13.416667,16.0,adm1_name
233940,NG-BO,2016,1,Borno state,11.344128,14.319557,58.0,adm1_name
226505,NG-BO,2016,1,Borno state,11.84644,13.160274,3.0,adm1_name
231380,NG-BO,2016,1,Borno state,11.82205,14.022611,2.0,adm1_name
226507,NG-BO,2016,1,Borno state,11.25,13.416667,15.0,adm1_name
226543,NG-BO,2016,1,Borno state,11.02535,12.260254,11.0,adm1_name
226548,NG-BO,2016,1,Borno state,11.09826,12.76417,22.0,adm1_name
226566,NG-BO,2016,1,Borno state,11.09826,12.76417,2.0,adm1_name
226568,NG-BO,2016,1,Borno state,10.61285,12.19458,5.0,adm1_name
226594,NG-BO,2016,1,Borno state,11.25,13.416667,5.0,adm1_name
226610,NG-BO,2016,1,Borno state,11.645334,13.346271,3.0,adm1_name
226612,NG-BO,2016,1,Borno state,12.49303,13.20914,3.0,adm1_name
226614,NG-BO,2016,1,Borno state,11.045854,12.646037,9.0,adm1_name
231137,NG-BO,2016,1,Borno state,11.84644,13.160274,4.0,adm1_name
226607,NG-BO,2016,1,Borno state,12.989201,13.832239,19.0,adm1_name
234877,NG-BO,2016,1,Borno state,12.04639,14.48093,1.0,adm1_name
234878,NG-BO,2016,1,Borno state,11.5,13.0,2.0,adm1_name
234879,NG-BO,2016,1,Borno state,11.5,13.0,1.0,adm1_name
235021,NG-YO,2016,1,Yobe state,13.09969,12.1079,7.0,adm1_name
226638,NG-BO,2016,1,Borno state,11.52059,14.09661,2.0,adm1_name
226640,NG-BO,2016,1,Borno state,11.25,13.416667,1.0,adm1_name
226642,NG-BO,2016,1,Borno state,11.10682,13.50868,2.0,adm1_name
226647,NG-BO,2016,1,Borno state,12.21532,14.18319,10.0,adm1_name
226670,NG-BO,2016,1,Borno state,11.226071,13.783778,6.0,adm1_name
226675,NG-BO,2016,1,Borno state,11.36773,13.95471,4.0,adm1_name
226666,NG-BO,2016,1,Borno state,12.04639,14.48093,2.0,adm1_name
235026,NG-BO,2016,1,Borno state,11.091417,13.357399,2.0,adm1_name
226677,NG-BO,2016,1,Borno state,12.04639,14.48093,2.0,adm1_name
226701,NG-BO,2016,1,Borno state,13.19304,13.61461,15.0,adm1_name
226702,NG-BO,2016,1,Borno state,11.09826,12.76417,4.0,adm1_name
226704,NG-BO,2016,1,Borno state,11.771917,13.787394,3.0,adm1_name
231354,NG-BO,2016,1,Borno state,12.989201,13.832239,33.0,adm1_name
226746,NG-BO,2016,1,Borno state,12.07982,13.673019,2.0,adm1_name
226778,NG-BO,2016,1,Borno state,11.98456,13.66256,2.0,adm1_name
226779,NG-BO,2016,1,Borno state,11.925833,13.605556,2.0,adm1_name
226782,NG-BO,2016,1,Borno state,12.175314,13.523484,3.0,adm1_name
226787,NG-BO,2016,1,Borno state,11.5,13.0,2.0,adm1_name
226798,NG-BO,2016,1,Borno state,11.14164,13.77493,3.0,adm1_name
235028,NG-BO,2016,1,Borno state,11.52059,14.09661,1.0,adm1_name
226805,NG-BO,2016,1,Borno state,12.94284,13.17831,2.0,adm1_name
226820,NG-BO,2016,1,Borno state,12.96309,13.60899,4.0,adm1_name
226825,NG-BO,2016,1,Borno state,12.79148,13.67426,1.0,adm1_name
226814,NG-BO,2016,1,Borno state,12.67863,13.60792,5.0,adm1_name
231320,NG-BO,2016,1,Borno state,12.74273,13.67286,6.0,adm1_name
226838,NG-BO,2016,1,Borno state,12.28295,14.47243,18.0,adm1_name
226928,NG-BO,2016,1,Borno state,12.96309,13.60899,27.0,adm1_name
226959,NG-BO,2016,1,Borno state,11.69475,12.58074,2.0,adm1_name
226960,NG-BO,2016,1,Borno state,11.404307,14.146401,4.0,adm1_name
226972,NG-BO,2016,1,Borno state,11.52035,14.18203,3.0,adm1_name
226973,NG-BO,2016,1,Borno state,11.5,13.0,5.0,adm1_name
226975,NG-BO,2016,1,Borno state,12.96309,13.60899,42.0,adm1_name
226980,NG-BO,2016,1,Borno state,11.309954,14.187145,3.0,adm1_name
226984,NG-BO,2016,1,Borno state,11.103593,13.712982,9.0,adm1_name
226985,NG-AD,2016,1,Adamawa state,10.85219,13.54889,1.0,adm1_name
226957,NG-BO,2016,1,Borno state,11.25,13.416667,2.0,adm1_name
227018,NG-BO,2016,1,Borno state,11.226071,13.783778,2.0,adm1_name
231266,NG-BO,2016,1,Borno state,10.893471,12.644524,1.0,adm1_name
227027,NG-BO,2016,1,Borno state,11.89912,13.29155,5.0,adm1_name
227156,NG-BO,2016,1,Borno state,12.96309,13.60899,16.0,adm1_name
227157,NG-BO,2016,1,Borno state,12.57852,13.61727,2.0,adm1_name
227159,NG-BO,2016,1,Borno state,12.1101,13.98946,7.0,adm1_name
231178,NG-BO,2016,1,Borno state,13.43162,13.31319,300.0,adm1_name
233711,NG-BO,2016,1,Borno state,11.5,13.0,2.0,adm1_name
231735,NG-YO,2016,1,Yobe state,12.716667,12.033333,4.0,adm1_name
231166,NG-BO,2016,1,Borno state,13.6734,13.3388,40.0,adm1_name
231165,NG-BO,2016,1,Borno state,13.6734,13.3388,3.0,adm1_name
231168,NG-BO,2016,1,Borno state,13.6734,13.3388,40.0,adm1_name
231748,NG-BO,2016,1,Borno state,13.6169,13.26438,17.0,adm1_name
231751,NG-BO,2016,1,Borno state,12.19763,14.0223,26.0,adm1_name
231754,NG-BO,2016,1,Borno state,11.32643,13.96658,7.0,adm1_name
231897,NG-BO,2016,1,Borno state,13.300203,12.71668,26.0,adm1_name
231965,NG-BO,2016,1,Borno state,11.09826,12.76417,9.0,adm1_name
232105,NG-BO,2016,1,Borno state,12.36532,13.8293,6.0,adm1_name
232106,NG-BO,2016,1,Borno state,12.57852,13.61727,2.0,adm1_name
232108,NG-BO,2016,1,Borno state,13.6734,13.3388,22.0,adm1_name
232109,NG-BO,2016,1,Borno state,13.43162,13.31319,6.0,adm1_name
232113,NG-BO,2016,1,Borno state,12.96309,13.60899,14.0,adm1_name
234844,NG-BO,2016,1,Borno state,11.84644,13.160274,1.0,adm1_name
232132,NG-BO,2016,1,Borno state,12.96309,13.60899,7.0,adm1_name
232146,NG-BO,2016,1,Borno state,12.96309,13.60899,7.0,adm1_name
234629,NG-BO,2016,1,Borno state,13.378014,13.504103,1.0,adm1_name
234631,NG-BO,2016,1,Borno state,12.96309,13.60899,14.0,adm1_name
234637,NG-BO,2016,1,Borno state,12.94284,13.17831,1.0,adm1_name
234640,NG-BO,2016,1,Borno state,12.96309,13.60899,2.0,adm1_name
234659,NG-BO,2016,1,Borno state,12.28295,14.47243,15.0,adm1_name
237486,NG-BO,2017,1,Borno state,11.5,13.0,4.0,adm1_name
237487,NG-BO,2017,1,Borno state,12.483371,14.183386,11.0,adm1_name
236934,NG-YO,2017,1,Yobe state,11.26889,11.99694,20.0,adm1_name
236964,NG-BO,2017,1,Borno state,12.57852,13.61727,0.0,adm1_name
236962,NG-BO,2017,1,Borno state,13.357646,13.426181,2.0,adm1_name
237482,NG-BO,2017,1,Borno state,13.378014,13.504103,2.0,adm1_name
237483,NG-BO,2017,1,Borno state,13.43162,13.31319,2.0,adm1_name
236965,NG-BO,2017,1,Borno state,12.36532,13.8293,0.0,adm1_name
236996,NG-BO,2017,1,Borno state,11.09826,12.76417,2.0,adm1_name
236999,NG-BO,2017,1,Borno state,13.2842,13.486,13.0,adm1_name
237030,NG-BO,2017,1,Borno state,12.28295,14.47243,112.0,adm1_name
237249,NG-BO,2017,1,Borno state,11.0319,12.0597,6.0,adm1_name
237267,NG-BO,2017,1,Borno state,11.23038,12.470897,6.0,adm1_name
237268,NG-BO,2017,1,Borno state,11.23569,12.38397,38.0,adm1_name
237505,NG-BO,2017,1,Borno state,11.1694,12.28329,2.0,adm1_name
237489,NG-BO,2017,1,Borno state,11.7593,12.2561,3.0,adm1_name
237508,NG-BO,2017,1,Borno state,11.09826,12.76417,1.0,adm1_name
237509,NG-BO,2017,1,Borno state,11.196602,12.613302,2.0,adm1_name
237518,NG-BO,2017,1,Borno state,13.3992,12.85283,7.0,adm1_name
237519,NG-BO,2017,1,Borno state,13.5145,13.0801,6.0,adm1_name
237294,NG-BO,2017,1,Borno state,12.49303,13.20914,10.0,adm1_name
237524,NG-BO,2017,1,Borno state,12.49303,13.20914,13.0,adm1_name
237529,NG-YO,2017,1,Yobe state,11.38333,11.96667,18.0,adm1_name
237540,NG-BO,2017,1,Borno state,12.57852,13.61727,3.0,adm1_name
237554,NG-BO,2017,1,Borno state,12.36532,13.8293,1.0,adm1_name
240780,NG-BO,2017,1,Borno state,12.36532,13.8293,3.0,adm1_name
237571,NG-BO,2017,1,Borno state,11.5,13.0,1.0,adm1_name
251756,NG-BO,2017,1,Borno state,12.528833,13.964812,5.0,adm1_name
251758,NG-BO,2017,1,Borno state,12.36532,13.8293,4.0,adm1_name
237618,NG-BO,2017,1,Borno state,11.389726,13.823372,4.0,adm1_name
240782,NG-BO,2017,1,Borno state,13.48895,13.32904,57.0,adm1_name
237698,NG-BO,2017,1,Borno state,10.810416,12.45449,9.0,adm1_name
237676,NG-BO,2017,1,Borno state,11.24389,12.33667,5.0,adm1_name
239650,NG-BO,2017,1,Borno state,13.09165,12.6966,5.0,adm1_name
239663,NG-BO,2017,1,Borno state,12.2182,14.30769,0.0,adm1_name
239665,NG-BO,2017,1,Borno state,12.13333,14.3,0.0,adm1_name
239666,NG-BO,2017,1,Borno state,12.21532,14.18319,0.0,adm1_name
238195,NG-BO,2017,1,Borno state,12.989201,13.832239,13.0,adm1_name
239712,NG-BO,2017,1,Borno state,13.35765,13.42618,34.0,adm1_name
239713,NG-BO,2017,1,Borno state,13.43162,13.31319,34.0,adm1_name
239714,NG-BO,2017,1,Borno state,13.51854,13.37617,34.0,adm1_name
239715,NG-BO,2017,1,Borno state,13.48895,13.32904,34.0,adm1_name
238847,NG-BO,2017,1,Borno state,13.4814,13.483791,34.0,adm1_name
239709,NG-BO,2017,1,Borno state,12.26189,14.07576,0.0,adm1_name
239710,NG-BO,2017,1,Borno state,13.21875,13.506568,7.0,adm1_name
252076,NG-BO,2017,1,Borno state,13.09165,12.6966,2.0,adm1_name
244964,NG-BO,2017,1,Borno state,12.19763,14.0223,4.0,adm1_name
239442,NG-BO,2017,1,Borno state,11.646278,14.103572,4.0,adm1_name
244960,NG-BO,2017,1,Borno state,11.0319,12.0597,1.0,adm1_name
240800,NG-BO,2017,1,Borno state,11.1694,12.28329,2.0,adm1_name
252072,NG-BO,2017,1,Borno state,12.96309,13.60899,4.0,adm1_name
239474,NG-BO,2017,1,Borno state,12.989201,13.832239,6.0,adm1_name
239735,NG-BO,2017,1,Borno state,12.337716,14.180516,0.0,adm1_name
239505,NG-BO,2017,1,Borno state,12.19928,12.48579,69.0,adm1_name
239512,NG-BO,2017,1,Borno state,12.17309,12.63114,0.0,adm1_name
239755,NG-BO,2017,1,Borno state,11.259902,12.351687,2.0,adm1_name
239804,NG-BO,2017,1,Borno state,12.36532,13.8293,10.0,adm1_name
241450,NG-BO,2017,1,Borno state,12.96309,13.60899,3.0,adm1_name
241543,NG-BO,2017,1,Borno state,12.91849,13.21395,2.0,adm1_name
244546,NG-YO,2017,1,Yobe state,12.777807,12.407101,2.0,adm1_name
244452,NG-YO,2017,1,Yobe state,11.38333,11.96667,1.0,adm1_name
244449,NG-BO,2017,1,Borno state,12.687898,13.511536,3.0,adm1_name
244450,NG-BO,2017,1,Borno state,12.91849,13.21395,1.0,adm1_name
244463,NG-BO,2017,1,Borno state,12.36532,13.8293,1.0,adm1_name
244478,NG-BO,2017,1,Borno state,11.15604,12.75758,3.0,adm1_name
244507,NG-BO,2017,1,Borno state,12.36532,13.8293,9.0,adm1_name
244505,NG-BO,2017,1,Borno state,12.94284,13.17831,0.0,adm1_name
244564,NG-YO,2017,1,Yobe state,12.050935,12.099075,15.0,adm1_name
244756,NG-BO,2017,1,Borno state,12.627944,12.566681,2.0,adm1_name
247482,NG-BO,2017,1,Borno state,12.1131,12.8274,6.0,adm1_name
247572,NG-BO,2017,1,Borno state,12.1101,13.98946,1.0,adm1_name
249755,NG-BO,2017,1,Borno state,12.17309,12.63114,20.0,adm1_name
249764,NG-BO,2017,1,Borno state,12.57852,13.61727,4.0,adm1_name
249768,NG-BO,2017,1,Borno state,12.57852,13.61727,2.0,adm1_name
249866,NG-BO,2017,1,Borno state,11.83022,12.63067,20.0,adm1_name
249873,NG-BO,2017,1,Borno state,13.43162,13.31319,40.0,adm1_name
249879,NG-BO,2017,1,Borno state,12.1131,12.8274,3.0,adm1_name
249667,NG-YO,2017,1,Yobe state,13.09969,12.1079,8.0,adm1_name
253842,NG-BO,2018,1,Borno state,13.151034,13.964249,0.0,adm1_name
253695,NG-BO,2018,1,Borno state,13.151034,13.964249,3.0,adm1_name
252078,NG-BO,2018,1,Borno state,13.357646,13.426181,20.0,adm1_name
252094,NG-BO,2018,1,Borno state,13.375603,13.507019,20.0,adm1_name
276116,NG-BO,2018,1,Borno state,13.43162,13.31319,20.0,adm1_name
253959,NG-BO,2018,1,Borno state,11.5,13.0,0.0,adm1_name
254113,NG-BO,2018,1,Borno state,10.91729,12.514962,2.0,adm1_name
254124,NG-BO,2018,1,Borno state,12.28295,14.47243,13.0,adm1_name
255964,NG-BO,2018,1,Borno state,13.48895,13.32904,2.0,adm1_name
268012,NG-BO,2018,1,Borno state,13.4814,13.483791,3.0,adm1_name
255520,NG-BO,2018,1,Borno state,13.48895,13.32904,5.0,adm1_name
255517,NG-BO,2018,1,Borno state,13.48895,13.32904,3.0,adm1_name
255524,NG-BO,2018,1,Borno state,12.374126,14.222062,1.0,adm1_name
255813,NG-BO,2018,1,Borno state,12.36166,14.35716,0.0,adm1_name
255814,NG-BO,2018,1,Borno state,11.8072,12.4909,1.0,adm1_name
255968,NG-BO,2018,1,Borno state,11.23569,12.38397,5.0,adm1_name
255984,NG-BO,2018,1,Borno state,13.375603,13.507019,2.0,adm1_name
256472,NG-BO,2018,1,Borno state,12.571088,13.963203,40.0,adm1_name
256512,NG-BO,2018,1,Borno state,13.36901,12.78577,6.0,adm1_name
256610,NG-BO,2018,1,Borno state,12.989201,13.832239,11.0,adm1_name
276193,NG-BO,2018,1,Borno state,11.90069,14.02693,2.0,adm1_name
256843,NG-BO,2018,1,Borno state,11.52059,14.09661,2.0,adm1_name
256868,NG-BO,2018,1,Borno state,12.91849,13.21395,3.0,adm1_name
256747,NG-BO,2018,1,Borno state,12.21532,14.18319,10.0,adm1_name
258762,NG-BO,2018,1,Borno state,13.36901,12.78577,1.0,adm1_name
258413,NG-BO,2018,1,Borno state,12.989201,13.832239,23.0,adm1_name
258496,NG-BO,2018,1,Borno state,12.49303,13.20914,9.0,adm1_name
258790,NG-BO,2018,1,Borno state,12.57852,13.61727,3.0,adm1_name
258791,NG-BO,2018,1,Borno state,12.66013,13.36967,4.0,adm1_name
259935,NG-BO,2018,1,Borno state,13.48895,13.32904,15.0,adm1_name
259948,NG-BO,2018,1,Borno state,12.57852,13.61727,5.0,adm1_name
259951,NG-BO,2018,1,Borno state,12.61431,12.46655,45.0,adm1_name
260115,NG-YO,2018,1,Yobe state,12.048634,12.096891,48.0,adm1_name
260181,NG-BO,2018,1,Borno state,12.573114,13.246629,2.0,adm1_name
260237,NG-BO,2018,1,Borno state,11.09826,12.76417,7.0,adm1_name
260248,NG-BO,2018,1,Borno state,11.84276,12.77548,13.0,adm1_name
260269,NG-BO,2018,1,Borno state,12.67863,13.60792,14.0,adm1_name
260277,NG-BO,2018,1,Borno state,12.57852,13.61727,16.0,adm1_name
263035,NG-BO,2018,1,Borno state,12.91849,13.21395,7.0,adm1_name
262020,NG-BO,2018,1,Borno state,13.002316,12.992235,17.0,adm1_name
262122,NG-BO,2018,1,Borno state,12.989201,13.832239,0.0,adm1_name
262379,NG-BO,2018,1,Borno state,12.96309,13.60899,3.0,adm1_name
262408,NG-BO,2018,1,Borno state,13.48895,13.32904,0.0,adm1_name
262385,NG-BO,2018,1,Borno state,12.337716,14.180516,1.0,adm1_name
262404,NG-BO,2018,1,Borno state,13.087504,12.738476,51.0,adm1_name
276176,NG-BO,2018,1,Borno state,12.989201,13.832239,26.0,adm1_name
269463,NG-BO,2018,1,Borno state,13.4814,13.483791,14.0,adm1_name
266539,NG-BO,2018,1,Borno state,12.85842,13.36178,3.0,adm1_name
265657,NG-BO,2018,1,Borno state,12.94284,13.17831,8.0,adm1_name
266516,NG-BO,2018,1,Borno state,12.989201,13.832239,3.0,adm1_name
266544,NG-BO,2018,1,Borno state,12.49303,13.20914,3.0,adm1_name
266532,NG-BO,2018,1,Borno state,13.4814,13.483791,40.0,adm1_name
265761,NG-BO,2018,1,Borno state,13.09771,12.4952,7.0,adm1_name
265802,NG-BO,2018,1,Borno state,13.6169,13.26438,0.0,adm1_name
265801,NG-BO,2018,1,Borno state,13.6169,13.26438,0.0,adm1_name
265806,NG-BO,2018,1,Borno state,13.36901,12.78577,4.0,adm1_name
266548,NG-BO,2018,1,Borno state,13.5145,13.0801,2.0,adm1_name
269456,NG-BO,2018,1,Borno state,12.75587,13.4349,1.0,adm1_name
268953,NG-BO,2018,1,Borno state,13.357646,13.426181,10.0,adm1_name
269501,NG-BO,2018,1,Borno state,13.43162,13.31319,3.0,adm1_name
268962,NG-BO,2018,1,Borno state,13.48895,13.32904,3.0,adm1_name
268969,NG-BO,2018,1,Borno state,13.238244,12.942969,3.0,adm1_name
269458,NG-BO,2018,1,Borno state,13.43162,13.31319,3.0,adm1_name
269519,NG-BO,2018,1,Borno state,12.19763,14.0223,4.0,adm1_name
269208,NG-BO,2018,1,Borno state,13.36901,12.78577,2.0,adm1_name
269235,NG-BO,2018,1,Borno state,13.36901,12.78577,0.0,adm1_name
269523,NG-YO,2018,1,Yobe state,11.098167,12.042968,6.0,adm1_name
271800,NG-BO,2018,1,Borno state,12.92475,13.56617,17.0,adm1_name
271843,NG-BO,2018,1,Borno state,13.6734,13.3388,1.0,adm1_name
272436,NG-BO,2018,1,Borno state,12.26189,14.07576,9.0,adm1_name
271925,NG-BO,2018,1,Borno state,11.22824,12.31561,3.0,adm1_name
272014,NG-BO,2018,1,Borno state,12.8847,12.5081,3.0,adm1_name
272037,NG-BO,2018,1,Borno state,12.989201,13.832239,3.0,adm1_name
272060,NG-BO,2018,1,Borno state,12.76429,13.70754,1.0,adm1_name
272067,NG-BO,2018,1,Borno state,11.5,13.0,0.0,adm1_name
272103,NG-BO,2018,1,Borno state,11.83022,12.63067,1.0,adm1_name
272083,NG-BO,2018,1,Borno state,13.357646,13.426181,70.0,adm1_name
272219,NG-BO,2018,1,Borno state,13.4814,13.483791,3.0,adm1_name
276178,NG-BO,2018,1,Borno state,13.2842,13.486,2.0,adm1_name
276179,NG-BO,2018,1,Borno state,11.83022,12.63067,2.0,adm1_name
272149,NG-BO,2018,1,Borno state,13.357646,13.426181,2.0,adm1_name
272242,NG-BO,2018,1,Borno state,12.94515,13.67232,3.0,adm1_name
272281,NG-BO,2018,1,Borno state,13.48895,13.32904,4.0,adm1_name
272373,NG-BO,2018,1,Borno state,12.374126,14.222062,8.0,adm1_name
272304,NG-BO,2018,1,Borno state,13.48895,13.32904,1.0,adm1_name
274284,NG-BO,2018,1,Borno state,13.09466,13.82343,1.0,adm1_name
272390,NG-YO,2018,1,Yobe state,11.20148,12.03125,14.0,adm1_name
274282,NG-BO,2018,1,Borno state,13.6734,13.3388,1.0,adm1_name
274643,NG-BO,2018,1,Borno state,12.28295,14.47243,8.0,adm1_name
274299,NG-BO,2018,1,Borno state,11.84276,12.77548,3.0,adm1_name
274354,NG-BO,2018,1,Borno state,12.337716,14.180516,0.0,adm1_name
274352,NG-BO,2018,1,Borno state,12.94284,13.17831,15.0,adm1_name
275125,NG-BO,2018,1,Borno state,12.92475,13.56617,2.0,adm1_name
274348,NG-BO,2018,1,Borno state,12.337716,14.180516,2.0,adm1_name
274400,NG-BO,2018,1,Borno state,12.75587,13.4349,1.0,adm1_name
274437,NG-BO,2018,1,Borno state,11.051161,12.649864,0.0,adm1_name
274431,NG-BO,2018,1,Borno state,12.03609,13.91815,0.0,adm1_name
274494,NG-YO,2018,1,Yobe state,11.747,11.9608,22.0,adm1_name
274498,NG-YO,2018,1,Yobe state,11.726784,12.099167,17.0,adm1_name
274541,NG-BO,2018,1,Borno state,13.09466,13.82343,9.0,adm1_name
274568,NG-YO,2018,1,Yobe state,11.20148,12.03125,2.0,adm1_name
274682,NG-BO,2018,1,Borno state,13.09466,13.82343,3.0,adm1_name
274686,NG-BO,2019,1,Borno state,13.09466,13.82343,3.0,adm1_name
277083,NG-BO,2019,1,Borno state,10.810416,12.45449,1.0,adm1_name
277114,NG-BO,2019,1,Borno state,13.09771,12.4952,5.0,adm1_name
277115,NG-BO,2019,1,Borno state,12.75587,13.4349,0.0,adm1_name
277159,NG-YO,2019,1,Yobe state,11.48451,12.31264,3.0,adm1_name
277162,NG-BO,2019,1,Borno state,13.09771,12.4952,4.0,adm1_name
276899,NG-BO,2019,1,Borno state,12.49303,13.20914,3.0,adm1_name
276907,NG-BO,2019,1,Borno state,11.0319,12.0597,9.0,adm1_name
276938,NG-BO,2019,1,Borno state,13.09466,13.82343,5.0,adm1_name
277148,NG-BO,2019,1,Borno state,12.337716,14.180516,8.0,adm1_name
277254,NG-YO,2019,1,Yobe state,11.26889,11.99694,6.0,adm1_name
277450,NG-BO,2019,1,Borno state,12.02567,13.96702,3.0,adm1_name
276949,NG-YO,2019,1,Yobe state,12.897,11.9304,10.0,adm1_name
277273,NG-BO,2019,1,Borno state,11.5,13.0,2.0,adm1_name
276959,NG-BO,2019,1,Borno state,12.19763,14.0223,5.0,adm1_name
317171,NG-BO,2019,1,Borno state,13.33282,13.12743,3.0,adm1_name
277034,NG-BO,2019,1,Borno state,12.03609,13.91815,8.0,adm1_name
317174,NG-BO,2019,1,Borno state,12.03609,13.91815,0.0,adm1_name
317175,NG-BO,2019,1,Borno state,13.48895,13.32904,2.0,adm1_name
277053,NG-BO,2019,1,Borno state,13.6734,13.3388,4.0,adm1_name
279864,NG-YO,2019,1,Yobe state,13.09969,12.1079,3.0,adm1_name
279269,NG-BO,2019,1,Borno state,11.8826,13.3434,3.0,adm1_name
279315,NG-YO,2019,1,Yobe state,11.20148,12.03125,0.0,adm1_name
279313,NG-BO,2019,1,Borno state,13.566757,13.445667,3.0,adm1_name
279349,NG-BO,2019,1,Borno state,12.19763,14.0223,40.0,adm1_name
279398,NG-BO,2019,1,Borno state,12.1101,13.98946,0.0,adm1_name
279428,NG-YO,2019,1,Yobe state,11.26889,11.99694,14.0,adm1_name
279804,NG-BO,2019,1,Borno state,12.252155,13.105596,10.0,adm1_name
282592,NG-BO,2019,1,Borno state,10.9034,12.2806,3.0,adm1_name
279808,NG-BO,2019,1,Borno state,12.582877,14.129345,2.0,adm1_name
317370,NG-BO,2019,1,Borno state,11.90472,13.18111,4.0,adm1_name
317566,NG-BO,2019,1,Borno state,12.94515,13.67232,0.0,adm1_name
279582,NG-BO,2019,1,Borno state,11.84644,13.160274,1.0,adm1_name
279707,NG-BO,2019,1,Borno state,12.571088,13.963203,3.0,adm1_name
317469,NG-BO,2019,1,Borno state,12.77737,13.66366,0.0,adm1_name
279744,NG-BO,2019,1,Borno state,11.84644,13.160274,0.0,adm1_name
282616,NG-BO,2019,1,Borno state,11.92589,13.23062,6.0,adm1_name
282214,NG-BO,2019,1,Borno state,11.15604,12.75758,0.0,adm1_name
282201,NG-BO,2019,1,Borno state,11.92589,13.23062,5.0,adm1_name
282569,NG-BO,2019,1,Borno state,11.8826,13.3434,5.0,adm1_name
282303,NG-BO,2019,1,Borno state,13.6169,13.26438,23.0,adm1_name
282365,NG-BO,2019,1,Borno state,13.48895,13.32904,17.0,adm1_name
282367,NG-BO,2019,1,Borno state,13.4814,13.483791,22.0,adm1_name
317633,NG-BO,2019,1,Borno state,13.48895,13.32904,1.0,adm1_name
317639,NG-BO,2019,1,Borno state,12.57852,13.61727,0.0,adm1_name
287601,NG-BO,2019,1,Borno state,12.49303,13.20914,10.0,adm1_name
282476,NG-BO,2019,1,Borno state,10.73115,12.14626,2.0,adm1_name
282481,NG-BO,2019,1,Borno state,12.42499,13.9373,16.0,adm1_name
282584,NG-BO,2019,1,Borno state,12.96309,13.60899,7.0,adm1_name
317826,NG-BO,2019,1,Borno state,13.691073,13.606721,3.0,adm1_name
317880,NG-BO,2019,1,Borno state,11.83022,12.63067,0.0,adm1_name
317884,NG-BO,2019,1,Borno state,11.58605,13.00278,0.0,adm1_name
317907,NG-BO,2019,1,Borno state,11.5,13.0,2.0,adm1_name
284419,NG-YO,2019,1,Yobe state,11.738597,12.011905,3.0,adm1_name
284719,NG-BO,2019,1,Borno state,12.49303,13.20914,0.0,adm1_name
284738,NG-BO,2019,1,Borno state,12.483371,14.183386,7.0,adm1_name
284749,NG-BO,2019,1,Borno state,11.5,13.0,1.0,adm1_name
284750,NG-BO,2019,1,Borno state,10.810416,12.45449,0.0,adm1_name
317955,NG-BO,2019,1,Borno state,13.151034,13.964249,19.0,adm1_name
284786,NG-BO,2019,1,Borno state,12.94515,13.67232,41.0,adm1_name
284911,NG-BO,2019,1,Borno state,10.810416,12.45449,5.0,adm1_name
284923,NG-BO,2019,1,Borno state,13.09466,13.82343,1.0,adm1_name
284937,NG-BO,2019,1,Borno state,12.1101,13.98946,1.0,adm1_name
284994,NG-BO,2019,1,Borno state,12.1131,12.8274,8.0,adm1_name
286796,NG-BO,2019,1,Borno state,12.20577,14.18935,7.0,adm1_name
286817,NG-BO,2019,1,Borno state,12.252155,13.105596,2.0,adm1_name
286837,NG-BO,2019,1,Borno state,11.51396,12.66863,3.0,adm1_name
287454,NG-BO,2019,1,Borno state,11.8072,12.4909,2.0,adm1_name
286983,NG-BO,2019,1,Borno state,12.499,12.7848,21.0,adm1_name
318040,NG-BO,2019,1,Borno state,12.03609,13.91815,0.0,adm1_name
317998,NG-BO,2019,1,Borno state,13.4814,13.483791,1.0,adm1_name
287013,NG-BO,2019,1,Borno state,10.810416,12.45449,5.0,adm1_name
287556,NG-BO,2019,1,Borno state,13.151034,13.964249,2.0,adm1_name
290279,NG-BO,2019,1,Borno state,12.42499,13.9373,1.0,adm1_name
290280,NG-BO,2019,1,Borno state,12.03609,13.91815,1.0,adm1_name
290278,NG-BO,2019,1,Borno state,12.36532,13.8293,5.0,adm1_name
290241,NG-BO,2019,1,Borno state,11.65822,13.03365,1.0,adm1_name
287573,NG-BO,2019,1,Borno state,13.48895,13.32904,7.0,adm1_name
287936,NG-BO,2019,1,Borno state,13.4814,13.483791,7.0,adm1_name
287937,NG-BO,2019,1,Borno state,13.566714,13.460459,6.0,adm1_name
290613,NG-BO,2019,1,Borno state,13.151034,13.964249,3.0,adm1_name
290298,NG-KD,2019,1,,10.0,8.0,9.0,point_in_polygon
290314,NG-BO,2019,1,Borno state,12.8847,12.5081,3.0,adm1_name
290359,NG-BO,2019,1,Borno state,12.49303,13.20914,15.0,adm1_name
290399,NG-BO,2019,1,Borno state,13.19304,13.61461,14.0,adm1_name
318206,NG-BO,2019,1,Borno state,13.148185,13.55959,1.0,adm1_name
326722,NG-BO,2019,1,Borno state,13.09466,13.82343,14.0,adm1_name
326723,NG-BO,2019,1,Borno state,12.94515,13.67232,14.0,adm1_name
290416,NG-BO,2019,1,Borno state,11.738431,14.039601,1.0,adm1_name
290455,NG-YO,2019,1,Yobe state,11.48451,12.31264,24.0,adm1_name
290471,NG-BO,2019,1,Borno state,13.151034,13.964249,3.0,adm1_name
293033,NG-BO,2019,1,Borno state,12.252155,13.105596,16.0,adm1_name
292997,NG-BO,2019,1,Borno state,11.23038,12.470897,5.0,adm1_name
293000,NG-BO,2019,1,Borno state,13.151034,13.964249,3.0,adm1_name
318272,NG-BO,2019,1,Borno state,13.6734,13.3388,0.0,adm1_name
293459,NG-BO,2019,1,Borno state,11.84276,12.77548,9.0,adm1_name
326773,NG-BO,2019,1,Borno state,11.84276,12.77548,2.0,adm1_name
293580,NG-BO,2019,1,Borno state,13.09466,13.82343,72.0,adm1_name
293605,NG-BO,2019,1,Borno state,11.8072,12.4909,1.0,adm1_name
299504,NG-BO,2019,1,Borno state,12.67863,13.60792,5.0,adm1_name
299579,NG-BO,2019,1,Borno state,12.571088,13.963203,12.0,adm1_name
299583,NG-BO,2019,1,Borno state,12.499,12.7848,17.0,adm1_name
318347,NG-BO,2019,1,Borno state,12.571088,13.963203,12.0,adm1_name
299845,NG-BO,2019,1,Borno state,12.14403,14.01017,4.0,adm1_name
318364,NG-YO,2019,1,Yobe state,11.20148,12.03125,1.0,adm1_name
300034,NG-BO,2019,1,Borno state,12.618096,13.332251,11.0,adm1_name
300055,NG-BO,2019,1,Borno state,13.4814,13.483791,3.0,adm1_name
300056,NG-BO,2019,1,Borno state,13.148185,13.55959,2.0,adm1_name
300057,NG-BO,2019,1,Borno state,13.484913,13.38734,1.0,adm1_name
305750,NG-BO,2019,1,Borno state,11.5,13.0,2.0,adm1_name
305215,NG-BO,2019,1,Borno state,12.49303,13.20914,4.0,adm1_name
305260,NG-BO,2019,1,Borno state,11.0319,12.0597,2.0,adm1_name
307205,NG-BO,2019,1,Borno state,11.97921,13.87496,0.0,adm1_name
307209,NG-BO,2019,1,Borno state,13.6734,13.3388,2.0,adm1_name
305438,NG-BO,2019,1,Borno state,13.044837,12.852429,9.0,adm1_name
305498,NG-BO,2019,1,Borno state,12.94284,13.17831,9.0,adm1_name
327099,NG-BO,2019,1,Borno state,13.002316,12.992235,2.0,adm1_name
305586,NG-BO,2019,1,Borno state,12.499,12.7848,7.0,adm1_name
305588,NG-BO,2019,1,Borno state,12.252155,13.105596,0.0,adm1_name
318518,NG-BO,2019,1,Borno state,11.938967,13.631393,0.0,adm1_name
305735,NG-BO,2019,1,Borno state,13.151034,13.964249,2.0,adm1_name
307921,NG-BO,2019,1,Borno state,13.4814,13.483791,1.0,adm1_name
305727,NG-BO,2019,1,Borno state,13.151034,13.964249,7.0,adm1_name
318550,NG-BO,2019,1,Borno state,11.18904,12.4724,2.0,adm1_name
305760,NG-BO,2019,1,Borno state,12.26501,12.7859,9.0,adm1_name
305762,NG-BO,2019,1,Borno state,11.0319,12.0597,6.0,adm1_name
305763,NG-BO,2019,1,Borno state,12.20577,14.18935,3.0,adm1_name
318564,NG-YO,2019,1,Yobe state,12.328964,12.107326,0.0,adm1_name
305764,NG-BO,2019,1,Borno state,12.49303,13.20914,9.0,adm1_name
305766,NG-YO,2019,1,Yobe state,11.26889,11.99694,0.0,adm1_name
305801,NG-BO,2019,1,Borno state,12.499,12.7848,9.0,adm1_name
305828,NG-BO,2019,1,Borno state,12.499,12.7848,2.0,adm1_name
313432,NG-SO,2019,1,Sokoto state,13.060925,5.239018,0.0,adm1_name
318571,NG-BO,2019,1,Borno state,12.49303,13.20914,0.0,adm1_name
305854,NG-BO,2019,1,Borno state,11.51396,12.66863,26.0,adm1_name
307281,NG-BO,2019,1,Borno state,12.79305,14.12087,3.0,adm1_name
318592,NG-BO,2019,1,Borno state,12.49303,13.20914,0.0,adm1_name
312929,NG-BO,2019,1,Borno state,12.62357,13.27476,16.0,adm1_name
312931,NG-BO,2019,1,Borno state,12.49303,13.20914,0.0,adm1_name
313568,NG-BO,2019,1,Borno state,12.499,12.7848,2.0,adm1_name
312939,NG-BO,2019,1,Borno state,12.252155,13.105596,3.0,adm1_name
312940,NG-BO,2019,1,Borno state,12.042099,13.068708,4.0,adm1_name
318605,NG-BO,2019,1,Borno state,12.499,12.7848,1.0,adm1_name
313123,NG-BO,2019,1,Borno state,13.01486,13.742053,3.0,adm1_name
313215,NG-BO,2019,1,Borno state,11.84276,12.77548,7.0,adm1_name
313211,NG-BO,2019,1,Borno state,11.84276,12.77548,5.0,adm1_name
313577,NG-BO,2019,1,,11.82208,12.598166,0.0,point_in_polygon
313367,NG-BO,2019,1,Borno state,13.151034,13.964249,3.0,adm1_name
318609,NG-BO,2019,1,Borno state,12.499,12.7848,0.0,adm1_name
313522,NG-BO,2019,1,Borno state,13.151034,13.964249,3.0,adm1_name
313523,NG-BO,2019,1,Borno state,13.151034,13.964249,2.0,adm1_name
319363,NG-BO,2019,1,Borno state,12.252155,13.105596,4.0,adm1_name
318988,NG-BO,2019,1,Borno state,11.197729,12.492306,19.0,adm1_name
319365,NG-YO,2019,1,Yobe state,11.747,11.9608,0.0,adm1_name
327505,NG-BO,2019,1,Borno state,12.816487,12.624444,0.0,adm1_name
327683,NG-BO,2019,1,Borno state,13.6734,13.3388,0.0,adm1_name
319081,NG-BO,2019,1,Borno state,13.6734,13.3388,17.0,adm1_name
319155,NG-BO,2019,1,Borno state,12.2085,13.87973,5.0,adm1_name
319158,NG-BO,2019,1,Borno state,11.5,13.0,3.0,adm1_name
319242,NG-BO,2019,1,Borno state,11.643628,12.601413,10.0,adm1_name
319374,NG-YO,2019,1,Yobe state,12.1076,11.7539,2.0,adm1_name
319247,NG-BO,2019,1,Borno state,13.27368,13.803,13.0,adm1_name
321377,NG-BO,2019,1,Borno state,13.6734,13.3388,1.0,adm1_name
321378,NG-BO,2019,1,Borno state,13.6734,13.3388,1.0,adm1_name
321427,NG-BO,2019,1,Borno state,11.5,13.0,0.0,adm1_name
321422,NG-BO,2019,1,Borno state,12.36532,13.8293,1.0,adm1_name
327819,NG-BO,2019,1,Borno state,11.850742,12.882295,0.0,adm1_name
327812,NG-BO,2019,1,Borno state,12.1131,12.8274,0.0,adm1_name
321674,NG-BO,2019,1,Borno state,12.571088,13.963203,2.0,adm1_name
327871,NG-BO,2019,1,Borno state,11.90069,14.02693,2.0,adm1_name
323003,NG-BO,2019,1,Borno state,12.618096,13.332251,1.0,adm1_name
322907,NG-YO,2019,1,Yobe state,11.747,11.9608,31.0,adm1_name
322667,NG-BO,2019,1,Borno state,12.042099,13.068708,9.0,adm1_name
322682,NG-BO,2019,1,Borno state,10.67785,12.15688,3.0,adm1_name
322912,NG-BO,2019,1,Borno state,10.81667,12.41667,0.0,adm1_name
327952,NG-BO,2019,1,Borno state,12.1101,13.98946,0.0,adm1_name
327956,NG-BO,2019,1,Borno state,11.850742,12.882295,0.0,adm1_name
327959,NG-BO,2019,1,Borno state,10.73115,12.14626,1.0,adm1_name
322921,NG-BO,2020,1,Borno state,11.84276,12.77548,10.0,adm1_name
334232,NG-BO,2020,1,Borno state,12.571088,13.963203,3.0,adm1_name
326452,NG-BO,2020,1,Borno state,11.848917,12.902194,3.0,adm1_name
326404,NG-BO,2020,1,Borno state,11.84685,12.9359,2.0,adm1_name
326463,NG-BO,2020,1,Borno state,12.67863,13.60792,39.0,adm1_name
327073,NG-BO,2020,1,Borno state,13.41287,13.796257,0.0,adm1_name
327055,NG-BO,2020,1,Borno state,12.989201,13.832239,3.0,adm1_name
334256,NG-BO,2020,1,Borno state,11.8826,13.3434,0.0,adm1_name
327050,NG-BO,2020,1,Borno state,12.989201,13.832239,1.0,adm1_name
327244,NG-BO,2020,1,Borno state,11.84685,12.9359,4.0,adm1_name
334334,NG-BO,2020,1,Borno state,10.91729,12.514962,0.0,adm1_name
327477,NG-BO,2020,1,Borno state,12.34151,14.187534,25.0,adm1_name
328558,NG-YO,2020,1,Yobe state,12.897,11.9304,3.0,adm1_name
327543,NG-BO,2020,1,Borno state,11.83022,12.63067,12.0,adm1_name
328678,NG-BO,2020,1,Borno state,13.4814,13.483791,13.0,adm1_name
328624,NG-BO,2020,1,Borno state,12.374126,14.222062,1.0,adm1_name
328309,NG-BO,2020,1,Borno state,13.36901,12.78577,14.0,adm1_name
328313,NG-BO,2020,1,Borno state,11.64518,12.45165,4.0,adm1_name
328536,NG-BO,2020,1,Borno state,10.64697,12.91104,3.0,adm1_name
331135,NG-BO,2020,1,Borno state,12.230436,14.180893,3.0,adm1_name
332232,NG-BO,2020,1,Borno state,12.230436,14.180893,2.0,adm1_name
331485,NG-BO,2020,1,Borno state,11.199098,12.91491,3.0,adm1_name
331460,NG-BO,2020,1,Borno state,12.042099,13.068708,4.0,adm1_name
331462,NG-BO,2020,1,Borno state,12.252155,13.105596,1.0,adm1_name
331463,NG-BO,2020,1,Borno state,12.28295,14.47243,5.0,adm1_name
334363,NG-BO,2020,1,Borno state,12.1101,13.98946,0.0,adm1_name
331569,NG-BO,2020,1,Borno state,12.79305,14.12087,3.0,adm1_name
331748,NG-BO,2020,1,Borno state,10.868515,12.708618,1.0,adm1_name
331768,NG-BO,2020,1,Borno state,12.36532,13.8293,1.0,adm1_name
331769,NG-BO,2020,1,Borno state,12.36532,13.8293,1.0,adm1_name
332213,NG-BO,2020,1,Borno state,13.151034,13.964249,1.0,adm1_name
332220,NG-BO,2020,1,Borno state,12.96309,13.60899,1.0,adm1_name
332073,NG-BO,2020,1,Borno state,11.92543,13.60269,0.0,adm1_name
331763,NG-AD,2020,1,Adamawa state,10.41452,12.56634,8.0,adm1_name
332221,NG-BO,2020,1,Borno state,11.339916,13.796287,1.0,adm1_name
335221,NG-BO,2020,1,Borno state,13.09466,13.82343,3.0,adm1_name
334474,NG-BO,2020,1,Borno state,11.8826,13.3434,0.0,adm1_name
334475,NG-YO,2020,1,Yobe state,12.49536,11.49977,8.0,adm1_name
335240,NG-BO,2020,1,Borno state,11.509016,14.130267,2.0,adm1_name
334472,NG-BO,2020,1,Borno state,11.15604,12.75758,30.0,adm1_name
334473,NG-BO,2020,1,Borno state,13.09466,13.82343,0.0,adm1_name
334482,NG-BO,2020,1,Borno state,13.09466,13.82343,0.0,adm1_name
334872,NG-BO,2020,1,Borno state,13.09165,12.6966,2.0,adm1_name
335242,NG-BO,2020,1,Borno state,13.151034,13.964249,3.0,adm1_name
335244,NG-BO,2020,1,Borno state,12.67777,12.75361,2.0,adm1_name
335132,NG-BO,2020,1,Borno state,12.67777,12.75361,7.0,adm1_name
336171,NG-BO,2020,1,Borno state,12.96309,13.60899,10.0,adm1_name
335294,NG-BO,2020,1,Borno state,12.630817,13.962277,2.0,adm1_name
335295,NG-BO,2020,1,Borno state,11.5,13.0,2.0,adm1_name
335296,NG-BO,2020,1,Borno state,13.09466,13.82343,0.0,adm1_name
335218,NG-BO,2020,1,Borno state,11.37327,12.43266,170.0,adm1_name
335524,NG-BO,2020,1,Borno state,11.92589,13.23062,0.0,adm1_name
335534,NG-BO,2020,1,Borno state,12.13333,14.3,2.0,adm1_name
335536,NG-BO,2020,1,Borno state,11.83022,12.63067,0.0,adm1_name
335535,NG-BO,2020,1,Borno state,11.259902,12.351687,0.0,adm1_name
338522,NG-BO,2020,1,Borno state,11.37327,12.43266,4.0,adm1_name
335537,NG-YO,2020,1,Yobe state,13.09969,12.1079,4.0,adm1_name
336480,NG-BO,2020,1,Borno state,13.489685,13.456828,2.0,adm1_name
336484,NG-BO,2020,1,Borno state,13.151034,13.964249,19.0,adm1_name
338165,NG-BO,2020,1,Borno state,13.489685,13.456828,3.0,adm1_name
338092,NG-BO,2020,1,Borno state,10.91729,12.514962,0.0,adm1_name
338168,NG-BO,2020,1,Borno state,12.37066,14.21731,3.0,adm1_name
338182,NG-BO,2020,1,Borno state,11.09826,12.76417,17.0,adm1_name
338203,NG-BO,2020,1,Borno state,13.41287,13.796257,0.0,adm1_name
338194,NG-BO,2020,1,Borno state,11.92589,13.23062,8.0,adm1_name
338207,NG-BO,2020,1,Borno state,11.5,13.0,3.0,adm1_name
339954,NG-BO,2020,1,Borno state,11.7593,12.2561,0.0,adm1_name
339956,NG-BO,2020,1,Borno state,11.15604,12.75758,0.0,adm1_name
339957,NG-YO,2020,1,Yobe state,11.48451,12.31264,0.0,adm1_name
338206,NG-YO,2020,1,Yobe state,11.20148,12.03125,106.0,adm1_name
339684,NG-YO,2020,1,Yobe state,12.897,11.9304,1.0,adm1_name
339685,NG-BO,2020,1,Borno state,11.84685,12.9359,5.0,adm1_name
339688,NG-BO,2020,1,Borno state,13.09466,13.82343,0.0,adm1_name
339631,NG-BO,2020,1,Borno state,12.571088,13.963203,5.0,adm1_name
339689,NG-BO,2020,1,Borno state,12.39445,14.192179,1.0,adm1_name
339691,NG-BO,2020,1,Borno state,11.84685,12.9359,0.0,adm1_name
339641,NG-BO,2020,1,Borno state,11.259902,12.351687,78.0,adm1_name
339642,NG-BO,2020,1,Borno state,11.23569,12.38397,56.0,adm1_name
339694,NG-BO,2020,1,Borno state,10.90484,12.08863,0.0,adm1_name
339695,NG-YO,2020,1,Yobe state,11.26889,11.99694,0.0,adm1_name
341889,NG-BO,2020,1,Borno state,13.312921,12.980921,50.0,adm1_name
341883,NG-BO,2020,1,Borno state,11.439891,12.945559,0.0,adm1_name
341887,NG-BO,2020,1,Borno state,12.49303,13.20914,1.0,adm1_name
341891,NG-BO,2020,1,Borno state,11.83022,12.63067,14.0,adm1_name
342096,NG-BO,2020,1,Borno state,13.09466,13.82343,0.0,adm1_name
342097,NG-BO,2020,1,Borno state,13.09466,13.82343,21.0,adm1_name
342102,NG-BO,2020,1,Borno state,12.252155,13.105596,21.0,adm1_name
342218,NG-BO,2020,1,Borno state,12.1101,13.98946,0.0,adm1_name
342193,NG-YO,2020,1,Yobe state,11.06025,12.04541,9.0,adm1_name
342106,NG-YO,2020,1,Yobe state,12.49536,11.49977,6.0,adm1_name
342254,NG-BO,2020,1,Borno state,11.90069,14.02693,0.0,adm1_name
342252,NG-BO,2020,1,Borno state,12.252155,13.105596,5.0,adm1_name
342232,NG-BO,2020,1,Borno state,12.252155,13.105596,2.0,adm1_name
342259,NG-BO,2020,1,Borno state,12.028284,14.045022,0.0,adm1_name
342234,NG-BO,2020,1,Borno state,11.97351,13.71187,0.0,adm1_name
342236,NG-BO,2020,1,Borno state,11.97351,13.71187,0.0,adm1_name
342237,NG-BO,2020,1,Borno state,13.529438,13.436143,3.0,adm1_name
342265,NG-BO,2020,1,Borno state,11.92589,13.23062,0.0,adm1_name
346249,NG-GO,2020,1,,10.569692,11.554794,2.0,point_in_polygon
346757,NG-BO,2020,1,Borno state,13.065654,13.771354,0.0,adm1_name
346758,NG-BO,2020,1,Borno state,13.6734,13.3388,0.0,adm1_name
346759,NG-BO,2020,1,Borno state,13.19304,13.61461,0.0,adm1_name
346749,NG-BO,2020,1,Borno state,13.19304,13.61461,0.0,adm1_name
346786,NG-BO,2020,1,Borno state,13.09466,13.82343,10.0,adm1_name
345981,NG-BO,2020,1,Borno state,11.84685,12.9359,6.0,adm1_name
346812,NG-BO,2020,1,Borno state,12.49303,13.20914,0.0,adm1_name
346682,NG-BO,2020,1,Borno state,11.439891,12.945559,4.0,adm1_name
346821,NG-BO,2020,1,Borno state,12.67863,13.60792,0.0,adm1_name
346928,NG-BO,2020,1,Borno state,12.62357,13.27476,5.0,adm1_name
346183,NG-BO,2020,1,Borno state,12.67863,13.60792,35.0,adm1_name
346819,NG-BO,2020,1,Borno state,13.6734,13.3388,0.0,adm1_name
346820,NG-BO,2020,1,Borno state,11.439891,12.945559,0.0,adm1_name
346824,NG-BO,2020,1,Borno state,12.652114,13.362951,0.0,adm1_name
346320,NG-BO,2020,1,Borno state,12.42499,13.9373,0.0,adm1_name
346322,NG-BO,2020,1,Borno state,12.37066,14.21731,0.0,adm1_name
346613,NG-BO,2020,1,Borno state,11.5,13.0,3.0,adm1_name
346614,NG-BO,2020,1,Borno state,12.230436,14.180893,12.0,adm1_name
346831,NG-BO,2020,1,Borno state,13.6734,13.3388,0.0,adm1_name
346836,NG-BO,2020,1,Borno state,12.94515,13.67232,2.0,adm1_name
346837,NG-BO,2020,1,Borno state,13.6734,13.3388,0.0,adm1_name
346354,NG-BO,2020,1,Borno state,11.439891,12.945559,22.0,adm1_name
346362,NG-BO,2020,1,Borno state,12.05,14.1,2.0,adm1_name
346839,NG-BO,2020,1,Borno state,13.09771,12.4952,12.0,adm1_name
349070,NG-BO,2020,1,Borno state,12.1101,13.98946,0.0,adm1_name
348696,NG-BO,2020,1,Borno state,11.83022,12.63067,1.0,adm1_name
348701,NG-BO,2020,1,Borno state,12.499,12.7848,3.0,adm1_name
348441,NG-BO,2020,1,Borno state,11.3885,12.9074,52.0,adm1_name
349077,NG-BO,2020,1,Borno state,11.92589,13.23062,0.0,adm1_name
349081,NG-BO,2020,1,Borno state,12.308693,14.138749,0.0,adm1_name
349079,NG-BO,2020,1,Borno state,13.09466,13.82343,0.0,adm1_name
349083,NG-BO,2020,1,Borno state,12.149615,13.07305,0.0,adm1_name
348504,NG-BO,2020,1,Borno state,11.83022,12.63067,0.0,adm1_name
348474,NG-BO,2020,1,Borno state,11.489108,12.964974,8.0,adm1_name
348476,NG-BO,2020,1,Borno state,11.5,13.0,2.0,adm1_name
349099,NG-BO,2020,1,Borno state,11.5,13.0,0.0,adm1_name
349247,NG-BO,2020,1,Borno state,13.09771,12.4952,8.0,adm1_name
349120,NG-BO,2020,1,Borno state,12.652114,13.362951,0.0,adm1_name
349106,NG-BO,2020,1,Borno state,12.042099,13.068708,0.0,adm1_name
348570,NG-BO,2020,1,Borno state,11.439891,12.945559,10.0,adm1_name
349108,NG-BO,2020,1,Borno state,13.01486,13.742053,0.0,adm1_name
349111,NG-BO,2020,1,Borno state,13.09466,13.82343,0.0,adm1_name
349112,NG-BO,2020,1,Borno state,13.09466,13.82343,0.0,adm1_name
349110,NG-BO,2020,1,Borno state,12.1131,12.8274,0.0,adm1_name
349116,NG-BO,2020,1,Borno state,13.09466,13.82343,0.0,adm1_name
349127,NG-BO,2020,1,Borno state,12.67863,13.60792,0.0,adm1_name
349129,NG-BO,2020,1,Borno state,12.19763,14.0223,0.0,adm1_name
354301,NG-BO,2020,1,Borno state,13.09466,13.82343,0.0,adm1_name
354304,NG-BO,2020,1,Borno state,13.09466,13.82343,0.0,adm1_name
354306,NG-BO,2020,1,Borno state,11.5,13.0,0.0,adm1_name
354308,NG-BO,2020,1,Borno state,12.714111,12.672198,0.0,adm1_name
354411,NG-BO,2020,1,Borno state,11.90069,14.02693,0.0,adm1_name
354239,NG-BO,2020,1,Borno state,13.09466,13.82343,3.0,adm1_name
354425,NG-BO,2020,1,Borno state,13.09466,13.82343,0.0,adm1_name
354427,NG-BO,2020,1,Borno state,13.09466,13.82343,3.0,adm1_name
353132,NG-BO,2020,1,Borno state,12.230436,14.180893,3.0,adm1_name
354432,NG-BO,2020,1,Borno state,12.714111,12.672198,0.0,adm1_name
354458,NG-BO,2020,1,Borno state,13.09466,13.82343,0.0,adm1_name
354463,NG-BO,2020,1,Borno state,12.652114,13.362951,0.0,adm1_name
354464,NG-BO,2020,1,Borno state,11.83022,12.63067,0.0,adm1_name
354472,NG-BO,2020,1,Borno state,12.39445,14.192179,0.0,adm1_name
354504,NG-BO,2020,1,Borno state,11.90069,14.02693,4.0,adm1_name
354505,NG-BO,2020,1,Borno state,11.339916,13.796287,1.0,adm1_name
353150,NG-BO,2020,1,Borno state,12.816487,12.624444,0.0,adm1_name
353188,NG-BO,2020,1,Borno state,12.596449,14.051482,3.0,adm1_name
353214,NG-BO,2020,1,Borno state,11.738337,13.75099,0.0,adm1_name
353215,NG-BO,2020,1,Borno state,12.639105,14.057779,3.0,adm1_name
353281,NG-BO,2020,1,Borno state,12.1131,12.8274,6.0,adm1_name
353283,NG-BO,2020,1,Borno state,12.92475,13.56617,16.0,adm1_name
354503,NG-BO,2020,1,Borno state,12.1101,13.98946,0.0,adm1_name
354163,NG-BO,2020,1,Borno state,12.05,14.1,3.0,adm1_name
354513,NG-BO,2020,1,Borno state,12.8847,12.5081,0.0,adm1_name
354516,NG-BO,2020,1,Borno state,12.79305,14.12087,9.0,adm1_name
353388,NG-BO,2020,1,Borno state,12.75148,13.973782,9.0,adm1_name
354518,NG-BO,2020,1,Borno state,12.652114,13.362951,0.0,adm1_name
354520,NG-BO,2020,1,Borno state,11.850742,12.882295,0.0,adm1_name
353427,NG-BO,2020,1,Borno state,12.26189,14.07576,2.0,adm1_name
354533,NG-BO,2020,1,Borno state,11.489108,12.964974,11.0,adm1_name
359031,NG-BO,2020,1,Borno state,12.37066,14.21731,0.0,adm1_name
354523,NG-BO,2020,1,Borno state,12.022797,14.184478,2.0,adm1_name
353669,NG-BO,2020,1,Borno state,12.1131,12.8274,30.0,adm1_name
353671,NG-BO,2020,1,Borno state,13.002521,13.7255,10.0,adm1_name
354526,NG-BO,2020,1,Borno state,13.09466,13.82343,0.0,adm1_name
354528,NG-YO,2020,1,Yobe state,11.26889,11.99694,0.0,adm1_name
359030,NG-BO,2020,1,Borno state,12.305677,12.78584,1.0,adm1_name
359239,NG-BO,2020,1,Borno state,12.001013,13.177135,2.0,adm1_name
359249,NG-BO,2020,1,Borno state,12.34151,14.187534,1.0,adm1_name
359250,NG-BO,2020,1,Borno state,13.09466,13.82343,1.0,adm1_name
359034,NG-BO,2020,1,Borno state,13.002521,13.7255,0.0,adm1_name
359032,NG-BO,2020,1,Borno state,13.09466,13.82343,0.0,adm1_name
359261,NG-YO,2020,1,Yobe state,12.871,11.0482,4.0,adm1_name
359651,NG-YO,2020,1,Yobe state,12.866667,10.966667,0.0,adm1_name
359267,NG-BO,2020,1,Borno state,12.210393,14.025978,0.0,adm1_name
359271,NG-BO,2020,1,Borno state,13.09771,12.4952,1.0,adm1_name
359115,NG-BO,2020,1,Borno state,12.67863,13.60792,2.0,adm1_name
358484,NG-BO,2020,1,Borno state,10.931916,12.524372,7.0,adm1_name
359285,NG-BO,2020,1,Borno state,11.738337,13.75099,3.0,adm1_name
359292,NG-BO,2020,1,Borno state,12.67863,13.60792,0.0,adm1_name
359293,NG-BO,2020,1,Borno state,11.5,13.0,0.0,adm1_name
359299,NG-BO,2020,1,Borno state,13.151034,13.964249,3.0,adm1_name
358566,NG-BO,2020,1,Borno state,13.09466,13.82343,18.0,adm1_name
358595,NG-BO,2020,1,Borno state,13.09466,13.82343,5.0,adm1_name
359311,NG-BO,2020,1,Borno state,12.05,14.1,0.0,adm1_name
359315,NG-BO,2020,1,Borno state,12.36532,13.8293,3.0,adm1_name
359041,NG-BO,2020,1,Borno state,12.499,12.7848,0.0,adm1_name
359044,NG-BO,2020,1,Borno state,10.999335,12.585908,0.0,adm1_name
359046,NG-BO,2020,1,Borno state,10.69577,12.33134,0.0,adm1_name
359063,NG-BO,2020,1,Borno state,12.596449,14.051482,3.0,adm1_name
358644,NG-BO,2020,1,Borno state,12.03609,13.91815,11.0,adm1_name
359069,NG-BO,2020,1,Borno state,12.061203,14.028064,0.0,adm1_name
359070,NG-BO,2020,1,Borno state,12.05,14.1,0.0,adm1_name
366727,NG-BO,2020,1,Borno state,13.6734,13.3388,0.0,adm1_name
366744,NG-BO,2020,1,Borno state,12.499,12.7848,0.0,adm1_name
366754,NG-BO,2020,1,Borno state,11.15604,12.75758,0.0,adm1_name
366747,NG-BO,2020,1,Borno state,13.375603,13.507019,1.0,adm1_name
366751,NG-BO,2020,1,Borno state,12.734943,13.964024,2.0,adm1_name
366780,NG-BO,2020,1,Borno state,12.1131,12.8274,0.0,adm1_name
364793,NG-BO,2020,1,Borno state,11.15345,12.1561,24.0,adm1_name
364822,NG-BO,2020,1,Borno state,11.84276,12.77548,14.0,adm1_name
366784,NG-BO,2020,1,Borno state,12.16777,12.800972,0.0,adm1_name
366839,NG-BO,2020,1,Borno state,12.50884,13.10414,4.0,adm1_name
366793,NG-BO,2020,1,Borno state,11.15345,12.1561,0.0,adm1_name
366803,NG-BO,2020,1,Borno state,11.9648,14.16666,0.0,adm1_name
366827,NG-BO,2020,1,Borno state,11.15345,12.1561,0.0,adm1_name
365161,NG-BO,2020,1,Borno state,12.459779,13.193997,3.0,adm1_name
365162,NG-BO,2020,1,Borno state,12.1131,12.8274,11.0,adm1_name
366857,NG-BO,2020,1,Borno state,12.1131,12.8274,0.0,adm1_name
366874,NG-BO,2020,1,Borno state,12.49303,13.20914,0.0,adm1_name
366861,NG-BO,2020,1,Borno state,13.168496,12.982982,2.0,adm1_name
365163,NG-BO,2020,1,Borno state,13.6734,13.3388,2.0,adm1_name
365159,NG-YO,2020,1,Yobe state,12.1076,11.7539,7.0,adm1_name
365183,NG-BO,2020,1,Borno state,11.15604,12.75758,20.0,adm1_name
366870,NG-BO,2020,1,Borno state,12.042099,13.068708,0.0,adm1_name
366865,NG-BO,2020,1,Borno state,12.36532,13.8293,0.0,adm1_name
365186,NG-BO,2020,1,Borno state,13.6734,13.3388,0.0,adm1_name
366875,NG-BO,2020,1,Borno state,10.698612,12.276596,0.0,adm1_name
366876,NG-BO,2020,1,Borno state,12.67863,13.60792,0.0,adm1_name
366871,NG-BO,2020,1,Borno state,13.6734,13.3388,0.0,adm1_name
371275,NG-BO,2020,1,Borno state,12.618096,13.332251,40.0,adm1_name
370566,NG-BO,2020,1,Borno state,12.652114,13.362951,0.0,adm1_name
370485,NG-BO,2020,1,Borno state,13.6734,13.3388,9.0,adm1_name
371454,NG-BO,2020,1,Borno state,11.826537,12.698943,0.0,adm1_name
371356,NG-BO,2020,1,Borno state,12.21532,14.18319,2.0,adm1_name
371466,NG-BO,2020,1,Borno state,12.36532,13.8293,0.0,adm1_name
371467,NG-BO,2020,1,Borno state,13.09466,13.82343,0.0,adm1_name
371468,NG-YO,2020,1,Yobe state,11.20148,12.03125,5.0,adm1_name
371276,NG-BO,2020,1,Borno state,13.524385,13.496058,3.0,adm1_name
371478,NG-BO,2020,1,Borno state,12.652114,13.362951,0.0,adm1_name
371479,NG-BO,2020,1,Borno state,12.8847,12.5081,0.0,adm1_name
371720,NG-BO,2020,1,,11.630326,12.322796,0.0,point_in_polygon
371688,NG-BO,2020,1,Borno state,13.09466,13.82343,0.0,adm1_name
371698,NG-BO,2020,1,Borno state,12.652114,13.362951,1.0,adm1_name
371786,NG-BO,2020,1,Borno state,12.1131,12.8274,6.0,adm1_name
370901,NG-BO,2020,1,Borno state,12.49303,13.20914,8.0,adm1_name
371063,NG-BO,2020,1,Borno state,13.4814,13.483791,3.0,adm1_name
371788,NG-BO,2020,1,Borno state,13.19304,13.61461,24.0,adm1_name
371789,NG-BO,2020,1,Borno state,12.204874,13.87403,0.0,adm1_name
371805,NG-BO,2020,1,Borno state,13.002521,13.7255,0.0,adm1_name
371820,NG-BO,2020,1,Borno state,11.15345,12.1561,1.0,adm1_name
371818,NG-BO,2020,1,Borno state,12.483371,14.183386,2.0,adm1_name
371809,NG-BO,2020,1,Borno state,12.596449,14.051482,1.0,adm1_name
371828,NG-BO,2020,1,Borno state,12.210393,14.025978,0.0,adm1_name
375696,NG-GO,2020,1,,10.569692,11.554794,0.0,point_in_polygon
374459,NG-BO,2020,1,Borno state,12.75148,13.973782,1.0,adm1_name
375729,NG-BO,2020,1,Borno state,11.877262,13.402091,0.0,adm1_name
375709,NG-BO,2020,1,Borno state,12.8847,12.5081,0.0,adm1_name
374377,NG-BO,2020,1,Borno state,12.1101,13.98946,0.0,adm1_name
374373,NG-BO,2020,1,Borno state,12.37066,14.21731,0.0,adm1_name
374367,NG-BO,2020,1,Borno state,11.19507,13.06153,12.0,adm1_name
375734,NG-BO,2020,1,Borno state,13.6734,13.3388,0.0,adm1_name
375751,NG-BO,2020,1,Borno state,11.439891,12.945559,0.0,adm1_name
375754,NG-BO,2020,1,Borno state,11.8826,13.3434,0.0,adm1_name
374414,NG-BO,2020,1,Borno state,10.64697,12.91104,22.0,adm1_name
375802,NG-BO,2020,1,Borno state,13.6734,13.3388,0.0,adm1_name
375806,NG-BO,2020,1,Borno state,11.847016,13.020868,0.0,adm1_name
374522,NG-BO,2020,1,Borno state,12.94515,13.67232,4.0,adm1_name
375267,NG-BO,2020,1,,11.82208,12.598166,1.0,point_in_polygon
374565,NG-BO,2020,1,Borno state,11.92543,13.60269,5.0,adm1_name
374576,NG-BO,2020,1,Borno state,12.03609,13.91815,3.0,adm1_name
374578,NG-BO,2020,1,Borno state,11.97351,13.71187,1.0,adm1_name
374669,NG-AD,2020,1,Adamawa state,10.41452,12.56634,6.0,adm1_name
374736,NG-BO,2020,1,Borno state,11.5,13.0,0.0,adm1_name
374682,NG-BO,2020,1,Borno state,10.4331,12.24682,40.0,adm1_name
374680,NG-BO,2020,1,Borno state,10.4331,12.24682,12.0,adm1_name
374750,NG-BO,2020,1,Borno state,12.19763,14.0223,4.0,adm1_name
375825,NG-BO,2020,1,Borno state,12.37066,14.21731,0.0,adm1_name
375826,NG-BO,2020,1,Borno state,13.375603,13.507019,3.0,adm1_name
374802,NG-BO,2020,1,Borno state,12.042099,13.068708,3.0,adm1_name
401849,NG-BO,2021,1,Borno state,11.90069,14.02693,14.0,adm1_name
375832,NG-BO,2021,1,Borno state,11.253701,12.152118,1.0,adm1_name
381358,NG-BO,2021,1,Borno state,12.57852,13.61727,0.0,adm1_name
381202,NG-BO,2021,1,Borno state,13.6734,13.3388,0.0,adm1_name
381232,NG-BO,2021,1,Borno state,13.6734,13.3388,0.0,adm1_name
381234,NG-BO,2021,1,Borno state,11.3153,12.4742,2.0,adm1_name
381500,NG-BO,2021,1,Borno state,11.339598,12.444992,0.0,adm1_name
379545,NG-YO,2021,1,Yobe state,12.897,11.9304,0.0,adm1_name
379742,NG-YO,2021,1,Yobe state,12.0,11.5,36.0,adm1_name
381246,NG-BO,2021,1,Borno state,11.877262,13.402091,0.0,adm1_name
381250,NG-BO,2021,1,Borno state,12.49303,13.20914,0.0,adm1_name
381251,NG-BO,2021,1,Borno state,11.3153,12.4742,0.0,adm1_name
381248,NG-BO,2021,1,Borno state,12.042099,13.068708,0.0,adm1_name
381247,NG-BO,2021,1,Borno state,11.877262,13.402091,0.0,adm1_name
381289,NG-YO,2021,1,Yobe state,11.38333,11.96667,34.0,adm1_name
379683,NG-YO,2021,1,Yobe state,11.498089,11.934311,13.0,adm1_name
379701,NG-BO,2021,1,Borno state,11.3153,12.4742,11.0,adm1_name
381275,NG-BO,2021,1,Borno state,12.36532,13.8293,0.0,adm1_name
379732,NG-BO,2021,1,Borno state,11.22824,12.31561,30.0,adm1_name
379740,NG-BO,2021,1,Borno state,11.83022,12.63067,3.0,adm1_name
381329,NG-BO,2021,1,Borno state,11.196602,12.613302,0.0,adm1_name
381330,NG-BO,2021,1,Borno state,11.15345,12.1561,0.0,adm1_name
381331,NG-BO,2021,1,Borno state,11.3153,12.4742,0.0,adm1_name
381333,NG-BO,2021,1,Borno state,11.37327,12.43266,0.0,adm1_name
381353,NG-YO,2021,1,Yobe state,12.897,11.9304,2.0,adm1_name
381453,NG-BO,2021,1,Borno state,12.49303,13.20914,0.0,adm1_name
381426,NG-BO,2021,1,Borno state,11.15345,12.1561,0.0,adm1_name
381417,NG-BO,2021,1,Borno state,11.3153,12.4742,0.0,adm1_name
381415,NG-BO,2021,1,Borno state,11.37327,12.43266,0.0,adm1_name
381507,NG-BO,2021,1,Borno state,12.24421,13.8605,3.0,adm1_name
379745,NG-BO,2021,1,Borno state,12.36532,13.8293,1.0,adm1_name
381455,NG-BO,2021,1,Borno state,11.37327,12.43266,0.0,adm1_name
379847,NG-BO,2021,1,Borno state,12.36532,13.8293,24.0,adm1_name
381463,NG-BO,2021,1,Borno state,11.37327,12.43266,0.0,adm1_name
381480,NG-BO,2021,1,,11.432681,12.378878,0.0,point_in_polygon
381483,NG-BO,2021,1,Borno state,11.339598,12.444992,0.0,adm1_name
381488,NG-BO,2021,1,Borno state,11.09826,12.76417,3.0,adm1_name
381638,NG-BO,2021,1,Borno state,12.652114,13.362951,2.0,adm1_name
419088,NG-BO,2021,1,Borno state,11.23038,12.470897,2.0,adm1_name
381484,NG-BO,2021,1,Borno state,11.5,13.0,0.0,adm1_name
381485,NG-BO,2021,1,Borno state,11.15345,12.1561,0.0,adm1_name
381506,NG-BO,2021,1,Borno state,12.042099,13.068708,1.0,adm1_name
381524,NG-BO,2021,1,Borno state,11.92543,13.60269,0.0,adm1_name
381513,NG-BO,2021,1,Borno state,11.37327,12.43266,0.0,adm1_name
381514,NG-BO,2021,1,Borno state,11.15345,12.1561,0.0,adm1_name
381516,NG-YO,2021,1,Yobe state,12.0,11.5,5.0,adm1_name
381517,NG-BO,2021,1,Borno state,11.378341,13.706535,3.0,adm1_name
386496,NG-BO,2021,1,Borno state,11.58605,13.00278,0.0,adm1_name
386491,NG-BO,2021,1,Borno state,11.850742,12.882295,0.0,adm1_name
386501,NG-BO,2021,1,Borno state,11.37327,12.43266,0.0,adm1_name
386466,NG-BO,2021,1,Borno state,11.259902,12.351687,58.0,adm1_name
381535,NG-BO,2021,1,Borno state,12.03609,13.91815,2.0,adm1_name
381536,NG-BO,2021,1,Borno state,11.925833,13.605556,0.0,adm1_name
386506,NG-BO,2021,1,Borno state,11.339598,12.444992,0.0,adm1_name
380399,NG-BO,2021,1,Borno state,11.971431,12.975204,2.0,adm1_name
381550,NG-BO,2021,1,Borno state,13.6734,13.3388,0.0,adm1_name
386516,NG-BO,2021,1,Borno state,11.245054,12.12095,3.0,adm1_name
386526,NG-BO,2021,1,Borno state,12.308693,14.138749,0.0,adm1_name
385854,NG-BO,2021,1,Borno state,12.37066,14.21731,4.0,adm1_name
385259,NG-BO,2021,1,,11.432681,12.378878,1.0,point_in_polygon
385285,NG-BO,2021,1,Borno state,11.5,13.0,0.0,adm1_name
385262,NG-BO,2021,1,Borno state,11.826537,12.698943,0.0,adm1_name
386580,NG-BO,2021,1,Borno state,12.57852,13.61727,0.0,adm1_name
386584,NG-BO,2021,1,Borno state,11.5,13.0,0.0,adm1_name
385857,NG-BO,2021,1,Borno state,12.28295,14.47243,20.0,adm1_name
385286,NG-YO,2021,1,Yobe state,12.897,11.9304,6.0,adm1_name
385328,NG-BO,2021,1,Borno state,10.64697,12.91104,32.0,adm1_name
385431,NG-BO,2021,1,Borno state,12.79148,13.67426,3.0,adm1_name
386596,NG-BO,2021,1,Borno state,11.339598,12.444992,0.0,adm1_name
386598,NG-BO,2021,1,Borno state,11.37327,12.43266,0.0,adm1_name
386602,NG-BO,2021,1,Borno state,11.339598,12.444992,0.0,adm1_name
386603,NG-BO,2021,1,,11.432681,12.378878,0.0,point_in_polygon
386629,NG-BO,2021,1,Borno state,13.6734,13.3388,0.0,adm1_name
385758,NG-BO,2021,1,Borno state,12.24421,13.8605,8.0,adm1_name
386122,NG-YO,2021,1,Yobe state,12.769654,11.510028,13.0,adm1_name
386663,NG-BO,2021,1,Borno state,12.811364,13.164377,0.0,adm1_name
386678,NG-BO,2021,1,Borno state,12.8847,12.5081,0.0,adm1_name
385798,NG-BO,2021,1,Borno state,11.339598,12.444992,0.0,adm1_name
385791,NG-BO,2021,1,Borno state,12.03609,13.91815,1.0,adm1_name
386685,NG-BO,2021,1,Borno state,11.339598,12.444992,0.0,adm1_name
385886,NG-YO,2021,1,Yobe state,11.48451,12.31264,0.0,adm1_name
386702,NG-BO,2021,1,Borno state,12.652114,13.362951,0.0,adm1_name
385917,NG-BO,2021,1,Borno state,12.24421,13.8605,24.0,adm1_name
386838,NG-BO,2021,1,Borno state,11.83022,12.63067,2.0,adm1_name
386710,NG-BO,2021,1,Borno state,11.851818,12.851909,2.0,adm1_name
386753,NG-YO,2021,1,Yobe state,11.48451,12.31264,0.0,adm1_name
386745,NG-YO,2021,1,Yobe state,13.14883,11.540099,0.0,adm1_name
386748,NG-YO,2021,1,Yobe state,12.897,11.9304,0.0,adm1_name
386751,NG-BO,2021,1,Borno state,11.339598,12.444992,0.0,adm1_name
386752,NG-BO,2021,1,Borno state,13.09466,13.82343,0.0,adm1_name
385967,NG-BO,2021,1,Borno state,12.03609,13.91815,6.0,adm1_name
386741,NG-BO,2021,1,Borno state,12.03609,13.91815,0.0,adm1_name
386765,NG-BO,2021,1,Borno state,12.49303,13.20914,3.0,adm1_name
391699,NG-BO,2021,1,Borno state,11.09826,12.76417,0.0,adm1_name
391659,NG-BO,2021,1,Borno state,12.21532,14.18319,0.0,adm1_name
391666,NG-BO,2021,1,Borno state,13.6734,13.3388,0.0,adm1_name
391716,NG-BO,2021,1,Borno state,13.41287,13.796257,14.0,adm1_name
391717,NG-BO,2021,1,Borno state,13.48895,13.32904,13.0,adm1_name
391718,NG-BO,2021,1,Borno state,13.452662,13.490481,13.0,adm1_name
391724,NG-BO,2021,1,Borno state,12.550186,14.066448,27.0,adm1_name
389901,NG-BO,2021,1,Borno state,11.84276,12.77548,4.0,adm1_name
390176,NG-BO,2021,1,Borno state,11.259902,12.351687,2.0,adm1_name
391554,NG-BO,2021,1,Borno state,13.6734,13.3388,0.0,adm1_name
391550,NG-BO,2021,1,Borno state,11.775579,12.346455,11.0,adm1_name
390185,NG-BO,2021,1,Borno state,12.94284,13.17831,22.0,adm1_name
391759,NG-BO,2021,1,Borno state,11.90472,13.18111,1.0,adm1_name
391761,NG-BO,2021,1,Borno state,11.92589,13.23062,0.0,adm1_name
391062,NG-BO,2021,1,Borno state,13.09771,12.4952,51.0,adm1_name
391063,NG-BO,2021,1,Borno state,12.21532,14.18319,41.0,adm1_name
390314,NG-BO,2021,1,Borno state,11.90069,14.02693,6.0,adm1_name
391762,NG-BO,2021,1,Borno state,13.09771,12.4952,3.0,adm1_name
391765,NG-BO,2021,1,Borno state,12.39445,14.192179,0.0,adm1_name
390469,NG-BO,2021,1,Borno state,12.483371,14.183386,6.0,adm1_name
391778,NG-BO,2021,1,Borno state,11.920864,12.914982,40.0,adm1_name
391815,NG-BO,2021,1,Borno state,11.09826,12.76417,0.0,adm1_name
391797,NG-YO,2021,1,Yobe state,13.057463,12.023194,0.0,adm1_name
391826,NG-BO,2021,1,Borno state,13.6734,13.3388,0.0,adm1_name
391832,NG-BO,2021,1,Borno state,12.62357,13.27476,8.0,adm1_name
398074,NG-BO,2021,1,Borno state,12.20577,14.18935,9.0,adm1_name
398131,NG-BO,2021,1,Borno state,13.452662,13.490481,9.0,adm1_name
398132,NG-BO,2021,1,Borno state,12.678615,14.171438,8.0,adm1_name
398076,NG-BO,2021,1,Borno state,12.171188,12.787245,2.0,adm1_name
398142,NG-BO,2021,1,Borno state,12.37362,13.149481,0.0,adm1_name
397300,NG-BO,2021,1,Borno state,13.09771,12.4952,6.0,adm1_name
395498,NG-BO,2021,1,Borno state,13.09771,12.4952,8.0,adm1_name
395630,NG-BO,2021,1,Borno state,11.877262,13.402091,7.0,adm1_name
395710,NG-BO,2021,1,Borno state,13.09771,12.4952,28.0,adm1_name
398151,NG-BO,2021,1,Borno state,12.49303,13.20914,21.0,adm1_name
397647,NG-BO,2021,1,Borno state,13.09771,12.4952,8.0,adm1_name
398379,NG-BO,2021,1,Borno state,12.816487,12.624444,0.0,adm1_name
396550,NG-BO,2021,1,Borno state,11.0319,12.0597,5.0,adm1_name
396565,NG-BO,2021,1,Borno state,12.03609,13.91815,3.0,adm1_name
398381,NG-BO,2021,1,Borno state,11.0319,12.0597,0.0,adm1_name
398387,NG-BO,2021,1,Borno state,12.483371,14.183386,0.0,adm1_name
396855,NG-YO,2021,1,Yobe state,12.897,11.9304,21.0,adm1_name
397888,NG-YO,2021,1,Yobe state,12.897,11.9304,0.0,adm1_name
396876,NG-BO,2021,1,Borno state,11.83022,12.63067,31.0,adm1_name
396904,NG-BO,2021,1,Borno state,11.64518,12.45165,21.0,adm1_name
397050,NG-BO,2021,1,Borno state,12.483371,14.183386,2.0,adm1_name
397603,NG-YO,2021,1,Yobe state,13.09969,12.1079,0.0,adm1_name
397125,NG-BO,2021,1,Borno state,12.28295,14.47243,2.0,adm1_name
397127,NG-BO,2021,1,Borno state,11.97351,13.71187,22.0,adm1_name
400909,NG-BO,2021,1,Borno state,11.97351,13.71187,30.0,adm1_name
400911,NG-BO,2021,1,Borno state,12.28295,14.47243,5.0,adm1_name
403070,NG-BO,2021,1,Borno state,12.499,12.7848,0.0,adm1_name
401039,NG-BO,2021,1,Borno state,11.3885,12.9074,1.0,adm1_name
403089,NG-BO,2021,1,Borno state,11.8826,13.3434,0.0,adm1_name
403090,NG-BO,2021,1,Borno state,12.204874,13.87403,0.0,adm1_name
403104,NG-YO,2021,1,Yobe state,13.104318,11.786481,0.0,adm1_name
402631,NG-BO,2021,1,Borno state,12.28295,14.47243,10.0,adm1_name
402638,NG-BO,2021,1,Borno state,12.204874,13.87403,8.0,adm1_name
404612,NG-YO,2021,1,Yobe state,13.09969,12.1079,1.0,adm1_name
402646,NG-BO,2021,1,Borno state,11.15604,12.75758,51.0,adm1_name
405723,NG-BO,2021,1,Borno state,13.065654,13.771354,0.0,adm1_name
405626,NG-BO,2021,1,Borno state,11.09826,12.76417,4.0,adm1_name
405722,NG-YO,2021,1,Yobe state,11.5032,11.9367,0.0,adm1_name
405371,NG-GO,2021,1,,10.569692,11.554794,0.0,point_in_polygon
405046,NG-BO,2021,1,Borno state,11.86447,12.63353,21.0,adm1_name
405313,NG-BO,2021,1,Borno state,11.255863,14.152438,24.0,adm1_name
405336,NG-GO,2021,1,,10.569692,11.554794,14.0,point_in_polygon
411338,NG-BO,2021,1,Borno state,11.5,13.0,0.0,adm1_name
411559,NG-BO,2021,1,Borno state,11.132131,13.832315,0.0,adm1_name
405662,NG-BO,2021,1,Borno state,11.851818,12.851909,9.0,adm1_name
411382,NG-BO,2021,1,Borno state,10.68692,13.26934,0.0,adm1_name
411348,NG-BO,2021,1,Borno state,12.108554,13.985713,0.0,adm1_name
411379,NG-BO,2021,1,Borno state,11.15604,12.75758,0.0,adm1_name
411381,NG-BO,2021,1,Borno state,11.851818,12.851909,0.0,adm1_name
411360,NG-YO,2021,1,Yobe state,11.56189,11.91656,0.0,adm1_name
411383,NG-BO,2021,1,Borno state,11.851818,12.851909,0.0,adm1_name
411402,NG-BO,2021,1,Borno state,11.92543,13.60269,0.0,adm1_name
411145,NG-BO,2021,1,Borno state,11.572354,13.536488,11.0,adm1_name
411025,NG-GO,2021,1,,10.569692,11.554794,0.0,point_in_polygon
411598,NG-BO,2021,1,Borno state,11.403586,13.835853,0.0,adm1_name
411633,NG-BO,2021,1,Borno state,12.67777,12.75361,40.0,adm1_name
414380,NG-BO,2021,1,Borno state,12.499,12.7848,0.0,adm1_name
411614,NG-BO,2021,1,Borno state,11.332568,13.54742,0.0,adm1_name
414082,NG-BO,2021,1,Borno state,11.5,13.0,0.0,adm1_name
414378,NG-BO,2021,1,Borno state,12.8847,12.5081,0.0,adm1_name
414375,NG-BO,2021,1,Borno state,13.6734,13.3388,0.0,adm1_name
414487,NG-BO,2021,1,Borno state,12.66013,13.36967,3.0,adm1_name
414041,NG-YO,2021,1,Yobe state,12.1076,11.7539,0.0,adm1_name
414070,NG-BO,2021,1,Borno state,13.6734,13.3388,0.0,adm1_name
414068,NG-BO,2021,1,Borno state,13.6734,13.3388,0.0,adm1_name
414073,NG-BO,2021,1,Borno state,12.28295,14.47243,9.0,adm1_name
414084,NG-BO,2021,1,Borno state,11.97351,13.71187,8.0,adm1_name
414075,NG-BO,2021,1,Borno state,11.294367,12.8483,4.0,adm1_name
414076,NG-BO,2021,1,Borno state,11.5,13.0,2.0,adm1_name
416163,NG-BO,2021,1,Borno state,12.652114,13.362951,18.0,adm1_name
416810,NG-BO,2021,1,Borno state,13.6734,13.3388,2.0,adm1_name
416334,NG-SO,2021,1,Sokoto state,13.484695,6.264093,25.0,adm1_name
416329,NG-BO,2021,1,Borno state,12.2085,13.87973,30.0,adm1_name
416431,NG-YO,2021,1,Yobe state,12.1076,11.7539,2.0,adm1_name
416423,NG-BO,2021,1,Borno state,12.803918,13.840996,28.0,adm1_name
416825,NG-BO,2021,1,Borno state,11.103593,13.712982,3.0,adm1_name
416576,NG-BO,2021,1,Borno state,11.15604,12.75758,0.0,adm1_name
420439,NG-BO,2021,1,Borno state,11.5,13.0,0.0,adm1_name
420449,NG-BO,2021,1,Borno state,11.360833,13.762558,0.0,adm1_name
420464,NG-BO,2021,1,Borno state,11.425393,13.759298,0.0,adm1_name
420396,NG-BO,2021,1,Borno state,11.7593,12.2561,4.0,adm1_name
420465,NG-AD,2021,1,Adamawa state,10.85219,13.54889,0.0,adm1_name
420467,NG-BO,2021,1,Borno state,12.652114,13.362951,0.0,adm1_name
420466,NG-BO,2021,1,Borno state,11.3548,14.21296,5.0,adm1_name
419871,NG-BO,2021,1,Borno state,11.934775,13.029663,20.0,adm1_name
419878,NG-BO,2021,1,Borno state,12.483371,14.183386,4.0,adm1_name
420029,NG-BO,2021,1,Borno state,13.6734,13.3388,101.0,adm1_name
420479,NG-BO,2021,1,Borno state,11.360833,13.762558,0.0,adm1_name
420482,NG-BO,2021,1,Borno state,11.360833,13.762558,0.0,adm1_name
420488,NG-BO,2021,1,Borno state,11.360833,13.762558,0.0,adm1_name
420006,NG-YO,2021,1,Yobe state,11.56189,11.91656,0.0,adm1_name
420487,NG-BO,2021,1,Borno state,10.984984,12.865516,0.0,adm1_name
420060,NG-BO,2021,1,Borno state,11.15604,12.75758,3.0,adm1_name
420346,NG-BO,2021,1,Borno state,11.405957,13.39628,37.0,adm1_name
420626,NG-BO,2021,1,Borno state,13.6734,13.3388,3.0,adm1_name
422876,NG-YO,2021,1,Yobe state,11.726784,12.099167,3.0,adm1_name
422877,NG-BO,2021,1,Borno state,10.64697,12.91104,7.0,adm1_name
423541,NG-BO,2021,1,Borno state,11.15604,12.75758,11.0,adm1_name
423317,NG-BO,2021,1,Borno state,12.36532,13.8293,3.0,adm1_name
423316,NG-BO,2021,1,Borno state,13.09466,13.82343,13.0,adm1_name
423354,NG-BO,2021,1,Borno state,12.49303,13.20914,1.0,adm1_name
423355,NG-YO,2021,1,Yobe state,11.26889,11.99694,0.0,adm1_name
425869,NG-BO,2021,1,Borno state,11.5,13.0,28.0,adm1_name
423358,NG-BO,2021,1,Borno state,12.28295,14.47243,27.0,adm1_name
425619,NG-BO,2021,1,Borno state,12.678615,14.171438,2.0,adm1_name
425620,NG-BO,2021,1,Borno state,12.742056,14.054035,2.0,adm1_name
425543,NG-BO,2021,1,Borno state,12.49303,13.20914,5.0,adm1_name
426174,NG-BO,2021,1,Borno state,10.60371,13.03029,0.0,adm1_name
425762,NG-AD,2021,1,Adamawa state,10.798045,13.571345,6.0,adm1_name
426190,NG-BO,2021,1,Borno state,11.309954,14.187145,0.0,adm1_name
426196,NG-BO,2021,1,Borno state,11.374388,13.876097,0.0,adm1_name
425856,NG-BO,2021,1,Borno state,12.36532,13.8293,77.0,adm1_name
425860,NG-BO,2021,1,Borno state,11.84644,13.160274,5.0,adm1_name
426188,NG-BO,2021,1,Borno state,13.432157,13.179628,3.0,adm1_name
425923,NG-YO,2021,1,Yobe state,11.26889,11.99694,9.0,adm1_name
427516,NG-BO,2022,1,Borno state,12.36532,13.8293,1.0,adm1_name
428095,NG-BO,2022,1,Borno state,10.984984,12.865516,1.0,adm1_name
428076,NG-BO,2022,1,Borno state,13.09771,12.4952,3.0,adm1_name
428105,NG-BO,2022,1,Borno state,12.204874,13.87403,0.0,adm1_name
428108,NG-BO,2022,1,Borno state,11.572354,13.536488,3.0,adm1_name
427931,NG-BO,2022,1,Borno state,10.90484,12.08863,2.0,adm1_name
428115,NG-BO,2022,1,Borno state,11.5221,13.68558,0.0,adm1_name
427742,NG-BO,2022,1,Borno state,10.67785,12.15688,5.0,adm1_name
428149,NG-BO,2022,1,Borno state,11.826537,12.698943,0.0,adm1_name
428150,NG-BO,2022,1,Borno state,11.360833,13.762558,0.0,adm1_name
428154,NG-BO,2022,1,Borno state,11.572354,13.536488,0.0,adm1_name
430639,NG-GO,2022,1,,10.569692,11.554794,60.0,point_in_polygon
437277,NG-NI,2022,1,Niger state,9.882884,4.510886,3.0,adm1_name
427799,NG-BO,2022,1,Borno state,12.79305,14.12087,3.0,adm1_name
428173,NG-BO,2022,1,Borno state,10.987943,12.787677,1.0,adm1_name
427809,NG-NI,2022,1,Niger state,10.093999,6.856648,11.0,adm1_name
428174,NG-YO,2022,1,Yobe state,11.5402,12.0918,2.0,adm1_name
428164,NG-BO,2022,1,Borno state,11.97351,13.71187,1.0,adm1_name
427817,NG-BO,2022,1,Borno state,12.17309,12.63114,3.0,adm1_name
431586,NG-YO,2022,1,Yobe state,11.5402,12.0918,2.0,adm1_name
434454,NG-BO,2022,1,Borno state,12.75148,13.973782,0.0,adm1_name
427825,NG-BO,2022,1,Borno state,10.733469,12.360561,1.0,adm1_name
462269,NG-BO,2022,1,Borno state,12.36532,13.8293,12.0,adm1_name
431559,NG-BO,2022,1,Borno state,12.36532,13.8293,0.0,adm1_name
431473,NG-BO,2022,1,Borno state,12.639105,14.057779,20.0,adm1_name
430983,NG-BO,2022,1,Borno state,12.57852,13.61727,13.0,adm1_name
430980,NG-BO,2022,1,Borno state,13.6734,13.3388,20.0,adm1_name
430641,NG-BO,2022,1,Borno state,12.525683,12.905948,2.0,adm1_name
430757,NG-BO,2022,1,Borno state,11.332568,13.54742,3.0,adm1_name
431512,NG-BO,2022,1,Borno state,11.339547,13.564416,2.0,adm1_name
431581,NG-BO,2022,1,Borno state,13.553369,13.443024,10.0,adm1_name
430709,NG-BO,2022,1,Borno state,13.524385,13.496058,11.0,adm1_name
430645,NG-BO,2022,1,Borno state,12.015044,13.832144,5.0,adm1_name
431508,NG-BO,2022,1,Borno state,11.1694,12.28329,0.0,adm1_name
431582,NG-BO,2022,1,Borno state,12.37066,14.21731,2.0,adm1_name
431609,NG-AD,2022,1,Adamawa state,10.170877,13.385249,0.0,adm1_name
433234,NG-BO,2022,1,Borno state,11.189764,13.911289,0.0,adm1_name
437442,NG-BO,2022,1,Borno state,13.09771,12.4952,17.0,adm1_name
437429,NG-BO,2022,1,Borno state,11.15604,12.75758,3.0,adm1_name
434570,NG-BO,2022,1,Borno state,12.483371,14.183386,1.0,adm1_name
437609,NG-BO,2022,1,Borno state,13.12111,13.86032,2.0,adm1_name
434827,NG-BO,2022,1,Borno state,11.37265,13.65412,1.0,adm1_name
434828,NG-BO,2022,1,Borno state,11.339547,13.564416,1.0,adm1_name
434829,NG-BO,2022,1,Borno state,11.316922,13.52102,3.0,adm1_name
434830,NG-BO,2022,1,Borno state,12.582877,14.129345,29.0,adm1_name
434834,NG-BO,2022,1,Borno state,13.6734,13.3388,3.0,adm1_name
434832,NG-BO,2022,1,Borno state,11.5,13.0,1.0,adm1_name
436418,NG-BO,2022,1,Borno state,13.36901,12.78577,10.0,adm1_name
436206,NG-BO,2022,1,Borno state,13.36901,12.78577,10.0,adm1_name
437611,NG-BO,2022,1,Borno state,12.571088,13.963203,20.0,adm1_name
437230,NG-BO,2022,1,Borno state,12.989201,13.832239,0.0,adm1_name
436207,NG-BO,2022,1,Borno state,11.5,13.0,3.0,adm1_name
436208,NG-BO,2022,1,Borno state,13.2842,13.486,5.0,adm1_name
501237,NG-BO,2022,1,Borno state,13.480495,13.02167,3.0,adm1_name
501236,NG-BO,2022,1,Borno state,13.2842,13.486,5.0,adm1_name
436850,NG-BO,2022,1,Borno state,12.989201,13.832239,1.0,adm1_name
436356,NG-BO,2022,1,Borno state,13.4814,13.483791,20.0,adm1_name
436486,NG-BO,2022,1,Borno state,12.36532,13.8293,1.0,adm1_name
436451,NG-BO,2022,1,Borno state,11.3153,12.4742,40.0,adm1_name
436448,NG-BO,2022,1,Borno state,11.755521,13.106469,3.0,adm1_name
436503,NG-BO,2022,1,Borno state,12.36532,13.8293,2.0,adm1_name
436581,NG-KO,2022,1,Kogi state,7.64141,6.4337,3.0,adm1_name
436641,NG-BO,2022,1,Borno state,12.550186,14.066448,2.0,adm1_name
436639,NG-BO,2022,1,Borno state,13.4814,13.483791,20.0,adm1_name
444335,NG-GO,2022,1,,10.569692,11.554794,3.0,point_in_polygon
444332,NG-GO,2022,1,,10.569692,11.554794,11.0,point_in_polygon
438518,NG-BO,2022,1,Borno state,11.691757,13.222078,3.0,adm1_name
444349,NG-BO,2022,1,Borno state,13.568279,13.460409,2.0,adm1_name
439009,NG-NI,2022,1,Niger state,9.18052,7.17933,4.0,adm1_name
438828,NG-BO,2022,1,Borno state,11.826491,12.662667,2.0,adm1_name
438836,NG-BO,2022,1,Borno state,12.79305,14.12087,5.0,adm1_name
438837,NG-BO,2022,1,Borno state,13.4814,13.483791,26.0,adm1_name
442198,NG-KO,2022,1,Kogi state,7.44982,6.32209,0.0,adm1_name
441430,NG-BO,2022,1,Borno state,11.848917,12.902194,13.0,adm1_name
442193,NG-BO,2022,1,Borno state,11.255863,14.152438,0.0,adm1_name
441072,NG-BO,2022,1,Borno state,11.822425,12.587405,10.0,adm1_name
441122,NG-BO,2022,1,Borno state,10.68692,13.26934,3.0,adm1_name
441453,NG-BO,2022,1,Borno state,10.68692,13.26934,3.0,adm1_name
442197,NG-BO,2022,1,Borno state,11.52059,14.09661,0.0,adm1_name
443999,NG-BO,2022,1,Borno state,11.5,13.0,3.0,adm1_name
444549,NG-BO,2022,1,Borno state,12.140813,14.026383,5.0,adm1_name
444586,NG-BO,2022,1,Borno state,13.09771,12.4952,0.0,adm1_name
443949,NG-FC,2022,1,Federal Capital territory,8.88205,7.227562,3.0,adm1_name
444842,NG-BO,2022,1,Borno state,12.67863,13.60792,0.0,adm1_name
444819,NG-BO,2022,1,Borno state,12.67863,13.60792,2.0,adm1_name
444595,NG-BO,2022,1,Borno state,13.568279,13.460409,11.0,adm1_name
444596,NG-BO,2022,1,Borno state,13.580982,13.423362,11.0,adm1_name
444593,NG-BO,2022,1,Borno state,12.305677,12.78584,10.0,adm1_name
444597,NG-BO,2022,1,Borno state,13.6734,13.3388,0.0,adm1_name
444594,NG-BO,2022,1,Borno state,12.305677,12.78584,8.0,adm1_name
444814,NG-BO,2022,1,Borno state,11.954357,13.34035,3.0,adm1_name
444042,NG-BO,2022,1,Borno state,12.379527,13.15349,4.0,adm1_name
444046,NG-FC,2022,1,Federal Capital territory,9.10444,7.21333,0.0,adm1_name
446539,NG-BO,2022,1,Borno state,11.047941,13.790643,21.0,adm1_name
447385,NG-BO,2022,1,Borno state,12.67863,13.60792,7.0,adm1_name
446712,NG-BO,2022,1,Borno state,11.5221,13.68558,1.0,adm1_name
447408,NG-BO,2022,1,Borno state,12.8847,12.5081,0.0,adm1_name
447404,NG-BO,2022,1,Borno state,11.467329,13.716625,0.0,adm1_name
446496,NG-BO,2022,1,Borno state,11.84685,12.9359,1.0,adm1_name
447415,NG-BO,2022,1,Borno state,11.8826,13.3434,3.0,adm1_name
446581,NG-BO,2022,1,Borno state,11.489108,12.964974,4.0,adm1_name
447470,NG-BO,2022,1,Borno state,11.925833,13.605556,0.0,adm1_name
447468,NG-BO,2022,1,Borno state,11.25,13.416667,25.0,adm1_name
447469,NG-BO,2022,1,Borno state,12.989201,13.832239,1.0,adm1_name
447422,NG-BO,2022,1,Borno state,11.495429,13.652552,0.0,adm1_name
464540,NG-BO,2022,1,Borno state,12.96309,13.60899,6.0,adm1_name
464543,NG-BO,2022,1,Borno state,11.90069,14.02693,6.0,adm1_name
464544,NG-BO,2022,1,Borno state,11.52059,14.09661,5.0,adm1_name
464545,NG-BO,2022,1,Borno state,11.64518,12.45165,5.0,adm1_name
464546,NG-BO,2022,1,Borno state,12.57852,13.61727,5.0,adm1_name
464547,NG-BO,2022,1,Borno state,12.91849,13.21395,5.0,adm1_name
464548,NG-BO,2022,1,Borno state,11.58605,13.00278,5.0,adm1_name
464549,NG-BO,2022,1,Borno state,11.103593,13.712983,5.0,adm1_name
464550,NG-BO,2022,1,Borno state,11.925833,13.605556,5.0,adm1_name
464551,NG-YO,2022,1,Yobe state,11.38333,11.96667,5.0,adm1_name
446707,NG-BO,2022,1,Borno state,11.52059,14.09661,4.0,adm1_name
446708,NG-BO,2022,1,Borno state,11.52059,14.09661,16.0,adm1_name
446709,NG-BO,2022,1,Borno state,11.52059,14.09661,29.0,adm1_name
450332,NG-BO,2022,1,Borno state,11.5221,13.68558,0.0,adm1_name
450330,NG-BO,2022,1,Borno state,12.67863,13.60792,1.0,adm1_name
450344,NG-BO,2022,1,Borno state,10.931916,12.524372,2.0,adm1_name
450352,NG-BO,2022,1,Borno state,11.255863,14.152438,0.0,adm1_name
450295,NG-BO,2022,1,Borno state,11.910244,13.578966,0.0,adm1_name
449541,NG-BO,2022,1,Borno state,11.25,13.416667,40.0,adm1_name
449826,NG-BO,2022,1,Borno state,12.678615,14.171438,13.0,adm1_name
450809,NG-BO,2022,1,Borno state,12.21532,14.18319,13.0,adm1_name
453063,NG-BO,2022,1,Borno state,11.5,13.0,11.0,adm1_name
450346,NG-YO,2022,1,Yobe state,12.897,11.9304,1.0,adm1_name
450073,NG-BO,2022,1,Borno state,11.52059,14.09661,0.0,adm1_name
450370,NG-BO,2022,1,Borno state,13.2842,13.486,3.0,adm1_name
449633,NG-BO,2022,1,Borno state,11.5,13.0,1.0,adm1_name
449638,NG-BO,2022,1,Borno state,12.36532,13.8293,6.0,adm1_name
450373,NG-BO,2022,1,Borno state,12.57852,13.61727,1.0,adm1_name
450434,NG-BO,2022,1,Borno state,11.5,13.0,1.0,adm1_name
450380,NG-BO,2022,1,Borno state,12.36532,13.8293,40.0,adm1_name
449705,NG-YO,2022,1,Yobe state,11.303107,12.084995,3.0,adm1_name
450462,NG-BO,2022,1,,11.762091,12.271839,5.0,point_in_polygon
450467,NG-BO,2022,1,Borno state,11.76002,13.26606,2.0,adm1_name
450503,NG-BO,2022,1,Borno state,11.103593,13.712983,0.0,adm1_name
450506,NG-BO,2022,1,Borno state,11.259902,12.351687,1.0,adm1_name
453145,NG-BO,2022,1,Borno state,12.210393,14.025978,17.0,adm1_name
452697,NG-BO,2022,1,Borno state,11.309954,14.187145,0.0,adm1_name
452811,NG-BO,2022,1,Borno state,12.21532,14.18319,9.0,adm1_name
453803,NG-BO,2022,1,Borno state,11.52059,14.09661,0.0,adm1_name
453060,NG-BO,2022,1,Borno state,11.309954,14.187145,0.0,adm1_name
453068,NG-BO,2022,1,Borno state,11.09826,12.76417,3.0,adm1_name
452828,NG-NI,2022,1,Niger state,9.882884,4.510886,8.0,adm1_name
453093,NG-BO,2022,1,Borno state,11.255863,14.152438,0.0,adm1_name
453097,NG-BO,2022,1,Borno state,12.67777,12.75361,3.0,adm1_name
453100,NG-BO,2022,1,Borno state,11.458937,14.051969,0.0,adm1_name
453099,NG-BO,2022,1,Borno state,13.43162,13.31319,3.0,adm1_name
453098,NG-BO,2022,1,Borno state,12.1131,12.8274,1.0,adm1_name
457366,NG-BO,2022,1,Borno state,11.8826,13.3434,2.0,adm1_name
456784,NG-BO,2022,1,Borno state,13.6734,13.3388,11.0,adm1_name
457372,NG-BO,2022,1,Borno state,11.58605,13.00278,3.0,adm1_name
457130,NG-BO,2022,1,Borno state,12.989201,13.832239,1.0,adm1_name
457378,NG-BO,2022,1,Borno state,11.439891,12.945559,0.0,adm1_name
457380,NG-BO,2022,1,Borno state,12.67863,13.60792,7.0,adm1_name
457382,NG-BO,2022,1,Borno state,11.09826,12.76417,3.0,adm1_name
457409,NG-BO,2022,1,Borno state,12.989201,13.832239,24.0,adm1_name
457136,NG-BO,2022,1,Borno state,10.931916,12.524372,3.0,adm1_name
458735,NG-YO,2022,1,Yobe state,12.61509,12.384991,2.0,adm1_name
458730,NG-BO,2022,1,Borno state,13.6734,13.3388,6.0,adm1_name
459022,NG-BO,2022,1,Borno state,11.489108,12.964974,6.0,adm1_name
457421,NG-BO,2022,1,Borno state,11.83022,12.63067,8.0,adm1_name
457477,NG-BO,2022,1,Borno state,11.985346,13.764149,24.0,adm1_name
458732,NG-BO,2022,1,Borno state,11.489108,12.964974,3.0,adm1_name
458733,NG-BO,2022,1,Borno state,11.376813,13.975219,0.0,adm1_name
458740,NG-BO,2022,1,Borno state,11.103593,13.712983,0.0,adm1_name
458056,NG-BO,2022,1,Borno state,11.8826,13.3434,3.0,adm1_name
458043,NG-BO,2022,1,Borno state,11.52059,14.09661,0.0,adm1_name
460628,NG-BO,2022,1,Borno state,11.8826,13.3434,26.0,adm1_name
458718,NG-BO,2022,1,Borno state,11.255863,14.152438,0.0,adm1_name
458694,NG-BO,2022,1,Borno state,11.925833,13.605556,8.0,adm1_name
459082,NG-BO,2022,1,Borno state,11.52059,14.09661,0.0,adm1_name
459081,NG-KO,2022,1,Kogi state,7.44982,6.32209,4.0,adm1_name
459640,NG-BO,2023,1,Borno state,11.58605,13.00278,2.0,adm1_name
460752,NG-BO,2023,1,Borno state,11.925833,13.605556,4.0,adm1_name
460751,NG-BO,2023,1,Borno state,11.439891,12.945559,0.0,adm1_name
462709,NG-BO,2023,1,Borno state,12.989201,13.832239,2.0,adm1_name
462855,NG-BO,2023,1,Borno state,12.96309,13.60899,3.0,adm1_name
462857,NG-BO,2023,1,Borno state,11.045854,12.646037,2.0,adm1_name
460757,NG-BO,2023,1,Borno state,11.09826,12.76417,0.0,adm1_name
460758,NG-BO,2023,1,Borno state,11.255863,14.152438,0.0,adm1_name
462859,NG-BO,2023,1,Borno state,11.103593,13.712983,7.0,adm1_name
462869,NG-BO,2023,1,Borno state,11.52059,14.09661,0.0,adm1_name
462865,NG-BO,2023,1,Borno state,11.52059,14.09661,0.0,adm1_name
462876,NG-BO,2023,1,Borno state,12.989201,13.832239,1.0,adm1_name
462808,NG-BO,2023,1,Borno state,11.045854,12.646037,3.0,adm1_name
512016,NG-BO,2023,1,Borno state,12.989201,13.832239,1.0,adm1_name
512017,NG-BO,2023,1,Borno state,11.046388,13.751003,1.0,adm1_name
512018,NG-BO,2023,1,Borno state,11.52059,14.09661,0.0,adm1_name
462713,NG-BO,2023,1,Borno state,12.67863,13.60792,4.0,adm1_name
462812,NG-BO,2023,1,Borno state,11.29683,13.08986,0.0,adm1_name
462810,NG-BO,2023,1,Borno state,11.925833,13.605556,3.0,adm1_name
462872,NG-BO,2023,1,Borno state,10.67785,12.15688,4.0,adm1_name
462874,NG-BO,2023,1,Borno state,11.925833,13.605556,4.0,adm1_name
462678,NG-BO,2023,1,Borno state,11.5,13.0,13.0,adm1_name
512019,NG-BO,2023,1,Borno state,12.989201,13.832239,1.0,adm1_name
512020,NG-BO,2023,1,Borno state,12.989201,13.832239,1.0,adm1_name
512022,NG-BO,2023,1,Borno state,11.52059,14.09661,0.0,adm1_name
462824,NG-BO,2023,1,Borno state,11.489108,12.964974,23.0,adm1_name
463206,NG-BO,2023,1,Borno state,11.09826,12.76417,23.0,adm1_name
462671,NG-BO,2023,1,Borno state,12.21532,14.18319,1.0,adm1_name
463415,NG-BO,2023,1,Borno state,11.925833,13.605556,2.0,adm1_name
499983,NG-BO,2023,1,Borno state,11.52059,14.09661,0.0,adm1_name
462690,NG-BO,2023,1,Borno state,10.810416,12.45449,9.0,adm1_name
466919,NG-YO,2023,1,Yobe state,11.48451,12.31264,1.0,adm1_name
463408,NG-BO,2023,1,Borno state,12.96309,13.60899,42.0,adm1_name
463392,NG-BO,2023,1,Borno state,11.09826,12.76417,3.0,adm1_name
466203,NG-BO,2023,1,Borno state,11.103593,13.712983,0.0,adm1_name
466204,NG-BO,2023,1,Borno state,11.925833,13.605556,1.0,adm1_name
463389,NG-BO,2023,1,Borno state,11.439891,12.945559,1.0,adm1_name
463399,NG-BO,2023,1,Borno state,11.52059,14.09661,0.0,adm1_name
463401,NG-BO,2023,1,Borno state,11.52059,14.09661,0.0,adm1_name
495722,NG-BO,2023,1,Borno state,11.609615,13.958927,0.0,adm1_name
466207,NG-BO,2023,1,Borno state,11.405957,13.39628,0.0,adm1_name
466047,NG-BO,2023,1,Borno state,11.374388,13.876097,0.0,adm1_name
466104,NG-YO,2023,1,Yobe state,11.26889,11.99694,2.0,adm1_name
466209,NG-BO,2023,1,Borno state,11.09826,12.76417,3.0,adm1_name
466213,NG-BO,2023,1,Borno state,12.528833,13.964812,2.0,adm1_name
495962,NG-BO,2023,1,Borno state,13.378014,13.504103,1.0,adm1_name
466105,NG-BO,2023,1,Borno state,12.337716,14.180516,2.0,adm1_name
466103,NG-BO,2023,1,Borno state,12.37066,14.21731,0.0,adm1_name
470614,NG-BO,2023,1,Borno state,12.37066,14.21731,1.0,adm1_name
470616,NG-BO,2023,1,Borno state,12.94515,13.67232,1.0,adm1_name
470617,NG-BO,2023,1,Borno state,12.67863,13.60792,1.0,adm1_name
470618,NG-BO,2023,1,Borno state,12.21532,14.18319,3.0,adm1_name
470443,NG-BO,2023,1,Borno state,12.17309,12.63114,1.0,adm1_name
466924,NG-BO,2023,1,Borno state,11.439891,12.945559,2.0,adm1_name
470447,NG-BO,2023,1,Borno state,12.36532,13.8293,35.0,adm1_name
499986,NG-BO,2023,1,Borno state,12.20577,14.18935,35.0,adm1_name
470165,NG-BO,2023,1,Borno state,11.255863,14.152438,0.0,adm1_name
469591,NG-BO,2023,1,Borno state,11.383731,13.864889,0.0,adm1_name
470454,NG-BO,2023,1,Borno state,11.925833,13.605556,3.0,adm1_name
469643,NG-BO,2023,1,Borno state,11.92543,13.60269,40.0,adm1_name
470471,NG-BO,2023,1,Borno state,11.25,13.416667,7.0,adm1_name
470474,NG-BO,2023,1,Borno state,11.5221,13.68558,1.0,adm1_name
469623,NG-BO,2023,1,Borno state,12.028284,14.045022,41.0,adm1_name
470260,NG-BO,2023,1,Borno state,10.90484,12.08863,10.0,adm1_name
470490,NG-BO,2023,1,Borno state,11.09826,12.76417,0.0,adm1_name
470499,NG-BO,2023,1,Borno state,11.52059,14.09661,0.0,adm1_name
470417,NG-ED,2023,1,Edo state,7.195417,6.152148,3.0,adm1_name
474327,NG-BO,2023,1,Borno state,10.63582,12.8782,4.0,adm1_name
474329,NG-BO,2023,1,Borno state,11.64518,12.45165,4.0,adm1_name
475064,NG-BO,2023,1,Borno state,11.52059,14.09661,0.0,adm1_name
475065,NG-BO,2023,1,Borno state,11.89912,13.29155,3.0,adm1_name
474351,NG-BO,2023,1,Borno state,12.36532,13.8293,6.0,adm1_name
474256,NG-BO,2023,1,Borno state,11.226071,13.783778,1.0,adm1_name
474259,NG-BO,2023,1,Borno state,13.09771,12.4952,5.0,adm1_name
475721,NG-BO,2023,1,Borno state,13.43162,13.31319,1.0,adm1_name
475720,NG-BO,2023,1,Borno state,12.79305,14.12087,2.0,adm1_name
477175,NG-BO,2023,1,Borno state,12.57852,13.61727,1.0,adm1_name
477176,NG-BO,2023,1,Borno state,12.36532,13.8293,1.0,adm1_name
477177,NG-BO,2023,1,Borno state,12.96309,13.60899,1.0,adm1_name
474321,NG-BO,2023,1,Borno state,13.6734,13.3388,1.0,adm1_name
474322,NG-BO,2023,1,Borno state,11.476757,13.982211,35.0,adm1_name
474324,NG-YO,2023,1,Yobe state,11.26889,11.99694,1.0,adm1_name
475900,NG-BO,2023,1,Borno state,11.25,13.416667,3.0,adm1_name
477487,NG-BO,2023,1,Borno state,11.09826,12.76417,2.0,adm1_name
477488,NG-BO,2023,1,Borno state,11.64518,12.45165,2.0,adm1_name
476009,NG-BO,2023,1,Borno state,13.48895,13.32904,41.0,adm1_name
474326,NG-BO,2023,1,Borno state,11.405957,13.39628,7.0,adm1_name
474593,NG-BO,2023,1,Borno state,13.48895,13.32904,10.0,adm1_name
475723,NG-BO,2023,1,Borno state,11.09826,12.76417,3.0,adm1_name
475901,NG-BO,2023,1,Borno state,13.48895,13.32904,10.0,adm1_name
475725,NG-BO,2023,1,Borno state,13.43162,13.31319,2.0,adm1_name
475730,NG-BO,2023,1,Borno state,13.48895,13.32904,3.0,adm1_name
475731,NG-BO,2023,1,Borno state,11.707399,13.709149,2.0,adm1_name
475748,NG-BO,2023,1,Borno state,11.5,13.0,10.0,adm1_name
475732,NG-BO,2023,1,Borno state,11.322647,13.517303,1.0,adm1_name
475737,NG-BO,2023,1,Borno state,13.4814,13.483791,3.0,adm1_name
476632,NG-BO,2023,1,Borno state,13.48895,13.32904,3.0,adm1_name
475738,NG-BO,2023,1,Borno state,12.363398,14.084923,0.0,adm1_name
475750,NG-YO,2023,1,Yobe state,11.380418,12.225779,3.0,adm1_name
476016,NG-BO,2023,1,Borno state,13.6734,13.3388,3.0,adm1_name
476693,NG-BO,2023,1,Borno state,11.09826,12.76417,6.0,adm1_name
476694,NG-BO,2023,1,Borno state,10.83642,12.7705,5.0,adm1_name
476673,NG-BO,2023,1,Borno state,13.2842,13.486,2.0,adm1_name
476626,NG-BO,2023,1,Borno state,13.48895,13.32904,4.0,adm1_name
476695,NG-BO,2023,1,Borno state,12.252155,13.105596,1.0,adm1_name
478203,NG-BO,2023,1,Borno state,11.15604,12.75758,1.0,adm1_name
476702,NG-BO,2023,1,Borno state,11.3153,12.4742,3.0,adm1_name
478252,NG-BO,2023,1,Borno state,11.5,13.0,40.0,adm1_name
478259,NG-BO,2023,1,Borno state,12.36532,13.8293,42.0,adm1_name
478347,NG-BO,2023,1,Borno state,12.36532,13.8293,40.0,adm1_name
478355,NG-BO,2023,1,Borno state,11.52059,14.09661,0.0,adm1_name
478349,NG-BO,2023,1,Borno state,11.359761,13.903573,6.0,adm1_name
478356,NG-BO,2023,1,Borno state,10.74025,13.21742,1.0,adm1_name
481024,NG-BO,2023,1,Borno state,12.03609,13.91815,0.0,adm1_name
480961,NG-BO,2023,1,Borno state,12.36532,13.8293,3.0,adm1_name
481026,NG-BO,2023,1,Borno state,12.424991,13.937297,0.0,adm1_name
482521,NG-BO,2023,1,Borno state,11.32643,13.96658,5.0,adm1_name
481084,NG-BO,2023,1,Borno state,12.24421,13.8605,13.0,adm1_name
482390,NG-BO,2023,1,Borno state,11.925833,13.605556,0.0,adm1_name
482395,NG-BO,2023,1,Borno state,11.259902,12.351687,6.0,adm1_name
482393,NG-BO,2023,1,Borno state,12.550186,14.066448,10.0,adm1_name
495999,NG-BO,2023,1,Borno state,12.652775,13.982506,10.0,adm1_name
496000,NG-BO,2023,1,Borno state,12.716344,13.973795,10.0,adm1_name
496001,NG-BO,2023,1,Borno state,12.571088,13.963203,10.0,adm1_name
482418,NG-BO,2023,1,Borno state,12.134481,13.839718,2.0,adm1_name
482383,NG-BO,2023,1,Borno state,12.79305,14.12087,14.0,adm1_name
495997,NG-BO,2023,1,Borno state,12.571088,13.963203,13.0,adm1_name
495998,NG-BO,2023,1,Borno state,12.652775,13.982506,13.0,adm1_name
484136,NG-BO,2023,1,Borno state,11.52059,14.09661,0.0,adm1_name
482403,NG-BO,2023,1,Borno state,13.09165,12.6966,9.0,adm1_name
482402,NG-BO,2023,1,Borno state,11.461269,13.818763,0.0,adm1_name
495776,NG-BO,2023,1,Borno state,11.423127,13.758741,0.0,adm1_name
495777,NG-BO,2023,1,Borno state,11.435501,13.794296,0.0,adm1_name
484040,NG-BO,2023,1,Borno state,13.6734,13.3388,0.0,adm1_name
484043,NG-BO,2023,1,Borno state,11.97351,13.71187,0.0,adm1_name
484360,NG-BO,2023,1,Borno state,12.989201,13.832239,71.0,adm1_name
483675,NG-BO,2023,1,Borno state,12.571088,13.963203,20.0,adm1_name
487729,NG-BO,2023,1,Borno state,12.57852,13.61727,20.0,adm1_name
488295,NG-BO,2023,1,Borno state,11.5,13.0,0.0,adm1_name
488297,NG-BO,2023,1,Borno state,12.67863,13.60792,0.0,adm1_name
484316,NG-BO,2023,1,Borno state,11.590585,13.578328,5.0,adm1_name
484319,NG-BO,2023,1,Borno state,12.57852,13.61727,3.0,adm1_name
489639,NG-BO,2023,1,Borno state,11.590585,13.578328,5.0,adm1_name
489446,NG-BO,2023,1,Borno state,11.29436,12.85037,2.0,adm1_name
488309,NG-BO,2023,1,Borno state,11.32643,13.96658,1.0,adm1_name
489456,NG-BO,2023,1,Borno state,11.37265,13.65412,12.0,adm1_name
489448,NG-BO,2023,1,Borno state,11.255863,14.152438,0.0,adm1_name
488299,NG-BO,2023,1,Borno state,11.226071,13.783778,0.0,adm1_name
488184,NG-BO,2023,1,Borno state,11.65583,13.42133,3.0,adm1_name
488310,NG-BO,2023,1,Borno state,12.19763,14.0223,4.0,adm1_name
488317,NG-BO,2023,1,Borno state,11.0319,12.0597,0.0,adm1_name
488318,NG-BO,2023,1,Borno state,11.103593,13.712982,5.0,adm1_name
488329,NG-YO,2023,1,Yobe state,12.897,11.9304,0.0,adm1_name
488339,NG-BO,2023,1,Borno state,11.103593,13.712983,2.0,adm1_name
490091,NG-BO,2023,1,Borno state,11.103593,13.712983,2.0,adm1_name
488330,NG-BO,2023,1,Borno state,10.931916,12.524372,0.0,adm1_name
488333,NG-BO,2023,1,Borno state,11.25,13.416667,0.0,adm1_name
488340,NG-BO,2023,1,Borno state,11.045854,12.646037,0.0,adm1_name
488342,NG-BO,2023,1,Borno state,12.945758,13.672006,0.0,adm1_name
488343,NG-BO,2023,1,Borno state,11.90069,14.02693,1.0,adm1_name
488345,NG-BO,2023,1,Borno state,11.84276,12.77548,1.0,adm1_name
488346,NG-BO,2023,1,Borno state,13.09771,12.4952,0.0,adm1_name
488348,NG-BO,2023,1,Borno state,11.103593,13.712982,0.0,adm1_name
488349,NG-BO,2023,1,Borno state,12.39445,14.192179,0.0,adm1_name
487902,NG-BO,2023,1,Borno state,12.39445,14.192179,4.0,adm1_name
489566,NG-BO,2023,1,Borno state,12.17309,12.63114,1.0,adm1_name
489569,NG-BO,2023,1,Borno state,11.255863,14.152438,2.0,adm1_name
493092,NG-BO,2023,1,Borno state,12.571088,13.963203,40.0,adm1_name
493133,NG-BO,2023,1,Borno state,11.103593,13.712982,0.0,adm1_name
493106,NG-BO,2023,1,Borno state,11.255863,14.152438,2.0,adm1_name
493107,NG-BO,2023,1,Borno state,12.216321,12.689486,1.0,adm1_name
493178,NG-BO,2023,1,Borno state,11.58605,13.00278,12.0,adm1_name
493196,NG-BO,2023,1,Borno state,10.63582,12.8782,7.0,adm1_name
493123,NG-BO,2023,1,Borno state,11.52059,14.09661,6.0,adm1_name
494206,NG-BO,2023,1,Borno state,11.103593,13.712983,0.0,adm1_name
493140,NG-BO,2023,1,Borno state,11.67468,13.452156,1.0,adm1_name
493143,NG-YO,2023,1,Yobe state,11.48451,12.31264,2.0,adm1_name
493204,NG-BO,2023,1,Borno state,11.8072,12.4909,0.0,adm1_name
492686,NG-BO,2023,1,Borno state,11.932536,14.28892,3.0,adm1_name
493217,NG-BO,2023,1,Borno state,12.8847,12.5081,1.0,adm1_name
493316,NG-BO,2023,1,Borno state,12.014527,13.805816,0.0,adm1_name
493318,NG-BO,2023,1,Borno state,12.528833,13.964812,8.0,adm1_name
493319,NG-BO,2023,1,Borno state,11.226071,13.783778,0.0,adm1_name
493321,NG-BO,2023,1,Borno state,11.549532,13.772467,5.0,adm1_name
493322,NG-BO,2023,1,Borno state,11.02793,13.681268,0.0,adm1_name
493748,NG-BO,2023,1,Borno state,13.489685,13.456828,2.0,adm1_name
494640,NG-BO,2023,1,Borno state,13.43162,13.31319,1.0,adm1_name
493754,NG-BO,2023,1,Borno state,11.470366,13.758085,0.0,adm1_name
493828,NG-BO,2023,1,Borno state,11.23569,12.38397,5.0,adm1_name
497404,NG-BO,2023,1,Borno state,10.810416,12.45449,7.0,adm1_name
497447,NG-BO,2023,1,Borno state,10.931916,12.524372,0.0,adm1_name
497451,NG-BO,2023,1,Borno state,11.83022,12.63067,0.0,adm1_name
498460,NG-BO,2023,1,Borno state,11.255863,14.152438,4.0,adm1_name
498462,NG-BO,2023,1,Borno state,12.639105,14.057779,3.0,adm1_name
499295,NG-BO,2023,1,Borno state,11.1465,12.3661,12.0,adm1_name
497455,NG-BO,2023,1,Borno state,11.09826,12.76417,12.0,adm1_name
497464,NG-BO,2023,1,Borno state,12.37066,14.21731,1.0,adm1_name
497469,NG-BO,2023,1,Borno state,11.255863,14.152438,2.0,adm1_name
497467,NG-BO,2023,1,Borno state,11.52059,14.09661,2.0,adm1_name
497477,NG-BO,2023,1,Borno state,12.799667,12.634933,6.0,adm1_name
497479,NG-BO,2023,1,Borno state,11.09826,12.76417,3.0,adm1_name
497798,NG-BO,2023,1,Borno state,12.03609,13.91815,0.0,adm1_name
498466,NG-BO,2023,1,Borno state,12.799667,12.634933,6.0,adm1_name
498549,NG-BO,2023,1,Borno state,12.8847,12.5081,9.0,adm1_name
497801,NG-YO,2023,1,Yobe state,12.865224,12.056268,2.0,adm1_name
497806,NG-YO,2023,1,Yobe state,12.1076,11.7539,4.0,adm1_name
497807,NG-BO,2023,1,Borno state,12.716344,13.973795,20.0,adm1_name
497838,NG-BO,2023,1,Borno state,12.528833,13.964812,20.0,adm1_name
497839,NG-BO,2023,1,Borno state,11.52059,14.09661,0.0,adm1_name
497840,NG-BO,2023,1,Borno state,11.226071,13.783778,0.0,adm1_name
497361,NG-BO,2023,1,Borno state,11.5221,13.68558,1.0,adm1_name
498470,NG-BO,2023,1,Borno state,10.73798,13.13072,0.0,adm1_name
498472,NG-YO,2023,1,Yobe state,12.897,11.9304,101.0,adm1_name
499481,NG-BO,2023,1,Borno state,12.985681,12.584856,0.0,adm1_name
509080,NG-BO,2023,1,Borno state,12.639829,13.83912,1.0,adm1_name
509081,NG-BO,2023,1,Borno state,12.624293,13.725642,1.0,adm1_name
509082,NG-BO,2023,1,Borno state,12.714729,13.690038,1.0,adm1_name
506798,NG-BO,2023,1,Borno state,12.57852,13.61727,2.0,adm1_name
499484,NG-BO,2023,1,Borno state,11.5221,13.68558,2.0,adm1_name
499490,NG-BO,2023,1,Borno state,12.204874,13.87403,1.0,adm1_name
498565,NG-BO,2023,1,Borno state,13.300203,12.71668,3.0,adm1_name
499519,NG-BO,2023,1,Borno state,11.864653,13.592362,3.0,adm1_name
499518,NG-BO,2023,1,Borno state,13.09165,12.6966,1.0,adm1_name
498566,NG-BO,2023,1,Borno state,11.1694,12.28329,17.0,adm1_name
498568,NG-BO,2023,1,Borno state,11.09826,12.76417,6.0,adm1_name
498570,NG-BO,2023,1,Borno state,12.21532,14.18319,8.0,adm1_name
499521,NG-BO,2023,1,Borno state,11.175703,12.823978,6.0,adm1_name
499538,NG-BO,2023,1,Borno state,13.43162,13.31319,3.0,adm1_name
499532,NG-BO,2023,1,Borno state,12.37066,14.21731,6.0,adm1_name
499527,NG-BO,2023,1,Borno state,11.423127,13.758741,0.0,adm1_name
499529,NG-BO,2023,1,Borno state,12.04639,14.48093,2.0,adm1_name
501858,NG-BO,2023,1,Borno state,12.37066,14.21731,2.0,adm1_name
501861,NG-BO,2023,1,Borno state,11.439891,12.945559,0.0,adm1_name
502296,NG-BO,2023,1,Borno state,13.09771,12.4952,0.0,adm1_name
502297,NG-BO,2023,1,Borno state,11.5,13.0,0.0,adm1_name
502298,NG-BO,2023,1,Borno state,12.204874,13.87403,0.0,adm1_name
501864,NG-BO,2023,1,Borno state,11.84276,12.77548,1.0,adm1_name
501456,NG-BO,2023,1,Borno state,12.528833,13.964812,40.0,adm1_name
502300,NG-BO,2023,1,Borno state,11.259902,12.351687,0.0,adm1_name
502302,NG-BO,2023,1,Borno state,13.09165,12.6966,2.0,adm1_name
501464,NG-BO,2023,1,Borno state,13.643764,13.348373,2.0,adm1_name
501769,NG-BO,2023,1,Borno state,12.667935,13.95897,50.0,adm1_name
501705,NG-BO,2023,1,Borno state,13.43162,13.31319,1.0,adm1_name
502373,NG-BO,2023,1,Borno state,12.687898,13.511536,4.0,adm1_name
501707,NG-BO,2023,1,Borno state,13.059435,12.53625,4.0,adm1_name
502375,NG-BO,2023,1,Borno state,12.67863,13.60792,2.0,adm1_name
501709,NG-YO,2023,1,Yobe state,11.56189,11.91656,2.0,adm1_name
501710,NG-BO,2023,1,Borno state,11.826537,12.698943,2.0,adm1_name
502288,NG-BO,2023,1,Borno state,12.96309,13.60899,1.0,adm1_name
502286,NG-BO,2023,1,Borno state,12.57852,13.61727,5.0,adm1_name
506794,NG-BO,2023,1,Borno state,11.103593,13.712982,0.0,adm1_name
506796,NG-BO,2023,1,Borno state,11.226071,13.783778,0.0,adm1_name
506801,NG-BO,2023,1,Borno state,11.97351,13.71187,0.0,adm1_name
506803,NG-BO,2023,1,Borno state,11.5221,13.68558,0.0,adm1_name
506806,NG-YO,2023,1,Yobe state,11.098167,12.042968,0.0,adm1_name
506809,NG-BO,2023,1,Borno state,11.757829,13.75057,40.0,adm1_name
502289,NG-BO,2023,1,Borno state,11.52059,14.09661,0.0,adm1_name
506764,NG-BO,2023,1,Borno state,11.89912,13.29155,1.0,adm1_name
506817,NG-BO,2023,1,Borno state,11.8826,13.3434,0.0,adm1_name
506818,NG-BO,2023,1,Borno state,11.8826,13.3434,0.0,adm1_name
507148,NG-BO,2023,1,Borno state,11.103593,13.712983,1.0,adm1_name
506819,NG-BO,2023,1,Borno state,10.74025,13.21742,0.0,adm1_name
506844,NG-BO,2023,1,Borno state,12.64072,14.058888,40.0,adm1_name
506848,NG-BO,2023,1,Borno state,11.5,13.0,0.0,adm1_name
506849,NG-BO,2023,1,Borno state,11.103593,13.712982,0.0,adm1_name
506853,NG-BO,2023,1,Borno state,12.499,12.7848,1.0,adm1_name
506855,NG-BO,2023,1,Borno state,12.424991,13.937297,0.0,adm1_name
506856,NG-BO,2023,1,Borno state,12.483371,14.183386,2.0,adm1_name
507274,NG-BO,2023,1,Borno state,12.96309,13.60899,0.0,adm1_name
507278,NG-BO,2023,1,Borno state,12.92475,13.56617,0.0,adm1_name
507284,NG-BO,2023,1,Borno state,11.25,13.416667,0.0,adm1_name
507283,NG-BO,2023,1,Borno state,11.58605,13.00278,0.0,adm1_name
506887,NG-BO,2023,1,Borno state,11.79466,12.866492,1.0,adm1_name
507286,NG-BO,2023,1,Borno state,11.851818,12.851909,0.0,adm1_name
507288,NG-BO,2023,1,Borno state,11.568659,13.122289,1.0,adm1_name
506888,NG-BO,2023,1,Borno state,12.989201,13.832239,2.0,adm1_name
507290,NG-BO,2024,1,Borno state,11.103593,13.712982,0.0,adm1_name
507291,NG-BO,2024,1,Borno state,11.103593,13.712983,0.0,adm1_name
507303,NG-YO,2024,1,Yobe state,11.5032,11.9367,0.0,adm1_name
506906,NG-BO,2024,1,Borno state,13.43162,13.31319,40.0,adm1_name
507296,NG-BO,2024,1,Borno state,11.92543,13.60269,0.0,adm1_name
507304,NG-BO,2024,1,Borno state,12.34151,14.187534,1.0,adm1_name
506908,NG-YO,2024,1,Yobe state,12.897,11.9304,1.0,adm1_name
506909,NG-BO,2024,1,Borno state,11.25,13.416667,12.0,adm1_name
506910,NG-BO,2024,1,Borno state,12.989201,13.832239,3.0,adm1_name
507254,NG-BO,2024,1,Borno state,12.989201,13.832239,3.0,adm1_name
510532,NG-BO,2024,1,Borno state,11.25,13.416667,17.0,adm1_name
510657,NG-BO,2024,1,Borno state,11.25,13.416667,0.0,adm1_name
511281,NG-BO,2024,1,Borno state,12.37066,14.21731,3.0,adm1_name
506912,NG-BO,2024,1,Borno state,12.03609,13.91815,8.0,adm1_name
510688,NG-YO,2024,1,Yobe state,13.09969,12.1079,0.0,adm1_name
510541,NG-BO,2024,1,Borno state,12.36532,13.8293,3.0,adm1_name
510542,NG-BO,2024,1,Borno state,12.96309,13.60899,3.0,adm1_name
507241,NG-BO,2024,1,Borno state,12.49303,13.20914,1.0,adm1_name
507243,NG-BO,2024,1,Borno state,11.103593,13.712983,2.0,adm1_name
510732,NG-BO,2024,1,Borno state,11.259902,12.351687,0.0,adm1_name
510691,NG-BO,2024,1,Borno state,11.25,13.416667,0.0,adm1_name
510392,NG-BO,2024,1,Borno state,11.58605,13.00278,1.0,adm1_name
510692,NG-BO,2024,1,Borno state,11.259902,12.351687,0.0,adm1_name
510504,NG-BO,2024,1,Borno state,11.92543,13.60269,2.0,adm1_name
511696,NG-YO,2024,1,Yobe state,11.48451,12.31264,4.0,adm1_name
510505,NG-BO,2024,1,Borno state,11.189186,13.663927,2.0,adm1_name
510733,NG-BO,2024,1,Borno state,11.259902,12.351687,0.0,adm1_name
510735,NG-BO,2024,1,Borno state,13.6734,13.3388,0.0,adm1_name
510736,NG-BO,2024,1,Borno state,12.2015,14.0184,0.0,adm1_name
510508,NG-BO,2024,1,Borno state,11.58605,13.00278,1.0,adm1_name
510524,NG-BO,2024,1,Borno state,12.424991,13.937297,3.0,adm1_name
511019,NG-YO,2024,1,Yobe state,11.098167,12.042968,0.0,adm1_name
511020,NG-BO,2024,1,Borno state,12.252155,13.105596,0.0,adm1_name
510369,NG-BO,2024,1,Borno state,12.67777,12.75361,6.0,adm1_name
510529,NG-BO,2024,1,Borno state,11.103593,13.712983,13.0,adm1_name
511026,NG-BO,2024,1,Borno state,11.52059,14.09661,0.0,adm1_name
510535,NG-BO,2024,1,Borno state,12.49303,13.20914,4.0,adm1_name
510536,NG-BO,2024,1,Borno state,11.28613,13.780545,2.0,adm1_name
510544,NG-YO,2024,1,Yobe state,11.92058,12.184742,1.0,adm1_name
511006,NG-BO,2024,1,Borno state,10.931916,12.524372,6.0,adm1_name
514558,NG-YO,2024,1,Yobe state,11.447335,12.069219,4.0,adm1_name
514559,NG-BO,2024,1,Borno state,12.36532,13.8293,25.0,adm1_name
513927,NG-YO,2024,1,Yobe state,11.92058,12.184742,3.0,adm1_name
514078,NG-YO,2024,1,Yobe state,11.26889,11.99694,3.0,adm1_name
514565,NG-BO,2024,1,Borno state,12.989201,13.832239,40.0,adm1_name
514578,NG-BO,2024,1,Borno state,10.73115,12.14626,1.0,adm1_name
514574,NG-BO,2024,1,Borno state,12.016912,13.861233,0.0,adm1_name
515267,NG-BO,2024,1,Borno state,11.5722,12.6813,3.0,adm1_name
514585,NG-BO,2024,1,Borno state,12.21532,14.18319,4.0,adm1_name
518721,NG-BO,2024,1,Borno state,11.52059,14.09661,16.0,adm1_name
514591,NG-BO,2024,1,Borno state,13.300203,12.71668,3.0,adm1_name
514600,NG-BO,2024,1,Borno state,12.96309,13.60899,1.0,adm1_name
514820,NG-BO,2024,1,Borno state,11.322647,13.517303,8.0,adm1_name
517977,NG-BO,2024,1,Borno state,13.36901,12.78577,3.0,adm1_name
518452,NG-GO,2024,1,,10.569692,11.554794,33.0,point_in_polygon
518013,NG-BO,2024,1,Borno state,11.5,13.0,5.0,adm1_name
518519,NG-YO,2024,1,Yobe state,11.5032,11.9367,1.0,adm1_name
518045,NG-BO,2024,1,Borno state,12.36532,13.8293,3.0,adm1_name
518584,NG-BO,2024,1,Borno state,11.103593,13.712983,1.0,adm1_name
517971,NG-BO,2024,1,Borno state,11.339167,14.040833,3.0,adm1_name
521539,NG-YO,2024,1,Yobe state,11.26889,11.99694,13.0,adm1_name
518095,NG-BO,2024,1,Borno state,13.09771,12.4952,24.0,adm1_name
518097,NG-AD,2024,1,Adamawa state,10.85219,13.54889,0.0,adm1_name
518099,NG-YO,2024,1,Yobe state,11.403321,11.415185,1.0,adm1_name
518113,NG-BO,2024,1,Borno state,12.03609,13.91815,4.0,adm1_name
520763,NG-BO,2024,1,Borno state,10.807864,12.45709,1.0,adm1_name
521233,NG-BO,2024,1,Borno state,11.25,13.416667,2.0,adm1_name
518106,NG-BO,2024,1,Borno state,12.016912,13.861233,3.0,adm1_name
521244,NG-BO,2024,1,Borno state,12.36532,13.8293,3.0,adm1_name
521247,NG-BO,2024,1,Borno state,12.24421,13.8605,6.0,adm1_name
521254,NG-BO,2024,1,Borno state,11.103593,13.712983,31.0,adm1_name
521572,NG-BO,2024,1,Borno state,12.483371,14.183386,4.0,adm1_name
521253,NG-BO,2024,1,Borno state,11.5722,12.6813,3.0,adm1_name
521266,NG-BO,2024,1,Borno state,11.255863,14.152438,1.0,adm1_name
520889,NG-BO,2024,1,Borno state,13.09466,13.82343,16.0,adm1_name
521571,NG-BO,2024,1,Borno state,12.67863,13.60792,10.0,adm1_name
521284,NG-BO,2024,1,Borno state,10.780756,12.310759,2.0,adm1_name
521302,NG-BO,2024,1,Borno state,13.48895,13.32904,3.0,adm1_name
521293,NG-BO,2024,1,Borno state,11.9757,13.3194,2.0,adm1_name
521300,NG-BO,2024,1,Borno state,12.37066,14.21731,2.0,adm1_name
521705,NG-BO,2024,1,Borno state,13.087504,12.738476,3.0,adm1_name
520891,NG-BO,2024,1,Borno state,12.37066,14.21731,11.0,adm1_name
526017,NG-BO,2024,1,Borno state,12.03609,13.91815,7.0,adm1_name
521398,NG-BO,2024,1,Borno state,12.50884,13.10414,1.0,adm1_name
521394,NG-BO,2024,1,Borno state,10.83642,12.7705,2.0,adm1_name
526872,NG-BO,2024,1,Borno state,11.925833,13.605556,5.0,adm1_name
526873,NG-BO,2024,1,Borno state,11.90069,14.02693,5.0,adm1_name
526874,NG-BO,2024,1,Borno state,11.103593,13.712983,4.0,adm1_name
526875,NG-BO,2024,1,Borno state,11.52059,14.09661,4.0,adm1_name
526876,NG-AD,2024,1,Adamawa state,10.85219,13.54889,4.0,adm1_name
521396,NG-BO,2024,1,Borno state,11.37327,12.43266,6.0,adm1_name
521401,NG-BO,2024,1,Borno state,11.745176,13.304437,1.0,adm1_name
526877,NG-BO,2024,1,Borno state,11.103593,13.712983,6.0,adm1_name
526878,NG-BO,2024,1,Borno state,11.52059,14.09661,6.0,adm1_name
526879,NG-BO,2024,1,Borno state,12.96309,13.60899,5.0,adm1_name
526325,NG-BO,2024,1,Borno state,11.339547,13.564416,1.0,adm1_name
525491,NG-BO,2024,1,Borno state,11.103593,13.712983,2.0,adm1_name
525504,NG-BO,2024,1,Borno state,11.322647,13.517303,4.0,adm1_name
525506,NG-BO,2024,1,Borno state,11.103593,13.712983,4.0,adm1_name
526110,NG-BO,2024,1,Borno state,13.19304,13.61461,0.0,adm1_name
525511,NG-BO,2024,1,Borno state,12.24421,13.8605,1.0,adm1_name
525517,NG-BO,2024,1,Borno state,11.051161,12.649864,1.0,adm1_name
525519,NG-BO,2024,1,Borno state,11.25,13.416667,6.0,adm1_name
525523,NG-BO,2024,1,Borno state,11.226071,13.783778,4.0,adm1_name
531014,NG-BO,2024,1,Borno state,11.58605,13.00278,15.0,adm1_name
531020,NG-NI,2024,1,Niger state,10.466667,6.55,3.0,adm1_name
527861,NG-BO,2024,1,Borno state,12.989201,13.832239,1.0,adm1_name
534415,NG-BO,2024,1,Borno state,11.103593,13.712983,7.0,adm1_name
534416,NG-BO,2024,1,Borno state,11.58605,13.00278,7.0,adm1_name
535952,NG-BO,2024,1,Borno state,12.21532,14.18319,11.0,adm1_name
529888,NG-BO,2024,1,Borno state,12.413039,13.087138,3.0,adm1_name
529885,NG-BO,2024,1,Borno state,11.52059,14.09661,11.0,adm1_name
529901,NG-BO,2024,1,Borno state,12.96309,13.60899,2.0,adm1_name
533930,NG-BO,2024,1,Borno state,12.49303,13.20914,4.0,adm1_name
536056,NG-BO,2024,1,Borno state,12.79148,13.67426,7.0,adm1_name
533987,NG-BO,2024,1,Borno state,11.84276,12.77548,2.0,adm1_name
533988,NG-BO,2024,1,Borno state,11.360268,13.990659,8.0,adm1_name
539308,NG-YO,2024,1,Yobe state,12.361031,12.226946,0.0,adm1_name
533990,NG-BO,2024,1,Borno state,11.52059,14.09661,2.0,adm1_name
539310,NG-BO,2024,1,Borno state,10.90484,12.08863,0.0,adm1_name
538620,NG-BO,2024,1,Borno state,11.489108,12.964974,2.0,adm1_name
538631,NG-BO,2024,1,Borno state,11.37629,13.85394,12.0,adm1_name
538650,NG-BO,2024,1,Borno state,11.609615,13.958927,5.0,adm1_name
538261,NG-BO,2024,1,Borno state,12.36532,13.8293,37.0,adm1_name
557199,NG-BO,2024,1,Borno state,12.67777,12.75361,0.0,adm1_name
539009,NG-BO,2024,1,Borno state,12.716344,13.973795,3.0,adm1_name
539004,NG-BO,2024,1,Borno state,12.19763,14.0223,5.0,adm1_name
542748,NG-BO,2024,1,Borno state,12.21532,14.18319,15.0,adm1_name
542749,NG-YO,2024,1,Yobe state,11.38333,11.96667,12.0,adm1_name
542766,NG-BO,2024,1,Borno state,12.989201,13.832239,4.0,adm1_name
539144,NG-BO,2024,1,Borno state,11.8826,13.3434,4.0,adm1_name
539231,NG-BO,2024,1,Borno state,11.86447,12.63353,1.0,adm1_name
543235,NG-BO,2024,1,Borno state,12.989201,13.832239,3.0,adm1_name
543232,NG-BO,2024,1,Borno state,11.590585,13.578328,13.0,adm1_name
544519,NG-YO,2024,1,Yobe state,11.098167,12.042968,4.0,adm1_name
543429,NG-BO,2024,1,Borno state,13.6734,13.3388,5.0,adm1_name
543498,NG-BO,2024,1,Borno state,12.07412,12.741435,0.0,adm1_name
545256,NG-BO,2024,1,Borno state,11.255863,14.152438,1.0,adm1_name
545234,NG-BO,2024,1,Borno state,11.52059,14.09661,4.0,adm1_name
550984,NG-YO,2024,1,Yobe state,12.897,11.9304,10.0,adm1_name
549446,NG-BO,2024,1,Borno state,12.639105,14.057779,40.0,adm1_name
549178,NG-BO,2024,1,Borno state,12.24421,13.8605,5.0,adm1_name
549425,NG-BO,2024,1,Borno state,11.32643,13.96658,1.0,adm1_name
550226,NG-BO,2024,1,Borno state,12.37066,14.21731,0.0,adm1_name
551344,NG-YO,2024,1,Yobe state,12.715777,11.412722,3.0,adm1_name
551345,NG-YO,2024,1,Yobe state,11.747,11.9608,3.0,adm1_name
551347,NG-BO,2024,1,Borno state,11.64518,12.45165,3.0,adm1_name
551348,NG-BO,2024,1,Borno state,12.21532,14.18319,2.0,adm1_name
551350,NG-BO,2024,1,Borno state,12.96309,13.60899,2.0,adm1_name
550230,NG-BO,2024,1,Borno state,11.7593,12.2561,0.0,adm1_name
549308,NG-BO,2024,1,Borno state,12.304167,14.133263,2.0,adm1_name
549307,NG-YO,2024,1,Yobe state,11.38333,11.96667,2.0,adm1_name
551772,NG-BO,2024,1,Borno state,11.925833,13.605556,13.0,adm1_name
551799,NG-BO,2024,1,Borno state,11.103593,13.712983,17.0,adm1_name
551800,NG-BO,2024,1,Borno state,11.09826,12.76417,16.0,adm1_name
549457,NG-BO,2024,1,Borno state,11.316385,14.028283,40.0,adm1_name
550644,NG-BO,2024,1,Borno state,12.57005,13.302796,0.0,adm1_name
554349,NG-BO,2024,1,Borno state,12.989201,13.832239,50.0,adm1_name
555618,NG-BO,2024,1,Borno state,11.446739,12.947049,7.0,adm1_name
550790,NG-BO,2024,1,Borno state,12.716344,13.973795,70.0,adm1_name
550816,NG-BO,2024,1,Borno state,12.652775,13.982506,3.0,adm1_name
554352,NG-BO,2024,1,Borno state,12.989201,13.832239,2.0,adm1_name
555241,NG-BO,2024,1,Borno state,12.204874,13.87403,0.0,adm1_name
555235,NG-YO,2024,1,Yobe state,12.716667,12.033333,0.0,adm1_name
555236,NG-BO,2024,1,Borno state,12.57852,13.61727,0.0,adm1_name
555243,NG-YO,2024,1,Yobe state,11.56189,11.91656,0.0,adm1_name
555244,NG-BO,2024,1,Borno state,12.96309,13.60899,0.0,adm1_name
555245,NG-BO,2024,1,Borno state,12.67777,12.75361,0.0,adm1_name
555242,NG-BO,2024,1,Borno state,11.83022,12.63067,0.0,adm1_name
555300,NG-YO,2024,1,Yobe state,11.48451,12.31264,24.0,adm1_name
555247,NG-BO,2024,1,Borno state,11.255863,14.152438,0.0,adm1_name
555305,NG-BO,2024,1,Borno state,10.983528,13.350111,0.0,adm1_name
554469,NG-BO,2024,1,Borno state,12.8847,12.5081,6.0,adm1_name
554968,NG-BO,2024,1,Borno state,12.67777,12.75361,36.0,adm1_name
555320,NG-BO,2024,1,Borno state,11.255863,14.152438,0.0,adm1_name
555331,NG-BO,2024,1,Borno state,11.226071,13.783778,0.0,adm1_name
555168,NG-BO,2024,1,Borno state,12.716344,13.973795,3.0,adm1_name
555039,NG-BO,2024,1,Borno state,12.92475,13.56617,15.0,adm1_name
555185,NG-YO,2024,1,Yobe state,11.26889,11.99694,4.0,adm1_name
555192,NG-BO,2024,1,Borno state,11.970403,13.400337,5.0,adm1_name
563768,NG-BO,2024,1,Borno state,11.439891,12.945559,1.0,adm1_name
560415,NG-BO,2024,1,Borno state,12.37066,14.21731,0.0,adm1_name
558442,NG-BO,2024,1,Borno state,13.6734,13.3388,3.0,adm1_name
559191,NG-BO,2024,1,Borno state,13.4987,13.38646,3.0,adm1_name
559606,NG-BO,2024,1,Borno state,11.76002,13.26606,1.0,adm1_name
559292,NG-BO,2024,1,Borno state,13.378014,13.504103,32.0,adm1_name
194260,NG-BO,2015,2,Borno state,11.724167,13.284722,16.0,adm1_name
194856,NG-BO,2015,2,Borno state,10.66611,12.54459,15.0,adm1_name
194825,NG-BO,2015,2,Borno state,10.4331,12.24682,29.0,adm1_name
194855,NG-BO,2015,2,Borno state,10.66611,12.54459,12.0,adm1_name
198663,NG-BO,2015,2,Borno state,11.778008,13.173047,6.0,adm1_name
195676,NG-YO,2015,2,Yobe state,11.7091,11.0694,8.0,adm1_name
196410,NG-BO,2015,2,Borno state,10.73798,13.13072,3.0,adm1_name
196522,NG-BO,2015,2,Borno state,11.84644,13.160274,4.0,adm1_name
197157,NG-BO,2015,2,Borno state,10.74025,13.21742,3.0,adm1_name
198216,NG-BO,2015,2,Borno state,10.63582,12.8782,18.0,adm1_name
198247,NG-YO,2015,2,Yobe state,11.38333,11.96667,14.0,adm1_name
198213,NG-BO,2015,2,Borno state,10.60371,13.03029,5.0,adm1_name
207701,NG-BO,2015,2,Borno state,10.810416,12.45449,4.0,adm1_name
208079,NG-BO,2015,2,Borno state,11.925833,13.605556,5.0,adm1_name
231516,NG-BO,2016,2,Borno state,10.986887,13.298934,9.0,adm1_name
231507,NG-BO,2016,2,Borno state,10.983528,13.350111,10.0,adm1_name
226222,NG-BO,2016,2,Borno state,11.755521,13.106469,1.0,adm1_name
231421,NG-BO,2016,2,Borno state,11.7078,14.10919,9.0,adm1_name
226793,NG-BO,2016,2,Borno state,11.84644,13.160274,2.0,adm1_name
226829,NG-BO,2016,2,Borno state,11.76002,13.26606,3.0,adm1_name
231323,NG-BO,2016,2,Borno state,11.89912,13.29155,3.0,adm1_name
237654,NG-YO,2017,2,Yobe state,11.303107,12.084995,1.0,adm1_name
240302,NG-BO,2017,2,Borno state,12.67777,12.75361,3.0,adm1_name
272424,NG-BO,2018,2,Borno state,12.89979,12.81882,8.0,adm1_name
318008,NG-YO,2019,2,Yobe state,13.09969,12.1079,0.0,adm1_name
305861,NG-BO,2019,2,Borno state,12.499,12.7848,2.0,adm1_name
321592,NG-BO,2019,2,Borno state,12.499,12.7848,15.0,adm1_name
322918,NG-BO,2019,2,Borno state,10.69577,12.33134,1.0,adm1_name
327042,NG-BO,2020,2,Borno state,12.49303,13.20914,5.0,adm1_name
332238,NG-YO,2020,2,Yobe state,12.49235,11.488931,1.0,adm1_name
346817,NG-YO,2020,2,Yobe state,12.897,11.9304,0.0,adm1_name
346999,NG-BO,2020,2,Borno state,12.50884,13.10414,6.0,adm1_name
349067,NG-GO,2020,2,Gombe state,10.25,11.166667,0.0,adm1_name
348566,NG-GO,2020,2,Gombe state,10.25,11.166667,0.0,adm1_name
358489,NG-BO,2020,2,Borno state,12.1131,12.8274,2.0,adm1_name
364821,NG-BO,2020,2,Borno state,10.69577,12.33134,0.0,adm1_name
364820,NG-BO,2020,2,Borno state,11.0398,12.7041,0.0,adm1_name
366279,NG-BO,2020,2,Borno state,10.794037,12.723723,2.0,adm1_name
371681,NG-BO,2020,2,Borno state,13.19304,13.61461,2.0,adm1_name
375761,NG-BO,2020,2,Borno state,12.305677,12.78584,0.0,adm1_name
375797,NG-YO,2020,2,Yobe state,12.562078,11.798388,0.0,adm1_name
381529,NG-BO,2021,2,Borno state,13.09466,13.82343,0.0,adm1_name
386514,NG-BO,2021,2,Borno state,11.851818,12.851909,0.0,adm1_name
385438,NG-BO,2021,2,Borno state,10.77813,12.23147,4.0,adm1_name
385763,NG-BO,2021,2,Borno state,12.499,12.7848,1.0,adm1_name
387006,NG-BO,2021,2,Borno state,11.971431,12.975204,2.0,adm1_name
391746,NG-BO,2021,2,Borno state,11.225802,12.814114,0.0,adm1_name
391796,NG-BO,2021,2,Borno state,11.15604,12.75758,0.0,adm1_name
398356,NG-BO,2021,2,Borno state,11.196602,12.613302,0.0,adm1_name
409832,NG-AD,2021,2,Adamawa state,10.38396,12.82425,24.0,adm1_name
416164,NG-YO,2021,2,Yobe state,11.26889,11.99694,0.0,adm1_name
416829,NG-YO,2021,2,Yobe state,11.26889,11.99694,2.0,adm1_name
420450,NG-BO,2021,2,Borno state,11.543503,13.593866,1.0,adm1_name
423714,NG-BO,2021,2,Borno state,10.710731,12.250619,4.0,adm1_name
426172,NG-BO,2021,2,Borno state,11.83022,12.63067,2.0,adm1_name
425940,NG-BO,2021,2,Borno state,11.64518,12.45165,2.0,adm1_name
428132,NG-AD,2021,2,Adamawa state,10.88942,13.62832,3.0,adm1_name
428119,NG-YO,2022,2,Yobe state,11.57359,12.08416,0.0,adm1_name
428130,NG-BO,2022,2,Borno state,12.03609,13.91815,2.0,adm1_name
431558,NG-BO,2022,2,Borno state,11.8072,12.4909,1.0,adm1_name
431585,NG-BO,2022,2,Borno state,12.36532,13.8293,0.0,adm1_name
434756,NG-BO,2022,2,Borno state,11.5,13.0,4.0,adm1_name
437613,NG-BO,2022,2,Borno state,10.86583,12.84702,1.0,adm1_name
441575,NG-BO,2022,2,Borno state,12.57852,13.61727,3.0,adm1_name
444817,NG-BO,2022,2,Borno state,12.67863,13.60792,2.0,adm1_name
449707,NG-BO,2022,2,Borno state,11.8072,12.4909,1.0,adm1_name
450489,NG-BO,2022,2,Borno state,12.49303,13.20914,1.0,adm1_name
453043,NG-BO,2022,2,Borno state,11.226071,13.783778,0.0,adm1_name
460749,NG-BO,2023,2,Borno state,10.8843,11.9652,0.0,adm1_name
460738,NG-BO,2023,2,Borno state,12.36532,13.8293,4.0,adm1_name
252165,NG-RI,2016,2,Rivers state,5.119674,6.902618,1.0,adm1_name
252166,NG-RI,2016,2,Rivers state,5.119674,6.902618,1.0,adm1_name
236095,NG-RI,2016,2,Rivers state,4.92031,6.83548,5.0,adm1_name
252174,NG-RI,2016,2,Rivers state,4.93384,6.94946,5.0,adm1_name
252175,NG-RI,2016,2,Rivers state,4.92558,6.92424,5.0,adm1_name
226727,NG-RI,2016,2,Rivers state,4.91607,6.89715,5.0,adm1_name
252180,NG-RI,2016,2,Rivers state,5.19839,7.08192,4.0,adm1_name
240841,NG-AK,2017,2,Akwa Ibom state,4.978001,7.59247,10.0,adm1_name
240844,NG-RI,2017,2,Rivers state,4.777423,7.013404,3.0,adm1_name
240852,NG-RI,2017,2,Rivers state,5.08507,6.95575,2.0,adm1_name
240853,NG-RI,2017,2,Rivers state,5.17118,6.79738,5.0,adm1_name
240854,NG-RI,2017,2,Rivers state,5.00674,6.74739,3.0,adm1_name
240869,NG-RI,2017,2,Rivers state,4.92031,6.83548,1.0,adm1_name
240872,NG-RI,2017,2,Rivers state,4.96768,6.81565,5.0,adm1_name
240868,NG-RI,2017,2,Rivers state,4.92031,6.83548,8.0,adm1_name
240224,NG-AK,2017,2,Akwa Ibom state,4.937144,7.523852,4.0,adm1_name
240877,NG-AK,2017,2,Akwa Ibom state,4.978001,7.59247,3.0,adm1_name
301519,NG-RI,2019,2,Rivers state,4.67629,7.36519,7.0,adm1_name
282464,NG-RI,2019,2,Rivers state,4.885111,6.924562,1.0,adm1_name
282974,NG-RI,2019,2,Rivers state,4.868378,6.908207,3.0,adm1_name
284373,NG-RI,2019,2,Rivers state,4.83153,6.98906,3.0,adm1_name
285068,NG-RI,2019,2,Rivers state,4.87396,6.85996,2.0,adm1_name
329954,NG-RI,2019,2,Rivers state,4.87396,6.85996,3.0,adm1_name
301683,NG-RI,2019,2,Rivers state,4.94,6.778611,4.0,adm1_name
286966,NG-RI,2019,2,Rivers state,4.63368,7.36451,20.0,adm1_name
345985,NG-AK,2020,2,Akwa Ibom state,4.812009,7.61413,2.0,adm1_name
346296,NG-BY,2020,2,Bayelsa state,4.924722,6.264167,2.0,adm1_name
346295,NG-BY,2020,2,Bayelsa state,4.924722,6.264167,3.0,adm1_name
348521,NG-AK,2020,2,Akwa Ibom state,4.800713,7.666248,2.0,adm1_name
358482,NG-AK,2020,2,Akwa Ibom state,4.812009,7.61413,1.0,adm1_name
364485,NG-AK,2020,2,Akwa Ibom state,4.800713,7.666248,1.0,adm1_name
370946,NG-AK,2020,2,Akwa Ibom state,4.78246,7.59249,2.0,adm1_name
374798,NG-RI,2020,2,Rivers state,4.69962,7.42264,2.0,adm1_name
433236,NG-BY,2022,2,Bayelsa state,4.924722,6.264167,1.0,adm1_name
433239,NG-BY,2022,2,Bayelsa state,4.924722,6.264167,1.0,adm1_name
433237,NG-BY,2022,2,Bayelsa state,4.924722,6.264167,1.0,adm1_name
433235,NG-BY,2022,2,Bayelsa state,4.924722,6.264167,2.0,adm1_name
463012,NG-RI,2023,2,Rivers state,4.777423,7.013404,2.0,adm1_name
475005,NG-RI,2023,2,Rivers state,4.902491,6.854088,2.0,adm1_name
234872,NG-AK,2016,2,Akwa Ibom state,5.14318,7.97788,4.0,adm1_name
237032,NG-AK,2017,2,Akwa Ibom state,5.158969,8.055838,5.0,adm1_name
237284,NG-CR,2017,2,,5.17844,8.30976,20.0,point_in_polygon
237858,NG-AK,2017,2,Akwa Ibom state,5.158969,8.055838,12.0,adm1_name
237869,NG-AK,2017,2,Akwa Ibom state,5.033333,8.05,0.0,adm1_name
438884,NG-AK,2022,2,Akwa Ibom state,5.158969,8.055838,3.0,adm1_name
235965,NG-EN,2016,2,Enugu state,6.31519,7.62422,1.0,adm1_name
235969,NG-EN,2016,2,Enugu state,6.83582,7.23494,2.0,adm1_name
235980,NG-DE,2016,2,Delta state,5.68799,5.98414,2.0,adm1_name
235997,NG-EN,2016,2,Enugu state,6.533333,7.533333,1.0,adm1_name
235995,NG-EN,2016,2,Enugu state,6.533333,7.533333,1.0,adm1_name
226437,NG-EN,2016,2,Enugu state,6.79992,7.14842,12.0,adm1_name
236039,NG-EN,2016,2,Enugu state,6.70902,7.31826,1.0,adm1_name
234873,NG-EN,2016,2,Enugu state,6.52699,7.54014,2.0,adm1_name
254373,NG-BE,2018,2,Benue state,7.68922,9.25049,1.0,adm1_name
284371,NG-AN,2019,2,Anambra state,6.35931,6.74968,0.0,adm1_name
284329,NG-AN,2019,2,Anambra state,6.419516,6.790624,6.0,adm1_name
294202,NG-EN,2019,2,Enugu state,6.228701,7.451434,0.0,adm1_name
299960,NG-EN,2019,2,Enugu state,6.4402,7.4943,0.0,adm1_name
346925,NG-IM,2020,2,Imo state,5.669261,6.799903,1.0,adm1_name
364572,NG-EB,2020,2,Ebonyi state,5.88096,7.920619,2.0,adm1_name
390910,NG-EB,2021,2,Ebonyi state,6.42714,7.83583,15.0,adm1_name
402598,NG-EN,2021,2,Enugu state,6.654276,7.764207,0.0,adm1_name
411657,NG-EN,2021,2,Enugu state,6.654276,7.764207,0.0,adm1_name
441483,NG-EN,2022,2,Enugu state,6.654276,7.764207,5.0,adm1_name
442179,NG-EN,2022,2,Enugu state,6.654276,7.764207,2.0,adm1_name
453465,NG-DE,2022,2,Delta state,6.32273,6.64445,1.0,adm1_name
457065,NG-EN,2022,2,Enugu state,6.654276,7.764207,13.0,adm1_name
457118,NG-EN,2022,2,Enugu state,6.654276,7.764207,2.0,adm1_name
457119,NG-EN,2022,2,Enugu state,6.654276,7.764207,1.0,adm1_name
458132,NG-EN,2022,2,Enugu state,6.654276,7.764207,12.0,adm1_name
458225,NG-EN,2022,2,Enugu state,6.654276,7.764207,0.0,adm1_name
521708,NG-EN,2024,2,Enugu state,6.79992,7.14842,5.0,adm1_name
526092,NG-EN,2024,2,Enugu state,6.799701,7.091605,2.0,adm1_name
539325,NG-EN,2024,2,Enugu state,6.70902,7.31826,4.0,adm1_name
555910,NG-EN,2024,2,Enugu state,6.654276,7.764207,3.0,adm1_name
555928,NG-EN,2024,2,Enugu state,6.654276,7.764207,1.0,adm1_name
231252,NG-BO,2016,2,Borno state,12.36532,13.8293,3.0,adm1_name
231253,NG-BO,2016,2,Borno state,12.405442,13.569552,3.0,adm1_name
231254,NG-BO,2016,2,Borno state,12.57852,13.61727,3.0,adm1_name
251661,NG-BO,2017,2,Borno state,12.03609,13.91815,2.0,adm1_name
251662,NG-BO,2017,2,Borno state,11.09826,12.76417,2.0,adm1_name
251664,NG-BO,2017,2,Borno state,11.90069,14.02693,1.0,adm1_name
327525,NG-BO,2020,2,Borno state,13.43162,13.31319,6.0,adm1_name
335715,NG-BO,2020,2,Borno state,13.36901,12.78577,0.0,adm1_name
385788,NG-GO,2021,2,,10.569692,11.554794,9.0,point_in_polygon
391848,NG-BO,2021,2,Borno state,11.103593,13.712983,0.0,adm1_name
398320,NG-BO,2021,2,Borno state,13.6169,13.26438,1.0,adm1_name
402152,NG-BO,2021,2,Borno state,11.25,13.416667,5.0,adm1_name
402356,NG-GO,2021,2,,10.569692,11.554794,1.0,point_in_polygon
414541,NG-BO,2021,2,Borno state,13.43162,13.31319,27.0,adm1_name
416469,NG-BO,2021,2,Borno state,12.79305,14.12087,101.0,adm1_name
420391,NG-BO,2021,2,Borno state,11.046388,13.751003,24.0,adm1_name
420394,NG-BO,2021,2,Borno state,13.151034,13.964249,87.0,adm1_name
420489,NG-BO,2021,2,Borno state,13.151034,13.964249,17.0,adm1_name
434599,NG-BO,2022,2,Borno state,11.046388,13.751003,1.0,adm1_name
434551,NG-BO,2022,2,Borno state,11.90069,14.02693,20.0,adm1_name
434851,NG-BO,2022,2,Borno state,13.09165,12.6966,20.0,adm1_name
434543,NG-BO,2022,2,Borno state,13.51238,13.203059,22.0,adm1_name
434539,NG-BO,2022,2,Borno state,13.50633,13.15844,23.0,adm1_name
434542,NG-BO,2022,2,Borno state,12.989201,13.832239,20.0,adm1_name
436584,NG-BO,2022,2,Borno state,11.58605,13.00278,10.0,adm1_name
437614,NG-BO,2022,2,Borno state,11.46991,13.75786,24.0,adm1_name
438831,NG-BO,2022,2,Borno state,11.3153,12.4742,6.0,adm1_name
444529,NG-AD,2022,2,Adamawa state,10.170877,13.385249,24.0,adm1_name
447388,NG-BO,2022,2,Borno state,12.61431,12.46655,8.0,adm1_name
449630,NG-BO,2022,2,Borno state,11.736271,14.153044,8.0,adm1_name
449855,NG-BO,2022,2,Borno state,11.52059,14.09661,29.0,adm1_name
450375,NG-BO,2022,2,Borno state,11.52059,14.09661,2.0,adm1_name
450502,NG-BO,2022,2,Borno state,12.36532,13.8293,8.0,adm1_name
452815,NG-BO,2022,2,Borno state,12.1101,13.98946,6.0,adm1_name
453090,NG-BO,2022,2,Borno state,11.707381,13.708122,43.0,adm1_name
457371,NG-BO,2022,2,Borno state,11.25,13.416667,3.0,adm1_name
457416,NG-BO,2022,2,Borno state,11.25,13.416667,35.0,adm1_name
457418,NG-BO,2022,2,Borno state,11.25,13.416667,15.0,adm1_name
460754,NG-BO,2022,2,Borno state,13.524385,13.496058,35.0,adm1_name
459637,NG-BO,2023,2,Borno state,11.52059,14.09661,0.0,adm1_name
462921,NG-BO,2023,2,Borno state,12.92475,13.56617,35.0,adm1_name
462829,NG-BO,2023,2,Borno state,11.506336,13.745345,3.0,adm1_name
463398,NG-BO,2023,2,Borno state,11.838162,12.695214,6.0,adm1_name
463395,NG-BO,2023,2,Borno state,11.58605,13.00278,15.0,adm1_name
463386,NG-BO,2023,2,Borno state,11.09826,12.76417,40.0,adm1_name
463397,NG-BO,2023,2,Borno state,13.48895,13.32904,3.0,adm1_name
466037,NG-BO,2023,2,Borno state,11.91328,13.744313,6.0,adm1_name
466039,NG-BO,2023,2,Borno state,11.09826,12.76417,16.0,adm1_name
470149,NG-BO,2023,2,Borno state,11.25,13.416667,3.0,adm1_name
466946,NG-BO,2023,2,Borno state,12.94284,13.17831,1.0,adm1_name
466949,NG-BO,2023,2,Borno state,11.707381,13.708122,15.0,adm1_name
470082,NG-BO,2023,2,Borno state,11.90069,14.02693,1.0,adm1_name
512372,NG-BO,2023,2,Borno state,12.36532,13.8293,0.0,adm1_name
512373,NG-BO,2023,2,Borno state,11.5,13.0,0.0,adm1_name
478354,NG-BO,2023,2,Borno state,12.37362,13.149481,3.0,adm1_name
481088,NG-BO,2023,2,Borno state,11.25,13.416667,51.0,adm1_name
488188,NG-BO,2023,2,Borno state,12.24421,13.8605,0.0,adm1_name
489557,NG-BO,2023,2,Borno state,13.27368,13.803,41.0,adm1_name
493214,NG-BO,2023,2,Borno state,13.09466,13.82343,4.0,adm1_name
493360,NG-BO,2023,2,Borno state,11.103593,13.712982,6.0,adm1_name
497401,NG-BO,2023,2,Borno state,13.340571,12.935061,4.0,adm1_name
498573,NG-BO,2023,2,Borno state,13.19577,12.587193,40.0,adm1_name
501455,NG-BO,2023,2,Borno state,12.79305,14.12087,40.0,adm1_name
506821,NG-BO,2023,2,Borno state,12.79305,14.12087,40.0,adm1_name
510502,NG-BO,2024,2,Borno state,12.989201,13.832239,6.0,adm1_name
510510,NG-BO,2024,2,Borno state,12.989201,13.832239,3.0,adm1_name
510525,NG-BO,2024,2,Borno state,12.989201,13.832239,6.0,adm1_name
510540,NG-BO,2024,2,Borno state,12.96309,13.60899,6.0,adm1_name
517978,NG-BO,2024,2,Borno state,12.989201,13.832239,9.0,adm1_name
517979,NG-BO,2024,2,Borno state,12.96309,13.60899,28.0,adm1_name
521307,NG-BO,2024,2,Borno state,12.989201,13.832239,101.0,adm1_name
521314,NG-BO,2024,2,Borno state,12.989201,13.832239,85.0,adm1_name
521372,NG-BO,2024,2,Borno state,12.989201,13.832239,40.0,adm1_name
529894,NG-BO,2024,2,Borno state,12.96309,13.60899,16.0,adm1_name
538630,NG-BO,2024,2,Borno state,12.989201,13.832239,21.0,adm1_name
538628,NG-BO,2024,2,Borno state,13.375603,13.507019,101.0,adm1_name
538653,NG-BO,2024,2,Borno state,12.36532,13.8293,3.0,adm1_name
538655,NG-BO,2024,2,Borno state,12.36532,13.8293,69.0,adm1_name
543352,NG-BO,2024,2,Borno state,12.989201,13.832239,40.0,adm1_name
543358,NG-BO,2024,2,Borno state,12.687898,13.511536,3.0,adm1_name
550768,NG-BO,2024,2,Borno state,12.989201,13.832239,1.0,adm1_name
559277,NG-BO,2024,2,Borno state,12.989201,13.832239,40.0,adm1_name
385774,NG-AN,2021,3,Anambra state,6.07201,6.829892,0.0,adm1_name
392032,NG-IM,2021,3,Imo state,5.797661,7.036648,3.0,adm1_name
392036,NG-IM,2021,3,Imo state,5.670128,7.014557,4.0,adm1_name
415866,NG-IM,2021,3,Imo state,5.5,7.166667,10.0,adm1_name
415861,NG-IM,2021,3,Imo state,5.826639,6.933437,2.0,adm1_name
396901,NG-AN,2021,3,Anambra state,6.242364,6.939715,0.0,adm1_name
417283,NG-IM,2021,3,Imo state,5.8,6.983333,0.0,adm1_name
416051,NG-EB,2021,3,Ebonyi state,6.25,8.08333,7.0,adm1_name
413735,NG-IM,2021,3,Imo state,5.500873,7.238016,1.0,adm1_name
416770,NG-EN,2021,3,Enugu state,6.061552,7.591369,0.0,adm1_name
416771,NG-IM,2021,3,Imo state,5.797661,7.036648,0.0,adm1_name
416769,NG-EB,2021,3,Ebonyi state,6.011589,7.788575,6.0,adm1_name
416944,NG-IM,2021,3,Imo state,5.84242,6.981596,0.0,adm1_name
419686,NG-EN,2021,3,Enugu state,6.898992,7.343245,0.0,adm1_name
416965,NG-AN,2021,3,Anambra state,6.01986,6.91478,2.0,adm1_name
420596,NG-EN,2021,3,Enugu state,6.315916,7.477503,0.0,adm1_name
419948,NG-IM,2021,3,Imo state,5.705874,7.003619,2.0,adm1_name
427818,NG-EN,2022,3,Enugu state,6.31519,7.62422,1.0,adm1_name
434480,NG-EN,2022,3,Enugu state,6.466667,7.516667,0.0,adm1_name
436363,NG-EN,2022,3,Enugu state,6.4402,7.4943,1.0,adm1_name
436652,NG-AN,2022,3,Anambra state,5.94211,6.92931,0.0,adm1_name
438823,NG-DE,2022,3,Delta state,6.200643,6.733845,1.0,adm1_name
438824,NG-EN,2022,3,Enugu state,6.4762,7.5851,0.0,adm1_name
438833,NG-AN,2022,3,Anambra state,6.111474,7.165393,0.0,adm1_name
447364,NG-IM,2022,3,Imo state,5.543324,6.97555,8.0,adm1_name
450011,NG-EB,2022,3,Ebonyi state,6.149797,7.801286,0.0,adm1_name
456974,NG-IM,2022,3,Imo state,5.558244,6.88788,5.0,adm1_name
458157,NG-IM,2022,3,Imo state,5.769504,7.25227,2.0,adm1_name
458160,NG-EN,2022,3,Enugu state,6.4402,7.4943,2.0,adm1_name
466814,NG-DE,2023,3,Delta state,6.200643,6.733845,0.0,adm1_name
470636,NG-EN,2023,3,Enugu state,6.4402,7.4943,0.0,adm1_name
476376,NG-EN,2023,3,Enugu state,6.360355,7.642879,0.0,adm1_name
482610,NG-IM,2023,3,Imo state,5.65101,7.14788,0.0,adm1_name
482599,NG-IM,2023,3,Imo state,5.48333,7.03041,1.0,adm1_name
483211,NG-IM,2023,3,Imo state,5.543324,6.97555,2.0,adm1_name
483212,NG-IM,2023,3,Imo state,5.516,6.97923,1.0,adm1_name
497340,NG-IM,2023,3,Imo state,5.632393,7.280801,0.0,adm1_name
502751,NG-IM,2023,3,Imo state,5.5,7.166667,1.0,adm1_name
530956,NG-IM,2024,3,Imo state,5.838015,7.321857,0.0,adm1_name
551147,NG-AB,2024,3,Abia state,5.106576,7.366667,0.0,adm1_name
559403,NG-AN,2024,3,Anambra state,5.86966,6.83284,0.0,adm1_name
226942,NG-PL,2016,2,Plateau state,9.19313,8.7677,4.0,adm1_name
542667,NG-PL,2024,2,Plateau state,9.217296,8.839418,6.0,adm1_name
542677,NG-PL,2024,2,Plateau state,9.313089,8.987502,2.0,adm1_name
543137,NG-PL,2024,2,Plateau state,9.26667,8.95,5.0,adm1_name
550298,NG-PL,2024,2,Plateau state,9.274408,8.976278,2.0,adm1_name
549225,NG-PL,2024,2,Plateau state,9.376227,8.980334,5.0,adm1_name
549223,NG-PL,2024,2,Plateau state,9.33793,8.934168,4.0,adm1_name
549214,NG-PL,2024,2,Plateau state,9.36385,8.960922,1.0,adm1_name
549276,NG-PL,2024,2,Plateau state,9.365465,9.007999,5.0,adm1_name
239389,NG-CR,2017,2,Cross River state,6.653982,8.549387,150.0,adm1_name
239822,NG-KD,2017,2,Kaduna state,10.27704,7.85784,1.0,adm1_name
239538,NG-KD,2017,2,Kaduna state,10.31921,7.68924,36.0,adm1_name
279419,NG-KD,2019,2,Kaduna state,10.166933,7.764394,11.0,adm1_name
279396,NG-KD,2019,2,Kaduna state,10.08174,7.72465,66.0,adm1_name
279712,NG-KD,2019,2,Kaduna state,10.036951,7.680461,36.0,adm1_name
282315,NG-KD,2019,2,Kaduna state,10.166933,7.764394,1.0,adm1_name
282337,NG-KD,2019,2,Kaduna state,10.166933,7.764394,16.0,adm1_name
282528,NG-KD,2019,2,Kaduna state,10.121138,7.714965,0.0,adm1_name
284375,NG-KD,2019,2,Kaduna state,10.27704,7.85784,11.0,adm1_name
285648,NG-KD,2019,2,Kaduna state,10.253312,7.694211,10.0,adm1_name
385990,NG-KD,2020,2,Kaduna state,10.27704,7.85784,6.0,adm1_name
385901,NG-KD,2020,2,Kaduna state,10.08174,7.72465,3.0,adm1_name
370859,NG-KD,2020,2,Kaduna state,10.26858,7.78896,29.0,adm1_name
386000,NG-KD,2020,2,Kaduna state,10.333333,7.75,35.0,adm1_name
339959,NG-KD,2020,2,Kaduna state,10.27704,7.85784,3.0,adm1_name
343478,NG-KD,2020,2,Kaduna state,10.27704,7.85784,1.0,adm1_name
343399,NG-KD,2020,2,Kaduna state,10.2716,7.74112,15.0,adm1_name
343477,NG-KD,2020,2,Kaduna state,10.186273,7.915684,7.0,adm1_name
345968,NG-KD,2020,2,Kaduna state,10.27704,7.85784,9.0,adm1_name
348573,NG-KD,2020,2,Kaduna state,10.27704,7.85784,7.0,adm1_name
358110,NG-KD,2020,2,Kaduna state,10.423117,7.802545,1.0,adm1_name
358080,NG-KD,2020,2,Kaduna state,10.351694,7.652422,3.0,adm1_name
13980,NG-PL,2010,2,Plateau state,9.85,8.683333,7.0,adm1_name
241435,NG-PL,2017,2,Plateau state,10.083333,8.733333,1.0,adm1_name
241431,NG-PL,2017,2,Plateau state,10.083333,8.733333,19.0,adm1_name
260470,NG-PL,2017,2,Plateau state,10.083333,8.733333,8.0,adm1_name
244471,NG-PL,2017,2,Plateau state,10.083333,8.733333,1.0,adm1_name
244472,NG-PL,2017,2,Plateau state,10.083333,8.733333,3.0,adm1_name
244460,NG-PL,2017,2,Plateau state,9.884911,8.665564,6.0,adm1_name
244466,NG-PL,2017,2,Plateau state,10.083333,8.733333,6.0,adm1_name
244476,NG-PL,2017,2,Plateau state,10.083333,8.733333,1.0,adm1_name
244462,NG-PL,2017,2,Plateau state,10.083333,8.733333,27.0,adm1_name
254322,NG-PL,2018,2,Plateau state,9.54969,8.9344,0.0,adm1_name
253914,NG-PL,2018,2,Plateau state,10.083333,8.733333,3.0,adm1_name
253915,NG-PL,2018,2,Plateau state,10.083333,8.733333,2.0,adm1_name
253922,NG-PL,2018,2,Plateau state,9.948046,8.759844,3.0,adm1_name
254325,NG-PL,2018,2,Plateau state,10.083333,8.733333,3.0,adm1_name
254329,NG-PL,2018,2,Plateau state,10.083333,8.733333,3.0,adm1_name
253933,NG-PL,2018,2,Plateau state,10.083333,8.733333,1.0,adm1_name
253944,NG-PL,2018,2,Plateau state,9.890436,8.77242,2.0,adm1_name
279197,NG-PL,2018,2,Plateau state,9.830947,8.73745,1.0,adm1_name
279198,NG-PL,2018,2,Plateau state,10.083333,8.733333,1.0,adm1_name
254044,NG-PL,2018,2,Plateau state,10.083333,8.733333,3.0,adm1_name
254971,NG-PL,2018,2,Plateau state,9.86752,8.78578,3.0,adm1_name
254982,NG-PL,2018,2,Plateau state,9.22692,8.92677,6.0,adm1_name
254983,NG-PL,2018,2,Plateau state,9.22692,8.92677,10.0,adm1_name
254981,NG-PL,2018,2,Plateau state,9.85,8.683333,10.0,adm1_name
254987,NG-PL,2018,2,Plateau state,9.85,8.683333,25.0,adm1_name
254988,NG-PL,2018,2,Plateau state,10.083333,8.733333,25.0,adm1_name
255073,NG-PL,2018,2,Plateau state,9.93936,8.90222,3.0,adm1_name
255521,NG-PL,2018,2,Plateau state,9.86752,8.78578,4.0,adm1_name
258418,NG-PL,2018,2,Plateau state,10.083333,8.733333,2.0,adm1_name
260552,NG-PL,2018,2,Plateau state,10.02903,8.78904,3.0,adm1_name
279027,NG-PL,2018,2,Plateau state,9.936549,8.789451,1.0,adm1_name
268625,NG-PL,2018,2,Plateau state,9.928661,8.811267,15.0,adm1_name
266585,NG-PL,2018,2,Plateau state,9.830947,8.73745,19.0,adm1_name
266587,NG-PL,2018,2,Plateau state,10.083333,8.733333,4.0,adm1_name
312934,NG-PL,2018,2,Plateau state,9.830947,8.73745,1.0,adm1_name
285267,NG-PL,2019,2,Plateau state,9.166667,9.75,1.0,adm1_name
285266,NG-PL,2019,2,Plateau state,10.083333,8.733333,2.0,adm1_name
286804,NG-PL,2019,2,Plateau state,9.93936,8.90222,3.0,adm1_name
284927,NG-PL,2019,2,Plateau state,9.76017,8.66792,0.0,adm1_name
284931,NG-PL,2019,2,Plateau state,10.083333,8.733333,0.0,adm1_name
286803,NG-PL,2019,2,Plateau state,10.083333,8.733333,1.0,adm1_name
286810,NG-PL,2019,2,Plateau state,9.646558,8.89702,0.0,adm1_name
293479,NG-PL,2019,2,Plateau state,9.85,8.683333,2.0,adm1_name
293481,NG-PL,2019,2,Plateau state,9.85,8.683333,1.0,adm1_name
307232,NG-PL,2019,2,Plateau state,9.85,8.683333,3.0,adm1_name
313562,NG-PL,2019,2,Plateau state,9.85,8.683333,1.0,adm1_name
336253,NG-PL,2020,2,Plateau state,10.083333,8.733333,5.0,adm1_name
336460,NG-PL,2020,2,Plateau state,10.083333,8.733333,3.0,adm1_name
336462,NG-PL,2020,2,Plateau state,10.083333,8.733333,7.0,adm1_name
336743,NG-PL,2020,2,Plateau state,10.083333,8.733333,0.0,adm1_name
336748,NG-PL,2020,2,Plateau state,10.083333,8.733333,4.0,adm1_name
338623,NG-PL,2020,2,Plateau state,9.76017,8.66792,9.0,adm1_name
339766,NG-PL,2020,2,Plateau state,9.85,8.683333,0.0,adm1_name
339764,NG-PL,2020,2,Plateau state,10.083333,8.733333,0.0,adm1_name
349182,NG-PL,2020,2,Plateau state,9.93936,8.90222,1.0,adm1_name
430464,NG-PL,2021,2,Plateau state,10.083333,8.733333,0.0,adm1_name
385766,NG-PL,2021,2,Plateau state,10.083333,8.733333,0.0,adm1_name
385072,NG-PL,2021,2,Plateau state,9.85,8.683333,12.0,adm1_name
385569,NG-PL,2021,2,Plateau state,9.948046,8.759844,3.0,adm1_name
429972,NG-PL,2021,2,Plateau state,10.083333,8.733333,1.0,adm1_name
403151,NG-PL,2021,2,Plateau state,10.083333,8.733333,2.0,adm1_name
404878,NG-PL,2021,2,Plateau state,9.879852,8.700724,2.0,adm1_name
405642,NG-PL,2021,2,Plateau state,10.083333,8.733333,3.0,adm1_name
413761,NG-PL,2021,2,Plateau state,9.763918,8.709859,0.0,adm1_name
410619,NG-PL,2021,2,Plateau state,10.02903,8.78904,5.0,adm1_name
410625,NG-PL,2021,2,Plateau state,9.56796,8.68476,12.0,adm1_name
413843,NG-PL,2021,2,Plateau state,9.93936,8.90222,0.0,adm1_name
414529,NG-PL,2021,2,Plateau state,10.02903,8.78904,3.0,adm1_name
413836,NG-PL,2021,2,Plateau state,9.928661,8.811267,27.0,adm1_name
413918,NG-PL,2021,2,Plateau state,9.93936,8.90222,7.0,adm1_name
413938,NG-PL,2021,2,Plateau state,9.890436,8.77242,5.0,adm1_name
413939,NG-PL,2021,2,Plateau state,9.897523,8.825713,1.0,adm1_name
414531,NG-PL,2021,2,Plateau state,9.890436,8.77242,3.0,adm1_name
416928,NG-PL,2021,2,Plateau state,10.083333,8.733333,1.0,adm1_name
416931,NG-PL,2021,2,Plateau state,10.083333,8.733333,3.0,adm1_name
416466,NG-PL,2021,2,Plateau state,10.083333,8.733333,1.0,adm1_name
416558,NG-PL,2021,2,Plateau state,10.02903,8.78904,2.0,adm1_name
416559,NG-PL,2021,2,Plateau state,10.02903,8.78904,2.0,adm1_name
416981,NG-PL,2021,2,Plateau state,9.85,8.683333,3.0,adm1_name
427935,NG-PL,2022,2,Plateau state,10.083333,8.733333,2.0,adm1_name
427681,NG-PL,2022,2,Plateau state,10.083333,8.733333,18.0,adm1_name
437266,NG-PL,2022,2,Plateau state,9.897523,8.825713,0.0,adm1_name
437705,NG-PL,2022,2,Plateau state,10.083333,8.733333,3.0,adm1_name
437706,NG-PL,2022,2,Plateau state,10.083333,8.733333,1.0,adm1_name
437707,NG-PL,2022,2,Plateau state,10.083333,8.733333,1.0,adm1_name
436137,NG-PL,2022,2,Plateau state,10.083333,8.733333,12.0,adm1_name
434549,NG-PL,2022,2,Plateau state,10.083333,8.733333,7.0,adm1_name
440139,NG-PL,2022,2,Plateau state,9.166667,9.75,0.0,adm1_name
440127,NG-PL,2022,2,Plateau state,10.083333,8.733333,1.0,adm1_name
438526,NG-PL,2022,2,Plateau state,10.083333,8.733333,8.0,adm1_name
466454,NG-PL,2023,2,Plateau state,9.76017,8.66792,3.0,adm1_name
494383,NG-PL,2023,2,Plateau state,9.81824,8.65845,9.0,adm1_name
515053,NG-PL,2024,2,Plateau state,9.85,8.683333,3.0,adm1_name
515054,NG-PL,2024,2,Plateau state,9.85,8.683333,1.0,adm1_name
519064,NG-PL,2024,2,Plateau state,9.85,8.683333,1.0,adm1_name
568733,NG-PL,2024,2,Plateau state,9.76017,8.66792,1.0,adm1_name
524901,NG-PL,2024,2,Plateau state,9.76017,8.66792,2.0,adm1_name
530237,NG-PL,2024,2,Plateau state,9.81824,8.65845,5.0,adm1_name
530728,NG-PL,2024,2,Plateau state,9.85,8.683333,2.0,adm1_name
530955,NG-PL,2024,2,Plateau state,9.81824,8.65845,5.0,adm1_name
559009,NG-PL,2024,2,Plateau state,9.680926,8.635579,15.0,adm1_name
41761,NG-TA,2012,2,Taraba state,9.2,10.883333,3.0,adm1_name
41741,NG-TA,2012,2,Taraba state,9.2,10.883333,3.0,adm1_name
41715,NG-TA,2012,2,Taraba state,9.2,10.883333,2.0,adm1_name
41270,NG-TA,2012,2,Taraba state,9.2,10.883333,3.0,adm1_name
41414,NG-TA,2012,2,Taraba state,9.2,10.883333,2.0,adm1_name
218832,NG-AD,2016,2,Adamawa state,9.42646,12.48094,30.0,adm1_name
236005,NG-AD,2016,2,Adamawa state,9.45861,12.357,8.0,adm1_name
227035,NG-AD,2016,2,Adamawa state,9.457552,12.226529,20.0,adm1_name
236940,NG-AD,2017,2,Adamawa state,9.39843,12.36436,2.0,adm1_name
237498,NG-AD,2017,2,Adamawa state,9.48862,12.30425,3.0,adm1_name
247792,NG-AD,2017,2,Adamawa state,9.45861,12.357,1.0,adm1_name
247791,NG-AD,2017,2,Adamawa state,9.457552,12.226529,20.0,adm1_name
247475,NG-AD,2017,2,Adamawa state,9.46344,11.68068,20.0,adm1_name
247477,NG-AD,2017,2,Adamawa state,9.45371,11.836653,40.0,adm1_name
249512,NG-AD,2017,2,Adamawa state,9.45371,11.836653,2.0,adm1_name
249510,NG-AD,2017,2,Adamawa state,9.46344,11.68068,2.0,adm1_name
249501,NG-AD,2017,2,Adamawa state,9.40562,11.93422,11.0,adm1_name
252365,NG-AD,2017,2,Adamawa state,9.40233,11.91573,10.0,adm1_name
252366,NG-AD,2017,2,Adamawa state,9.4553,11.93015,10.0,adm1_name
252367,NG-AD,2017,2,Adamawa state,9.46001,11.91665,10.0,adm1_name
252368,NG-AD,2017,2,Adamawa state,9.43937,11.90516,10.0,adm1_name
254130,NG-AD,2017,2,Adamawa state,9.536671,12.385155,1.0,adm1_name
253762,NG-AD,2018,2,Adamawa state,9.42646,12.48094,3.0,adm1_name
253777,NG-AD,2018,2,Adamawa state,9.6,12.26667,3.0,adm1_name
253778,NG-AD,2018,2,Adamawa state,9.568084,12.304026,2.0,adm1_name
253779,NG-AD,2018,2,Adamawa state,9.536671,12.385155,2.0,adm1_name
253832,NG-TA,2018,2,Taraba state,9.23826,11.54547,5.0,adm1_name
253828,NG-TA,2018,2,Taraba state,9.28916,11.45924,5.0,adm1_name
253831,NG-TA,2018,2,Taraba state,9.259845,11.533531,5.0,adm1_name
278854,NG-TA,2018,2,Taraba state,9.18704,11.42011,1.0,adm1_name
253833,NG-TA,2018,2,Taraba state,9.18704,11.42011,10.0,adm1_name
254318,NG-TA,2018,2,Taraba state,9.18704,11.42011,2.0,adm1_name
254295,NG-TA,2018,2,Taraba state,9.18704,11.42011,6.0,adm1_name
253907,NG-AD,2018,2,Adamawa state,9.46344,11.68068,3.0,adm1_name
253908,NG-AD,2018,2,Adamawa state,9.40562,11.93422,3.0,adm1_name
254116,NG-AD,2018,2,Adamawa state,9.416667,12.133333,20.0,adm1_name
268488,NG-AD,2018,2,Adamawa state,9.45371,11.836653,9.0,adm1_name
268490,NG-AD,2018,2,Adamawa state,9.38213,11.62305,8.0,adm1_name
256456,NG-AD,2018,2,Adamawa state,9.5705,11.71792,16.0,adm1_name
256477,NG-AD,2018,2,Adamawa state,9.327474,11.532832,8.0,adm1_name
258518,NG-AD,2018,2,Adamawa state,9.45243,12.06327,21.0,adm1_name
262755,NG-AD,2018,2,Adamawa state,9.2,12.48333,1.0,adm1_name
285269,NG-AD,2019,2,Adamawa state,9.40957,11.99502,4.0,adm1_name
285273,NG-AD,2019,2,Adamawa state,9.536671,12.385155,0.0,adm1_name
328828,NG-AD,2019,2,Adamawa state,9.549216,12.290194,0.0,adm1_name
328829,NG-AD,2019,2,Adamawa state,9.42646,12.48094,0.0,adm1_name
539786,NG-AD,2024,2,Adamawa state,9.457552,12.226529,8.0,adm1_name
327538,NG-KO,2020,2,Kogi state,7.0927,6.8742,1.0,adm1_name
386126,NG-KO,2020,2,Kogi state,7.0927,6.8742,2.0,adm1_name
335248,NG-KO,2020,2,Kogi state,7.47324,7.24901,2.0,adm1_name
343763,NG-KO,2020,2,Kogi state,7.47324,7.24901,3.0,adm1_name
470683,NG-KO,2023,2,Kogi state,7.58435,7.17344,2.0,adm1_name
512155,NG-KO,2023,2,Kogi state,7.768704,7.218154,3.0,adm1_name
512156,NG-KO,2023,2,Kogi state,7.743557,7.287635,5.0,adm1_name
521533,NG-KO,2024,2,Kogi state,7.811474,7.530349,6.0,adm1_name
521530,NG-KO,2024,2,Kogi state,7.86808,7.50907,25.0,adm1_name
16557,NG-NA,1997,2,Nasarawa state,8.5,8.25,10.0,adm1_name
234859,NG-KO,2016,2,Kogi state,7.77095,7.0244,2.0,adm1_name
276954,NG-NA,2018,2,Nasarawa state,8.534337,7.463715,3.0,adm1_name
255789,NG-KO,2018,2,Kogi state,7.95386,7.266551,5.0,adm1_name
255820,NG-NA,2018,2,Nasarawa state,8.007046,7.187735,15.0,adm1_name
256551,NG-NA,2018,2,Nasarawa state,8.2502,7.19827,0.0,adm1_name
256668,NG-NA,2018,2,Nasarawa state,8.007046,7.187735,0.0,adm1_name
266531,NG-NA,2018,2,Nasarawa state,8.2502,7.19827,8.0,adm1_name
268638,NG-KO,2018,2,Kogi state,7.8545,6.9427,17.0,adm1_name
274665,NG-KO,2018,2,Kogi state,7.77095,7.0244,6.0,adm1_name
276864,NG-KO,2019,2,Kogi state,7.77095,7.0244,2.0,adm1_name
279828,NG-NA,2019,2,Nasarawa state,8.534337,7.463715,3.0,adm1_name
282157,NG-KO,2019,2,Kogi state,7.89635,7.06229,20.0,adm1_name
386154,NG-NA,2020,2,Nasarawa state,8.007046,7.187735,0.0,adm1_name
348453,NG-NA,2020,2,Nasarawa state,8.007046,7.187735,0.0,adm1_name
348588,NG-KO,2020,2,Kogi state,8.006982,6.858335,0.0,adm1_name
364791,NG-KO,2020,2,Kogi state,8.14607,6.85709,0.0,adm1_name
364790,NG-KO,2020,2,Kogi state,7.974767,6.862642,3.0,adm1_name
441068,NG-KO,2022,2,Kogi state,7.89635,7.06229,1.0,adm1_name
447681,NG-KO,2022,2,Kogi state,7.804488,6.975275,1.0,adm1_name
441069,NG-KO,2022,2,Kogi state,7.804488,6.975275,2.0,adm1_name
441061,NG-KO,2022,2,Kogi state,7.804488,6.975275,14.0,adm1_name
441423,NG-KO,2022,2,Kogi state,7.77095,7.0244,9.0,adm1_name
447675,NG-KO,2022,2,Kogi state,7.89635,7.06229,1.0,adm1_name
254114,NG-CR,2018,1,Cross River state,5.75,8.5,1.0,adm1_name
254250,NG-CR,2018,1,Cross River state,5.75,8.5,1.0,adm1_name
506759,NG-CR,2023,1,Cross River state,6.353849,9.342564,1.0,adm1_name
423265,NG-TA,2021,3,Taraba state,6.88333,9.75,5.0,adm1_name
438893,NG-CR,2022,3,Cross River state,6.116838,9.158942,10.0,adm1_name
506760,NG-CR,2023,3,Cross River state,6.353849,9.342564,1.0,adm1_name
280021,NG-TA,2018,2,Taraba state,9.308323,11.622752,3.0,adm1_name
280016,NG-TA,2018,2,Taraba state,9.119205,11.662503,4.0,adm1_name
280017,NG-TA,2018,2,Taraba state,9.243013,11.580856,4.0,adm1_name
280018,NG-TA,2018,2,Taraba state,9.272832,11.614813,3.0,adm1_name
280019,NG-TA,2018,2,Taraba state,9.299097,11.607844,3.0,adm1_name
280020,NG-AD,2018,2,Adamawa state,9.24235,11.68169,3.0,adm1_name
258799,NG-AD,2018,2,Adamawa state,9.24235,11.68169,2.0,adm1_name
259976,NG-TA,2018,2,Taraba state,9.18704,11.42011,51.0,adm1_name
259958,NG-TA,2018,2,Taraba state,8.82815,11.11067,6.0,adm1_name
260553,NG-TA,2018,2,Taraba state,9.230117,11.406404,4.0,adm1_name
254984,NG-EB,2018,2,Ebonyi state,6.33141,8.18912,3.0,adm1_name
402515,NG-BE,2021,2,Benue state,6.79934,8.00541,30.0,adm1_name
279162,NG-ZA,2018,3,Zamfara state,11.6,6.283333,13.0,adm1_name
279143,NG-ZA,2018,3,Zamfara state,11.6,6.283333,1.0,adm1_name
260497,NG-ZA,2018,3,Zamfara state,11.6,6.283333,21.0,adm1_name
279209,NG-ZA,2019,3,Zamfara state,12.16667,6.25,7.0,adm1_name
343016,NG-ZA,2020,3,Zamfara state,11.85244,6.93771,2.0,adm1_name
364782,NG-KT,2020,3,Katsina state,12.577308,7.434082,11.0,adm1_name
385840,NG-ZA,2021,3,Zamfara state,12.77787,6.24496,2.0,adm1_name
396668,NG-ZA,2021,3,Zamfara state,11.298123,6.493796,16.0,adm1_name
419752,NG-SO,2021,3,Sokoto state,13.458497,5.444053,11.0,adm1_name
423838,NG-ZA,2021,3,Zamfara state,11.875554,6.619844,3.0,adm1_name
428321,NG-ZA,2022,3,Zamfara state,12.287164,6.488343,7.0,adm1_name
428322,NG-ZA,2022,3,Zamfara state,12.595189,6.586347,4.0,adm1_name
555620,NG-KE,2024,3,Kebbi state,12.93967,4.62007,6.0,adm1_name
269135,NG-BE,2018,2,Benue state,7.333333,8.75,31.0,adm1_name
279169,NG-AD,2018,2,Adamawa state,9.5705,11.71792,3.0,adm1_name
346145,NG-AD,2020,2,Adamawa state,9.5705,11.71792,23.0,adm1_name
395731,NG-GO,2021,2,Gombe state,9.82549,11.69456,7.0,adm1_name
395732,NG-GO,2021,2,Gombe state,9.82549,11.69456,8.0,adm1_name
441416,NG-GO,2022,2,Gombe state,9.82549,11.69456,2.0,adm1_name
441444,NG-AD,2022,2,Adamawa state,9.655492,11.814432,4.0,adm1_name
441377,NG-AD,2022,2,Adamawa state,9.83643,12.00199,13.0,adm1_name
441365,NG-AD,2022,2,Adamawa state,9.5705,11.71792,13.0,adm1_name
441955,NG-AD,2022,2,Adamawa state,9.333333,12.5,16.0,adm1_name
269014,NG-KD,2018,2,Kaduna state,10.39646,7.71703,55.0,adm1_name
269094,NG-KD,2018,2,Kaduna state,10.52224,7.43828,26.0,adm1_name
284809,NG-BE,2019,2,Benue state,7.2896,9.5533,10.0,adm1_name
284804,NG-BE,2019,2,Benue state,7.24072,9.378472,6.0,adm1_name
286581,NG-BE,2019,2,Benue state,7.275659,9.41914,5.0,adm1_name
299722,NG-BE,2019,2,Benue state,7.30338,9.44384,4.0,adm1_name
299727,NG-BE,2019,2,Benue state,7.167895,9.28619,5.0,adm1_name
300792,NG-BE,2019,2,Benue state,7.2896,9.5533,7.0,adm1_name
329341,NG-BE,2019,2,Benue state,7.8677,8.0949,25.0,adm1_name
404886,NG-BE,2021,2,Benue state,7.87311,8.04485,9.0,adm1_name
338617,NG-TA,2020,2,Taraba state,9.18704,11.42011,25.0,adm1_name
386486,NG-TA,2020,2,Taraba state,7.49512,10.35977,0.0,adm1_name
386495,NG-TA,2020,2,Taraba state,7.59094,10.2133,0.0,adm1_name
386482,NG-TA,2020,2,Taraba state,7.60223,10.27864,2.0,adm1_name
343339,NG-TA,2020,2,Taraba state,7.59094,10.2133,3.0,adm1_name
343022,NG-TA,2020,2,Taraba state,8.15541,10.96853,8.0,adm1_name
343704,NG-TA,2020,2,Taraba state,7.49512,10.35977,2.0,adm1_name
346208,NG-TA,2020,2,Taraba state,8.15541,10.96853,4.0,adm1_name
346204,NG-TA,2020,2,Taraba state,7.732722,10.521912,5.0,adm1_name
386597,NG-TA,2020,2,Taraba state,7.71843,10.01882,1.0,adm1_name
359177,NG-TA,2020,2,Taraba state,7.49512,10.35977,0.0,adm1_name
518394,NG-TA,2024,2,Taraba state,7.49512,10.35977,7.0,adm1_name
343027,NG-AD,2020,2,Adamawa state,9.53333,11.68333,34.0,adm1_name
327265,NG-KD,2020,2,Kaduna state,9.78333,8.28333,0.0,adm1_name
385891,NG-KD,2020,2,Kaduna state,9.841,8.25491,0.0,adm1_name
348498,NG-KD,2020,2,Kaduna state,10.044564,8.012767,13.0,adm1_name
348499,NG-KD,2020,2,Kaduna state,9.841,8.25491,7.0,adm1_name
385863,NG-KD,2020,2,Kaduna state,9.839508,8.54525,1.0,adm1_name
385861,NG-KD,2020,2,Kaduna state,9.841,8.25491,1.0,adm1_name
385875,NG-KD,2020,2,Kaduna state,10.22988,8.294221,3.0,adm1_name
348520,NG-KD,2020,2,Kaduna state,9.605383,8.358134,23.0,adm1_name
348522,NG-KD,2020,2,Kaduna state,9.78333,8.28333,10.0,adm1_name
386044,NG-KD,2020,2,Kaduna state,9.85664,8.42173,7.0,adm1_name
386049,NG-KD,2020,2,Kaduna state,9.84333,8.4407,20.0,adm1_name
354175,NG-KD,2020,2,Kaduna state,9.931778,8.242611,2.0,adm1_name
359137,NG-KD,2020,2,Kaduna state,9.855613,8.458192,3.0,adm1_name
359173,NG-KD,2020,2,Kaduna state,9.841,8.25491,2.0,adm1_name
374567,NG-KD,2020,2,Kaduna state,9.841,8.25491,1.0,adm1_name
374568,NG-KD,2020,2,Kaduna state,9.841,8.25491,3.0,adm1_name
374546,NG-KD,2020,2,Kaduna state,9.78333,8.28333,7.0,adm1_name
374547,NG-KD,2020,2,Kaduna state,10.22988,8.294221,7.0,adm1_name
395694,NG-KD,2021,2,Kaduna state,9.841,8.25491,1.0,adm1_name
413978,NG-KD,2021,2,Kaduna state,9.841,8.25491,9.0,adm1_name
413979,NG-KD,2021,2,Kaduna state,9.841,8.25491,3.0,adm1_name
416940,NG-KD,2021,2,Kaduna state,9.841,8.25491,11.0,adm1_name
416941,NG-KD,2021,2,Kaduna state,9.841,8.25491,1.0,adm1_name
420041,NG-KD,2021,2,Kaduna state,9.712052,8.461496,4.0,adm1_name
422858,NG-KD,2021,2,Kaduna state,9.85664,8.42173,5.0,adm1_name
422861,NG-KD,2021,2,Kaduna state,9.841,8.25491,3.0,adm1_name
445040,NG-KD,2022,2,Kaduna state,9.841,8.25491,1.0,adm1_name
445041,NG-KD,2022,2,Kaduna state,9.702073,8.048501,1.0,adm1_name
427801,NG-KD,2022,2,Kaduna state,10.22988,8.294221,1.0,adm1_name
437709,NG-KD,2022,2,Kaduna state,9.855613,8.458192,0.0,adm1_name
469565,NG-KD,2023,2,Kaduna state,9.841,8.25491,17.0,adm1_name
499876,NG-KD,2023,2,Kaduna state,9.841,8.25491,10.0,adm1_name
474048,NG-KD,2023,2,Kaduna state,9.841,8.25491,8.0,adm1_name
499878,NG-KD,2023,2,Kaduna state,9.841,8.25491,33.0,adm1_name
494444,NG-KD,2023,2,Kaduna state,9.879078,8.376993,6.0,adm1_name
327132,NG-KD,2020,2,Kaduna state,9.61232,8.46992,0.0,adm1_name
434461,NG-KD,2022,2,Kaduna state,9.61232,8.46992,38.0,adm1_name
326757,NG-PL,2020,2,Plateau state,9.39052,9.17968,13.0,adm1_name
474465,NG-PL,2023,2,Plateau state,9.488041,9.025177,3.0,adm1_name
476458,NG-PL,2023,2,Plateau state,9.488041,9.025177,6.0,adm1_name
512699,NG-PL,2023,2,Plateau state,9.39052,9.17968,5.0,adm1_name
475708,NG-PL,2023,2,Plateau state,9.426541,9.098801,130.0,adm1_name
476466,NG-PL,2023,2,Plateau state,9.442896,9.212711,4.0,adm1_name
481172,NG-PL,2023,2,Plateau state,9.521941,9.097433,2.0,adm1_name
480950,NG-PL,2023,2,Plateau state,9.404285,9.123523,11.0,adm1_name
512717,NG-PL,2023,2,Plateau state,9.426541,9.098801,3.0,adm1_name
480962,NG-PL,2023,2,Plateau state,9.326586,9.156615,5.0,adm1_name
480977,NG-PL,2023,2,Plateau state,9.433531,9.267509,2.0,adm1_name
482492,NG-PL,2023,2,Plateau state,9.404285,9.123523,2.0,adm1_name
482495,NG-PL,2023,2,Plateau state,9.39052,9.17968,1.0,adm1_name
482569,NG-PL,2023,2,Plateau state,9.442896,9.212711,5.0,adm1_name
482630,NG-PL,2023,2,Plateau state,9.506792,9.10667,9.0,adm1_name
487697,NG-PL,2023,2,Plateau state,9.39052,9.17968,3.0,adm1_name
493054,NG-PL,2023,2,Plateau state,9.358574,9.115673,10.0,adm1_name
494446,NG-PL,2023,2,Plateau state,9.422445,9.226444,3.0,adm1_name
507641,NG-PL,2023,2,Plateau state,9.433531,9.267509,11.0,adm1_name
511476,NG-PL,2024,2,Plateau state,9.521941,9.097433,25.0,adm1_name
511471,NG-PL,2024,2,Plateau state,9.39052,9.17968,30.0,adm1_name
521268,NG-PL,2024,2,Plateau state,9.433531,9.267509,12.0,adm1_name
550530,NG-PL,2024,2,Plateau state,9.442896,9.212711,1.0,adm1_name
410299,NG-BE,2021,3,Benue state,7.02993,8.66037,31.0,adm1_name
414484,NG-BE,2021,3,Benue state,7.02993,8.66037,2.0,adm1_name
415917,NG-EB,2021,2,Ebonyi state,6.63105,8.05814,22.0,adm1_name
379954,NG-EB,2021,2,Ebonyi state,6.63105,8.05814,7.0,adm1_name
390095,NG-EB,2021,2,Ebonyi state,6.63105,8.05814,6.0,adm1_name
390927,NG-EB,2021,2,Ebonyi state,6.63105,8.05814,16.0,adm1_name
405019,NG-EB,2021,2,Ebonyi state,6.427141,7.835829,5.0,adm1_name
405027,NG-BE,2021,2,Benue state,6.79934,8.00541,5.0,adm1_name
436346,NG-EB,2022,2,Ebonyi state,6.25,8.08333,4.0,adm1_name
447801,NG-EB,2022,2,Ebonyi state,6.25,8.08333,4.0,adm1_name
447802,NG-EB,2022,2,Ebonyi state,6.25,8.08333,4.0,adm1_name
447803,NG-EB,2022,2,Ebonyi state,6.25,8.08333,6.0,adm1_name
447804,NG-EB,2022,2,Ebonyi state,6.25,8.08333,8.0,adm1_name
456864,NG-BE,2022,2,Benue state,6.762745,7.919667,30.0,adm1_name
521724,NG-EB,2024,2,Ebonyi state,6.675001,8.001389,11.0,adm1_name
526109,NG-EB,2024,2,Ebonyi state,6.63105,8.05814,2.0,adm1_name
560028,NG-BE,2024,2,Benue state,6.736797,7.94767,4.0,adm1_name
436631,NG-KD,2022,2,Kaduna state,9.816953,8.605257,25.0,adm1_name
474057,NG-TA,2023,2,Taraba state,8.80359,11.16707,11.0,adm1_name
474058,NG-TA,2023,2,Taraba state,7.0868,10.03811,11.0,adm1_name
474059,NG-TA,2023,2,Taraba state,7.41158,10.04478,10.0,adm1_name
482482,NG-TA,2023,2,Taraba state,7.41158,10.04478,3.0,adm1_name
498720,NG-TA,2023,2,Taraba state,7.173952,9.920081,3.0,adm1_name
489964,NG-TA,2023,2,Taraba state,7.41158,10.04478,3.0,adm1_name
502743,NG-TA,2023,2,Taraba state,7.0868,10.03811,10.0,adm1_name
475709,NG-TA,2023,2,Taraba state,9.2,10.883333,20.0,adm1_name
480978,NG-TA,2023,2,Taraba state,9.3,11.2,50.0,adm1_name
512176,NG-BE,2023,2,Benue state,7.514036,9.747292,3.0,adm1_name
502468,NG-BE,2023,2,Benue state,7.519329,9.747641,10.0,adm1_name
512175,NG-BE,2023,2,Benue state,7.519329,9.747641,7.0,adm1_name
502490,NG-BE,2023,2,Benue state,7.519329,9.747641,10.0,adm1_name
518147,NG-BE,2024,2,Benue state,7.646266,9.528889,45.0,adm1_name
513450,NG-PL,2023,2,Plateau state,9.54969,8.9344,50.0,adm1_name
513452,NG-PL,2023,2,Plateau state,9.22692,8.92677,148.0,adm1_name
514566,NG-ZA,2024,2,Zamfara state,12.135916,6.931838,40.0,adm1_name
518109,NG-ZA,2024,2,Zamfara state,12.81147,6.7938,40.0,adm1_name
518100,NG-ZA,2024,2,Zamfara state,12.81147,6.7938,40.0,adm1_name
538263,NG-BE,2024,3,Benue state,7.514036,9.747292,75.0,adm1_name
476627,NG-BE,2023,3,Benue state,7.167895,9.28619,25.0,adm1_name
482606,NG-BE,2023,3,Benue state,7.61443,9.59558,3.0,adm1_name
482605,NG-BE,2023,3,Benue state,7.629936,9.645133,15.0,adm1_name
482601,NG-BE,2023,3,Benue state,7.568584,9.783628,15.0,adm1_name
